encounter_id,version,image_avg,text_avg,sink_avg
ENC00002,v1,0.22700160998301427,0.11370123502966321,0.6592971575064738
ENC00003,v1,0.24148021351013865,0.7573241551717123,0.0011956296404865238
ENC00004,v1,0.2802781441807747,0.13928618989884853,0.5804356690247854
ENC00006,v1,0.29069726701293674,0.11747450098207518,0.5918282307997471
ENC00007,v1,0.2992747168574068,0.12955170347251826,0.5711735745271047
ENC00008,v1,0.20833614059161432,0.10109093663568544,0.6905729266086428
ENC00013,v1,0.26231968915968573,0.10446742401932771,0.6332128815493494
ENC00014,v1,0.20802424069825964,0.16914742589365728,0.622828335750221
ENC00017,v1,0.2326819546429849,0.16885729935928817,0.598460745520708
ENC00022,v1,0.2875918675214052,0.0945982193845945,0.6178099147975444
ENC00023,v1,0.2420661611957293,0.11296871256576303,0.6449651259417627
ENC00024,v1,0.18921451213268134,0.1928533242872128,0.6179321687955123
ENC00031,v1,0.21703310740058837,0.11946050016938345,0.6635063928754433
ENC00034,v1,0.3045581094380738,0.11417081962218104,0.5812710748202559
ENC00043,v1,0.213760781170028,0.14562557003937843,0.6406136500399288
ENC00052,v1,0.26188575103878975,0.119464798187837,0.6186494511365891
ENC00063,v1,0.24324353968395906,0.13508728909141876,0.6216691774480483
ENC00064,v1,0.2501610123732111,0.13211746184612838,0.6177215265077457
ENC00065,v1,0.23785900106967087,0.09918344848890706,0.6629575511606614
ENC00067,v1,0.23163463458673567,0.13585173214475313,0.6325136377261236
ENC00080,v1,0.2970528362149542,0.6995125006545674,0.003434661945820236
ENC00081,v1,0.22565021208103966,0.1286208053722101,0.6457289797418257
ENC00084,v1,0.277211177422375,0.7227888226997657,0
ENC00088,v1,0.2459976093737575,0.15584144656493412,0.5981609421532329
ENC00089,v1,0.26067996296015655,0.12423404332419688,0.6150859916752035
ENC00090,v1,0.2879216041544388,0.11361296676720183,0.5984654306680307
ENC00096,v1,0.26677178122379164,0.10254866940279801,0.6306795472348178
ENC00098,v1,0.21545564405442702,0.7845443558125269,0
ENC00103,v1,0.18723079081286084,0.12434517222202637,0.6884240359067917
ENC00106,v1,0.2676770860472551,0.13622540128059113,0.5960975170899661
ENC00111,v1,0.22441848770303782,0.1264089696152612,0.6491725427466769
ENC00113,v1,0,0.21328968067160425,0.7867103225606329
ENC00121,v1,0.23335167119263583,0.09853708941059616,0.6681112377052634
ENC00125,v1,0.24215019587427378,0.10404585258103907,0.6538039502501488
ENC00128,v1,0.2856392764676643,0.11279515882012664,0.6015655587437332
ENC00130,v1,0.22247155117664005,0.777528446499664,0
ENC00133,v1,0.31850048890885185,0.11252555353019167,0.5689739612972036
ENC00143,v1,0.24093246965085047,0.12809904853387152,0.6309684825650717
ENC00149,v1,0.24812068147094626,0.09639576572042546,0.6554835567348882
ENC00151,v1,0,0.31137414203315483,0.6886258662724104
ENC00159,v1,0.2031028549674721,0.12842068273485416,0.6684764616546177
ENC00162,v1,0.21654225717278291,0.11865539712165177,0.6648023476565841
ENC00164,v1,0.2361651838470537,0.12240478005976631,0.6414300383856664
ENC00167,v1,0.17472565472126006,0.12505286453912656,0.7002214848995209
ENC00170,v1,0.269931185990572,0.10470071017530792,0.6253681056042935
ENC00171,v1,0.2199980368888056,0.18401803358181104,0.5959839248979414
ENC00173,v1,0.23029421809680609,0.1668870440133068,0.6028187417862366
ENC00188,v1,0.20626385704936268,0.12650814401769192,0.6672279999077877
ENC00191,v1,0.294705909849317,0.09510741194848109,0.6101866872222336
ENC00192,v1,0.2307884135218554,0.16647466939202574,0.6027369185011516
ENC00193,v1,0.16012507982282753,0.13816263462719788,0.7017122934381645
ENC00202,v1,0.20759414803496626,0.126231832115716,0.6661740181057952
ENC00208,v1,0.21166208720412746,0.17253863033249803,0.6157992855570782
ENC00209,v1,0.2631659506864491,0.08940646408628376,0.6474275903569328
ENC00210,v1,0.20378785224424467,0.2037055387782554,0.592506601744228
ENC00214,v1,0,0.38713609576225283,0.6128638975322247
ENC00217,v1,0.24671116716721478,0.1473658069749089,0.6059230250470778
ENC00237,v1,0.25406308687077117,0.13124793081078678,0.6146889839034814
ENC00238,v1,0.24749169101962795,0.1302881221129716,0.6222201899274603
ENC00250,v1,0.2534261560688416,0.12586694484990504,0.6207068949937821
ENC00255,v1,0.25227788252675015,0.17361360373299406,0.5741085102376731
ENC00256,v1,0.2394738193901106,0.1937332444920622,0.5667929371883129
ENC00259,v1,0.27577577399856906,0.7242242261475208,0
ENC00260,v1,0.20893286413221218,0.12086655791682094,0.6702005723074301
ENC00263,v1,0.18818347419301668,0.18895194455981254,0.6228645873069764
ENC00264,v1,0.2223813405991355,0.15942114997136442,0.6181975108913228
ENC00267,v1,0.24867568923817837,0.111618604435695,0.639705708140836
ENC00270,v1,0.24501952772933833,0.07831879548111957,0.6766616777634956
ENC00271,v1,0.24240203849501438,0.1022878122591489,0.6553101472489469
ENC00272,v1,0.17746925972402094,0.18590556325390936,0.6366251790523529
ENC00275,v1,0.21525360010564326,0.15483992553449102,0.6299064700092588
ENC00289,v1,0.2235577655690057,0.14574108161919175,0.6307011513482956
ENC00291,v1,0.24894771526579734,0.1482852108583048,0.6027670835519766
ENC00292,v1,0.2209472255125432,0.15292953849363494,0.6261232323210004
ENC00294,v1,0.2913192360972365,0.09325768835066507,0.6154230741163095
ENC00296,v1,0.23053152546286582,0.12941542346030474,0.6400530555844307
ENC00298,v1,0.2508230268023908,0.1327724858885631,0.6164044834673404
ENC00304,v1,0.20714924552492678,0.15940538033961305,0.6334453736032758
ENC00306,v1,0.15412701902767786,0.20133554327946443,0.6445374332941496
ENC00310,v1,0.18968811628292315,0.16911567554052453,0.6411962071433663
ENC00319,v1,0.22644605451366967,0.15196587062544292,0.6215880744987063
ENC00323,v1,0.27658358954920853,0.10054100514389575,0.6228754091365584
ENC00326,v1,0.19663269566942235,0.1731819493544041,0.630185349255192
ENC00327,v1,0.21943137370049953,0.1533302929997444,0.6272383311390877
ENC00329,v1,0.2525822469521137,0.11631257157950174,0.6311051828520639
ENC00330,v1,0.24650889352363134,0.10536242545016908,0.6481286792882851
ENC00336,v1,0.2566989437429183,0.10678408074901875,0.6365169754268927
ENC00337,v1,0.2229680065470545,0.13214314548784625,0.644888852601466
ENC00341,v1,0.22174086679327995,0.1060324266969048,0.6722267035474169
ENC00344,v1,0.2106526113700035,0.14333241112356962,0.6460149784882864
ENC00349,v1,0.2377790056169033,0.17867662435663598,0.5835443671260562
ENC00358,v1,0,0.3455631466439137,0.6544368599469845
ENC00359,v1,0.27382687115006976,0.11862863463660081,0.6075444910261366
ENC00360,v1,0.2819949189587584,0.12471556322613978,0.593289519818324
ENC00362,v1,0.08228554260096557,0.23908717034473306,0.678627287702901
ENC00368,v1,0.2909800962317647,0.09165590016655331,0.61736399944373
ENC00372,v1,0.20980184273906502,0.1458649175039616,0.6443332426519279
ENC00376,v1,0.21226009886853303,0.129613940945909,0.6581259581107127
ENC00381,v1,0.23686819195159173,0.12749732239171863,0.6356344866125208
ENC00382,v1,0.29038558527827263,0.11326154945013316,0.5963528613033502
ENC00386,v1,0.26571442874578327,0.10658440834735163,0.6277011644381744
ENC00389,v1,0.2521631408097415,0.12870563896394324,0.6191312204832318
ENC00390,v1,0.25042811742141136,0.140104439748185,0.609467434599286
ENC00392,v1,0.2501193725637027,0.12032333552127793,0.629557291382835
ENC00393,v1,0.2280624758578458,0.10394495650652354,0.6679925645812083
ENC00402,v1,0.26609315692136687,0.11612343649903778,0.6177834092328945
ENC00403,v1,0.31136130165028314,0.6866224065262784,0.002016288697123728
ENC00405,v1,0.21071635900686184,0.1387826246726844,0.6505010202527046
ENC00413,v1,0.28437955502465545,0.11981176055339446,0.5958086823124483
ENC00414,v1,0.2045050401971719,0.16279257322165452,0.6327023896101479
ENC00418,v1,0.24558889281390042,0.11645157214511058,0.6379595373211235
ENC00419,v1,0.2003548749118716,0.16357213958770364,0.6360729788685893
ENC00424,v1,0.24965939484536648,0.750340604947673,0
ENC00428,v1,0.15391772852132196,0.14631020244407025,0.6997720687012924
ENC00432,v1,0.2526122977787798,0.744689880176024,0.0026978237623221835
ENC00433,v1,0.23329295136711814,0.15444089846516199,0.6122661449692466
ENC00435,v1,0,0.4361644640113368,0.5638355386979652
ENC00436,v1,0.2570900090416021,0.13466742611195467,0.6082425611683085
ENC00441,v1,0.23708894059938543,0.12995051052577855,0.632960542911241
ENC00443,v1,0.26163032309462625,0.13861245314021492,0.5997572226656808
ENC00444,v1,0.21256474044286844,0.12194692600763055,0.6654883307037931
ENC00451,v1,0.24835137984195313,0.16737283804973999,0.584275787526911
ENC00453,v1,0.20113722779960544,0.16149849929260435,0.6373642790648673
ENC00456,v1,0.2058188013391557,0.16259070506526363,0.6315904988182915
ENC00457,v1,0.2557977232517618,0.13271572663815637,0.6114865565540815
ENC00459,v1,0.22853902050452987,0.13027030613455104,0.6411906731564824
ENC00461,v1,0.23349901478664548,0.0979775385748522,0.6685234410505668
ENC00444,v1,0.21256474044286844,0.12194692600763055,0.6654883307037931
ENC00449,v1,0.28489061809845806,0.7119387124002594,0.0031706728677255744
ENC00451,v1,0.24835137984195313,0.16737283804973999,0.584275787526911
ENC00453,v1,0.20113722779960544,0.16149849929260435,0.6373642790648673
ENC00456,v1,0.2058188013391557,0.16259070506526363,0.6315904988182915
ENC00457,v1,0.2557977232517618,0.13271572663815637,0.6114865565540815
ENC00459,v1,0.22853902050452987,0.13027030613455104,0.6411906731564824
ENC00461,v1,0.23349901478664548,0.0979775385748522,0.6685234410505668
ENC00462,v1,0.21226088239839583,0.13974211216349192,0.6479970063223983
ENC00463,v1,0.27146088015074016,0.7271527257458917,0.0013863960651586491
ENC00464,v1,0.2323407976368031,0.17970865752015794,0.5879505342477328
ENC00465,v1,0.2802651579733248,0.13098356765867383,0.5887512730227576
ENC00469,v1,0.2625061377713626,0.11783227952070195,0.6196615851738236
ENC00471,v1,0.24183288777265885,0.15399990601446292,0.6041672034095033
ENC00474,v1,0.23724572015695336,0.11308523184188819,0.6496690464906456
ENC00475,v1,0.21178406722222765,0.12862291559576988,0.6595930226147175
ENC00477,v1,0.22701669521365606,0.12583634779121436,0.6471469556608944
ENC00478,v1,0.27578205002678763,0.10726965102884504,0.6169483009311888
ENC00479,v1,0.2594805184947817,0.12339119850412796,0.6171282790209117
ENC00482,v1,0.2841914811482032,0.08165977261678288,0.6341487444711454
ENC00489,v1,0.281247373369306,0.0959345745863487,0.6228180494573381
ENC00490,v1,0.21072902355311263,0.1141929542247811,0.6750780165704906
ENC00492,v1,0.2779187058122494,0.722081292516146,0
ENC00511,v1,0.2727052562941725,0.11709734407038642,0.6101973939400452
ENC00513,v1,0.2695203744448148,0.13115158200096816,0.599328046425795
ENC00519,v1,0.28095259341710016,0.10657051195970403,0.6124768957214536
ENC00524,v1,0.28796483819069485,0.10085269346247229,0.6111824663167589
ENC00529,v1,0.25663939027322663,0.14469244659153951,0.5986681630214056
ENC00538,v1,0.27468688011169434,0.725313127040863,0
ENC00543,v1,0.21211535733156991,0.14884125444929577,0.6390433867000839
ENC00548,v1,0.23669353184306016,0.127566803183596,0.6357396638999551
ENC00550,v1,0.2189932173443219,0.14447429455895588,0.6365324878503406
ENC00559,v1,0.2064299044265811,0.1479220169795943,0.6456480805895158
ENC00562,v1,0.2801522976542647,0.12329884829956132,0.5965488557074521
ENC00563,v1,0.2292411092555884,0.11452863746407357,0.6562302534026329
ENC00571,v1,0.25176784130079405,0.11636200220146704,0.6318701562427339
ENC00573,v1,0.2810122548824265,0.10108433139643498,0.6179034088339125
ENC00575,v1,0.27874287275167614,0.11196381449460602,0.6092933148909838
ENC00577,v1,0.3065769640849002,0.10168042240454064,0.5917426210737997
ENC00580,v1,0.23786291123558118,0.7621370829561706,0
ENC00581,v1,0.27890840507667475,0.1053664915997422,0.615725103351805
ENC00587,v1,0.22808766529748314,0.12806734772104966,0.6438449834522448
ENC00590,v1,0.24983263415725607,0.11194627616358431,0.6382210882086503
ENC00591,v1,0.21336477174602372,0.12320996327043483,0.6634252682478741
ENC00592,v1,0.2518187579292579,0.0756775423565617,0.6725037051927323
ENC00596,v1,0.211539062846424,0.15665663071536928,0.6318042988615825
ENC00598,v1,0.32664756290614605,0.0975167863229713,0.5758356550200419
ENC00600,v1,0.19781111710165677,0.16057684876416858,0.6416120384868823
ENC00606,v1,0.21699933749106196,0.10412459476954407,0.6788760668701596
ENC00608,v1,0.29963307034062303,0.07581854368006621,0.6245483831650969
ENC00620,v1,0.22924637520669872,0.14805555127911332,0.622698074986792
ENC00631,v1,0.2526105403610804,0.7473894571795047,0
ENC00637,v1,0.2366360220853444,0.13079991371749522,0.6325640632556035
ENC00640,v1,0.19965568966254954,0.17218290610102618,0.6281614092791953
ENC00643,v1,0.22123206126512868,0.17239931648099185,0.606368623747684
ENC00657,v1,0.2522804105778535,0.14276457851131757,0.6049550092220306
ENC00661,v1,0.23355794584280568,0.1603261977826294,0.606115857864681
ENC00665,v1,0.2763483333401382,0.1447022694395855,0.5789493974298239
ENC00667,v1,0.2755541422211372,0.7219229950024201,0.0025228601165885644
ENC00671,v1,0.15068982977639225,0.21622848186422797,0.6330816812375013
ENC00694,v1,0.24957994842431047,0.750420046376658,0
ENC00696,v1,0.211617128513122,0.1408097460566057,0.6475731265746941
ENC00697,v1,0.16713943214792953,0.21785253291263393,0.6150080353805893
ENC00711,v1,0.23196653961477912,0.14387222064439864,0.6241612408091041
ENC00717,v1,0.2422959100721138,0.11494072915853135,0.6427633586738791
ENC00720,v1,0.24661752567449702,0.7533824700343458,0
ENC00721,v1,0.23068069480359554,0.16586618547444232,0.603453119751066
ENC00727,v1,0.16970441363593367,0.1511632218620086,0.6791323651658728
ENC00729,v1,0.24375089608992523,0.15158432586870801,0.6046647759011159
ENC00730,v1,0.272135295530903,0.7278647021712544,0
ENC00734,v1,0.16705076270845048,0.17552536195360643,0.6574238753596018
ENC00744,v1,0.17957971215750393,0.19067648837991644,0.6297437906934974
ENC00747,v1,0.2994699381368676,0.09804803436410796,0.6024820251563161
ENC00748,v1,0.2792496558321618,0.11542645075369155,0.6053238942705351
ENC00749,v1,0.2737215746143093,0.7262784209969926,0
ENC00752,v1,0.24627495677593877,0.16355315645170562,0.5901718867175719
ENC00753,v1,0.27339082043413276,0.12433481819231759,0.6022743569625603
ENC00757,v1,0.24190203666687013,0.14725638456642628,0.6108415802319844
ENC00759,v1,0.2854979982293105,0.1181052289667386,0.596396773676329
ENC00762,v1,0.20400543390946874,0.10812684422422011,0.687867722773956
ENC00765,v1,0.10038472475834946,0.15968430673946504,0.7399309640345366
ENC00771,v1,0.21083324088707683,0.1488313987909809,0.6403353592072885
ENC00772,v1,0.29433767741376704,0.08832047602415762,0.6173418378288096
ENC00778,v1,0.27175764137343184,0.7282423552584975,0
ENC00787,v1,0.2018254478049429,0.1449300544690105,0.6532444984098024
ENC00788,v1,0.2597993011681401,0.11007318505066999,0.6301275187609147
ENC00792,v1,0.23443723050877452,0.15130990170615,0.6142528756625123
ENC00797,v1,0.21689070019329715,0.171092717621762,0.6120165848833883
ENC00801,v1,0,0.23918036868174872,0.7608196278950116
ENC00802,v1,0.297602503831628,0.12171234083185091,0.5806851586963557
ENC00807,v1,0,0.37648141011595726,0.6235185861587524
ENC00808,v1,0.2881460852257096,0.7118539110858841,0
ENC00812,v1,0.23622102920825666,0.1287515796810532,0.6350273882540373
ENC00813,v1,0.2771502973046154,0.11975278813042678,0.6030969141672055
ENC00815,v1,0.2269490768130009,0.145140120780075,0.6279108046175359
ENC00830,v1,0.23853651302702286,0.7614634913556716,0
ENC00832,v1,0,0.3806766390800476,0.6193233631551266
ENC00838,v1,0.3362588833321582,0.11113080079411412,0.5526103131718688
ENC00845,v1,0.20717333346281364,0.15748944704461357,0.6353372209098028
ENC00848,v1,0.281379291139867,0.1135382792386024,0.6050824325369752
ENC00849,v1,0.2558179295932253,0.13984265672560367,0.6043394125170178
ENC00002,v2,0.2147740539908409,0.12588224947452545,0.6593436956405639
ENC00003,v2,0.24273533889591092,0.12428128927231136,0.6329833663473226
ENC00004,v2,0.247993333786726,0.16744599441687266,0.5845606692632039
ENC00006,v2,0.2574674547701092,0.15850077477375885,0.584031771172534
ENC00007,v2,0.2553212856988848,0.17278640167672693,0.5718923097039447
ENC00008,v2,0.21036423176017582,0.10194728407276492,0.6876884836416978
ENC00013,v2,0.2317668897388824,0.11954960222195449,0.6486835053254818
ENC00014,v2,0.19325465039865483,0.19055570365445126,0.6161896421492679
ENC00017,v2,0.22286486204551614,0.16404537810012698,0.6130897561493127
ENC00022,v2,0.25324111587520853,0.10218035919702988,0.6445785289380088
ENC00023,v2,0.24113906171135227,0.12333307750146798,0.6355278579273609
ENC00024,v2,0.18274887991803032,0.1981940394533532,0.6190570852586201
ENC00031,v2,0.1956564018591529,0.14186417767112808,0.6624794212125596
ENC00034,v2,0.26111241900003873,0.13713083383269034,0.6017567492448367
ENC00043,v2,0.1903032249561986,0.15447165982379596,0.6552251127301431
ENC00052,v2,0.2551891540167152,0.11011502594857286,0.6346958212314113
ENC00063,v2,0.23887981488070356,0.12514450631762317,0.635975679946602
ENC00064,v2,0.25111277992123954,0.1584568464675465,0.5904303703222189
ENC00065,v2,0.2469623727351427,0.13525960153900088,0.6177780324220657
ENC00067,v2,0.19745579639619046,0.19926460080526093,0.6032795995473862
ENC00080,v2,0.25516393621762595,0.7416100676854451,0.003225995842561436
ENC00081,v2,0.20995447497814893,0.13538325268775225,0.6546622699499131
ENC00084,v2,0.2601363303423938,0.1277028331217372,0.6121608367410757
ENC00088,v2,0.24713033604986814,0.1482923905726294,0.6045772743468382
ENC00089,v2,0.243140418386581,0.15492553256300032,0.6019340492024714
ENC00090,v2,0.28103606386677077,0.11501666108834678,0.6039472724432531
ENC00096,v2,0.24876393638189556,0.1061098534270253,0.6451262108330588
ENC00098,v2,0.20780306318892708,0.20172885932688472,0.5904680713068081
ENC00103,v2,0.17782181179990955,0.17254019608976795,0.6496379939364452
ENC00106,v2,0.22806300534332385,0.13819511288196826,0.6337418754081257
ENC00111,v2,0.19306338813017915,0.15160182472548367,0.6553347909156187
ENC00113,v2,0.0,0.3298570029437542,0.6701429997171674
ENC00121,v2,0.21374511460049284,0.12682700486577772,0.6594278765497384
ENC00125,v2,0.24264369398917793,0.10909166730026591,0.6482646380955318
ENC00128,v2,0.26858963707790656,0.13978715611293036,0.5916232035440557
ENC00130,v2,0.2291836604312226,0.14399922718959196,0.6268171075281206
ENC00133,v2,0.2761916856698949,0.12147401053265765,0.6023343043594525
ENC00143,v2,0.2329877007147695,0.1322768401657032,0.6347354597006089
ENC00149,v2,0.2448101190563578,0.09970170496783864,0.6554881778474038
ENC00151,v2,0.0,0.3218202830507205,0.6781797152299147
ENC00159,v2,0.19364079691726585,0.1387606581094964,0.6675985421257458
ENC00162,v2,0.21500396506704447,0.12343590064614102,0.6615601311658175
ENC00164,v2,0.19389091994470128,0.129926341236569,0.6761827385769441
ENC00167,v2,0.17381437913871106,0.1506983840401158,0.6754872412593277
ENC00170,v2,0.23677993472665548,0.13912550772268636,0.6240945595006148
ENC00171,v2,0.2039960348357757,0.15190038139310977,0.6441035908957322
ENC00173,v2,0.2054961577344399,0.17560849585928595,0.6188953501673845
ENC00188,v2,0.1877288727251732,0.15598297686032628,0.6562881537753603
ENC00191,v2,0.2918398850842526,0.10600437069997976,0.6021557393826936
ENC00192,v2,0.20419724932050004,0.21011249770355575,0.5856902555507773
ENC00193,v2,0.15563516806305192,0.1511007642350447,0.6932640690126537
ENC00202,v2,0.1995572749680529,0.1262254711279335,0.674217252060771
ENC00208,v2,0.1933255257846957,0.17988828289195558,0.6267861998216673
ENC00209,v2,0.24703879405278711,0.09208045273844619,0.6608807496726513
ENC00210,v2,0.19643223695456982,0.21198946045090755,0.591578303111924
ENC00214,v2,0.0,0.3428814060102075,0.6571185992935956
ENC00217,v2,0.22440028558859879,0.18182554134520992,0.5937741758494541
ENC00237,v2,0.24557944974106438,0.1381470041068376,0.6162735504924126
ENC00238,v2,0.24228216500221927,0.14055139478296041,0.6171664399436757
ENC00250,v2,0.2162097802743165,0.15019964338327296,0.6335905751194617
ENC00255,v2,0.2109530836719425,0.18536358217106147,0.6036833294299471
ENC00256,v2,0.22773755732469442,0.20571875753926067,0.5665436881344493
ENC00259,v2,0.25437318898585376,0.7448295114599929,0.0007972898821598002
ENC00260,v2,0.1944436351298739,0.13962449950225855,0.6659318624286477
ENC00263,v2,0.17689696933781163,0.18676947923691084,0.6363335512997059
ENC00264,v2,0.20342340077064475,0.16224788462895215,0.6343287177840058
ENC00267,v2,0.24641116708517075,0.12414792243529249,0.6294409135977427
ENC00270,v2,0.23649120873638563,0.09035322950886829,0.6731555670499801
ENC00271,v2,0.2366710687962781,0.11675088018574546,0.6465780529300723
ENC00272,v2,0.17335058047690174,0.18711712937802077,0.6395322910764001
ENC00275,v2,0.18991328825188034,0.18376425713958108,0.6263224570190206
ENC00289,v2,0.20747027063572948,0.18894775232977487,0.6035819747908548
ENC00291,v2,0.23818467031898244,0.14395500740335723,0.6178603241486209
ENC00292,v2,0.19634657798380387,0.1779918278703784,0.6256616046515907
ENC00294,v2,0.26846469647505067,0.1115057037931613,0.6200296041640369
ENC00296,v2,0.2352878926055772,0.1225447800986114,0.6421673300720396
ENC00298,v2,0.2274141602218151,0.1655396203743294,0.6070462107658386
ENC00304,v2,0.20430645509295062,0.1524757126372465,0.6432178320599274
ENC00306,v2,0.11632850954493323,0.19066561142412516,0.6930058768817356
ENC00310,v2,0.18122366090704287,0.17693900059176876,0.6418373361229897
ENC00319,v2,0.2355333118175622,0.1251810886169551,0.6392856047023088
ENC00323,v2,0.26548835396099446,0.10627273195631691,0.6282389150626624
ENC00326,v2,0.16377109762879066,0.2037646186158613,0.632464282306624
ENC00327,v2,0.21666776696285167,0.12996860339560293,0.6533636340311357
ENC00329,v2,0.22646334851160646,0.1263150992958496,0.6472215548157692
ENC00330,v2,0.23701868527813963,0.13666253289894054,0.6263187875873164
ENC00336,v2,0.2632189749274403,0.1139143998734653,0.6228666276271854
ENC00337,v2,0.22693485459164967,0.11284663877819502,0.6602185063418888
ENC00341,v2,0.19540573562247843,0.140598455809434,0.6639958091928989
ENC00344,v2,0.2267352259334396,0.1718202570051539,0.6014445166961819
ENC00349,v2,0.21477589932711502,0.18769771137617922,0.5975263879487389
ENC00358,v2,0.0,0.33173193361448206,0.6682680707046951
ENC00359,v2,0.26760825432009167,0.13887963897238176,0.593512103623814
ENC00360,v2,0.2753071602509946,0.14031881533030952,0.5843740209024779
ENC00362,v2,0.07023159011614398,0.22013710802263123,0.7096312993158729
ENC00368,v2,0.26096088420443175,0.12346422708272434,0.6155748905754891
ENC00372,v2,0.18947612270712852,0.16881218338385223,0.6417116871476174
ENC00376,v2,0.19410335622638106,0.14892841780176722,0.6569682302245174
ENC00381,v2,0.22330518947759023,0.13362385218109316,0.643070957933863
ENC00382,v2,0.2757676345737357,0.12480662970950729,0.5994257352854077
ENC00386,v2,0.24265954903555367,0.13220340625892552,0.6251370417621901
ENC00389,v2,0.22117628389542257,0.13455429918414682,0.6442694185523812
ENC00390,v2,0.22840144957105318,0.1506057325218405,0.6209928149268741
ENC00392,v2,0.23990051906842452,0.14669199521233747,0.6134074880526617
ENC00393,v2,0.2046391094985761,0.1307995881983324,0.6645612973915903
ENC00402,v2,0.2545961654033717,0.11715430891742622,0.6282495271971845
ENC00403,v2,0.27147046261534247,0.10607463239509728,0.6224549044038832
ENC00405,v2,0.19579265824028555,0.13622750024105074,0.6679798419238957
ENC00413,v2,0.2396590838561187,0.15569413954241051,0.6046467697298205
ENC00414,v2,0.21192593976728996,0.13065440586562885,0.6574196507365017
ENC00418,v2,0.24976372856219284,0.10486614543822456,0.6453701306561954
ENC00419,v2,0.18255877454417296,0.20171881233712277,0.6157224099320101
ENC00424,v2,0.23439367006131268,0.10862543165615392,0.6569808926604209
ENC00428,v2,0.1528305683332758,0.17683920674981216,0.670330224893032
ENC00432,v2,0.25808070026404034,0.12692959287690114,0.6149897039991564
ENC00433,v2,0.23200678193539964,0.16939208126973873,0.5986011361374575
ENC00435,v2,0.0,0.38708991609340493,0.6129100773223611
ENC00436,v2,0.24228253495994578,0.13544613211886602,0.6222713308387928
ENC00441,v2,0.22859871496671233,0.14391956295304256,0.6274817208277768
ENC00443,v2,0.24634830791452159,0.17389679980808742,0.579754891052638
ENC00444,v2,0.21386604931676526,0.1587576542220924,0.6273762991373566
ENC00451,v2,0.2337371718357591,0.18180510833421173,0.584457717222326
ENC00453,v2,0.1801486586893562,0.15047531781622964,0.6693760274100478
ENC00456,v2,0.19418844653645884,0.1645199178365638,0.6412916304291906
ENC00457,v2,0.23219204771874555,0.12329803314754989,0.6445099148732513
ENC00459,v2,0.22105566484899056,0.1389860722304481,0.6399582638973143
ENC00461,v2,0.23948119866444653,0.09256841297632545,0.6679503816859167
ENC00444,v2,0.21386604931676526,0.1587576542220924,0.6273762991373566
ENC00449,v2,0.2720045778900385,0.11681451133918017,0.6111809119582177
ENC00451,v2,0.2337371718357591,0.18180510833421173,0.584457717222326
ENC00453,v2,0.1801486586893562,0.15047531781622964,0.6693760274100478
ENC00456,v2,0.19418844653645884,0.1645199178365638,0.6412916304291906
ENC00457,v2,0.23219204771874555,0.12329803314754989,0.6445099148732513
ENC00459,v2,0.22105566484899056,0.1389860722304481,0.6399582638973143
ENC00461,v2,0.23948119866444653,0.09256841297632545,0.6679503816859167
ENC00462,v2,0.20176548908392972,0.14847267625065377,0.6497618335370834
ENC00463,v2,0.2554467956762056,0.12126666146355707,0.6232865385644071
ENC00464,v2,0.2204796014377823,0.19639588379627698,0.5831245183944702
ENC00465,v2,0.26715346070814805,0.1279590703142842,0.6048874708841432
ENC00469,v2,0.2642352100353218,0.1187415762433728,0.6170232171572528
ENC00471,v2,0.23453118523011113,0.15290632111822614,0.6125624867359011
ENC00474,v2,0.2168828621506691,0.14050852675158698,0.6426086057950785
ENC00475,v2,0.19398002514799872,0.14293582984092798,0.663084151653143
ENC00477,v2,0.22142541351994233,0.15833273468472595,0.6202418548720223
ENC00478,v2,0.2335440626137712,0.14521806505037826,0.6212378680036309
ENC00479,v2,0.2421617194933375,0.14201496480052003,0.6158233171271295
ENC00482,v2,0.26834521109633375,0.10720324897997532,0.6244515392816428
ENC00489,v2,0.24620265705567418,0.12527096622407136,0.6285263751492356
ENC00490,v2,0.19358497333526611,0.12796663884818554,0.6784483914375306
ENC00492,v2,0.2716557444895015,0.7283442574388841,0.0
ENC00511,v2,0.26153346226245416,0.12091420161216951,0.6175523440377051
ENC00513,v2,0.24162610345567115,0.1315688120455227,0.626805080006821
ENC00519,v2,0.2728365206947693,0.12134673786707796,0.6058167471335485
ENC00524,v2,0.22339373736918627,0.14013211243878027,0.6364741551352071
ENC00529,v2,0.21534196483129162,0.12482164506563696,0.6598363874827401
ENC00538,v2,0.27198846285280426,0.1374354517626527,0.5905760891343418
ENC00543,v2,0.20473083422592517,0.16967485811603203,0.6255943108810468
ENC00548,v2,0.2167927866127897,0.16917905752408377,0.6140281561207264
ENC00550,v2,0.1969133536116435,0.1746236958899177,0.6284629445809584
ENC00559,v2,0.20929678208552874,0.14373231653410654,0.6469709002054654
ENC00562,v2,0.2347810235330645,0.12482726052688549,0.6403917168476143
ENC00563,v2,0.22084532495312117,0.12982284163849223,0.6493318345811632
ENC00571,v2,0.2407125553914479,0.1546521249626364,0.6046353165592466
ENC00573,v2,0.2434615407139063,0.14038815144449474,0.6161503050476312
ENC00575,v2,0.24477075040340424,0.14429416887175578,0.6109350828024057
ENC00577,v2,0.27799762310707465,0.1183499232824661,0.6036524537917787
ENC00580,v2,0.21766611105378936,0.1364513048573452,0.6458825917804942
ENC00581,v2,0.2649438060685858,0.11269323958235013,0.6223629543910155
ENC00587,v2,0.21049718980519277,0.1528335997729369,0.6366692103867261
ENC00590,v2,0.233535499467204,0.1431910160657329,0.623273480994006
ENC00591,v2,0.2185765269678086,0.12004744605759957,0.6613760231328862
ENC00592,v2,0.2527486004081427,0.09889085331529963,0.6483605492348764
ENC00596,v2,0.20562006081144016,0.1578521073050797,0.63652783036232
ENC00598,v2,0.2984985292536541,0.10901496377637954,0.5924865045015094
ENC00600,v2,0.1553171564398023,0.1466427034465596,0.6980401333421469
ENC00606,v2,0.20985503799536012,0.10763670287218753,0.6825082589696337
ENC00608,v2,0.2742794026931127,0.11968732768048843,0.6060332688192527
ENC00620,v2,0.22136036081223928,0.15426759165124732,0.6243720477869531
ENC00631,v2,0.2516488635705577,0.13638094050326832,0.6119701983752074
ENC00637,v2,0.20103775104507804,0.15408354123461654,0.6448787132447417
ENC00640,v2,0.1909664236009121,0.18569634457150203,0.6233372386921657
ENC00643,v2,0.21124723488555372,0.17909752599243978,0.6096552390496708
ENC00657,v2,0.24980367007462875,0.1405041976477546,0.6096921336391697
ENC00661,v2,0.2226634247889442,0.1526687399794658,0.6246678310055886
ENC00665,v2,0.2486117035150528,0.18541127409881505,0.5659770316038376
ENC00667,v2,0.2632847967109195,0.10989655605172394,0.6268186483670164
ENC00671,v2,0.1359084531119684,0.2327746937005985,0.6313168519153828
ENC00694,v2,0.2246608745400645,0.13466176813264855,0.6406773561690035
ENC00696,v2,0.18325312271393757,0.18261209723129068,0.6341347764897091
ENC00697,v2,0.19036076164671353,0.16689118229180247,0.6427480588247488
ENC00711,v2,0.2115594889037311,0.14288460626266897,0.6455559004098177
ENC00717,v2,0.23483354580711643,0.12917399464421114,0.6359924614991782
ENC00720,v2,0.24031123078682207,0.12511270222338763,0.6345760648900812
ENC00721,v2,0.21173963410889401,0.1832865809693056,0.6049737835631651
ENC00727,v2,0.16449883700731924,0.16453464089107572,0.6709665229507521
ENC00729,v2,0.22588437555564775,0.1867803862111436,0.5873352385229534
ENC00730,v2,0.2662954231103261,0.12907222611154767,0.6046323501977368
ENC00734,v2,0.14851882705284702,0.19029661586448068,0.6611845589453175
ENC00744,v2,0.2022119367457166,0.18044155602324374,0.6173465036007822
ENC00747,v2,0.2875346341992126,0.10557406165582292,0.60689130571543
ENC00748,v2,0.2670586436662985,0.11120530273765325,0.6217360537985097
ENC00749,v2,0.27811476331696194,0.10689693233349694,0.6149883070644343
ENC00752,v2,0.2468419020788537,0.156205665320158,0.5969524287515217
ENC00753,v2,0.2598830772829907,0.1330355733290923,0.6070813524479769
ENC00757,v2,0.2433928492013365,0.15534130750456826,0.6012658424675464
ENC00759,v2,0.2751916904426828,0.13180150709386113,0.5930068025106117
ENC00762,v2,0.2035985491791014,0.14602160163350025,0.650379847419464
ENC00765,v2,0.08835518173325588,0.16470239046303664,0.7469424272284788
ENC00771,v2,0.20496145308317754,0.1485912318110166,0.6464473191123681
ENC00772,v2,0.2826931746676564,0.11615333319752522,0.6011534929275513
ENC00778,v2,0.24757548224713122,0.1601386433733361,0.5922858757632119
ENC00787,v2,0.19823615135891096,0.13580142719050248,0.6659624250162215
ENC00788,v2,0.22426725426339544,0.12687364846351556,0.6488591018132865
ENC00792,v2,0.217929135727626,0.13585596156096266,0.6462148975941443
ENC00797,v2,0.21888487818837166,0.17009061717242002,0.6110244994163513
ENC00801,v2,0.0,0.22635324422340347,0.7736467541951053
ENC00802,v2,0.26991079064066875,0.1367097920786167,0.5933794182600435
ENC00807,v2,0.0,0.3538068526602806,0.6461931467056274
ENC00808,v2,0.2789608969722154,0.718473844651906,0.0025652629257545516
ENC00812,v2,0.23160117026418447,0.13833812986894584,0.6300606996967242
ENC00813,v2,0.2612363034415813,0.15107916306615585,0.5876845288134757
ENC00815,v2,0.21425339351925585,0.1701316237863567,0.6156149764855703
ENC00830,v2,0.24231710642868398,0.1432845957540706,0.614398300355556
ENC00832,v2,0.0,0.34030258961554083,0.659697415041072
ENC00838,v2,0.3072558682540367,0.1038439037470982,0.5889002274850319
ENC00845,v2,0.19630411287095953,0.16724502612301645,0.6364508597774708
ENC00848,v2,0.2684205950985492,0.14453378642423892,0.5870456187657906
ENC00849,v2,0.21473447667129003,0.17337500288693317,0.6118905206224812
ENC00002,v3,0.1590411388399926,0.19148311510851437,0.6494757470759478
ENC00003,v3,0.21913094366626704,0.1400847898946856,0.6407842644873787
ENC00004,v3,0.1778186447918415,0.20028901281101363,0.6218923466546195
ENC00006,v3,0.20328048635751772,0.21367138391758642,0.5830481347874699
ENC00007,v3,0.257617668392732,0.16245167525773196,0.5799306597291809
ENC00008,v3,0.18703191597195504,0.17318806433778944,0.6397800214082292
ENC00013,v3,0.18192286078507702,0.20345051847398282,0.6146266194681327
ENC00014,v3,0.16480359411615086,0.22641882661172724,0.6087775795947848
ENC00017,v3,0.18790591520297786,0.21884332609403392,0.5932507544108059
ENC00022,v3,0.24252774380147457,0.16620078196865506,0.5912714714650065
ENC00023,v3,0.1797614343520394,0.17765111123960942,0.6425874520065193
ENC00024,v3,0.12872117889466986,0.21611403982187138,0.6551647823432396
ENC00031,v3,0.18471384647933917,0.16919648553105607,0.6460896689316322
ENC00034,v3,0.22464762202330998,0.16962741032339534,0.6057249756602497
ENC00043,v3,0.14291513208733048,0.2063024339027876,0.6507824354393538
ENC00052,v3,0.19035315284597093,0.1753131719611463,0.6343336786891594
ENC00063,v3,0.14848894207570396,0.22229876454736366,0.6292122971327578
ENC00064,v3,0.2084046329546254,0.1749790925241541,0.616616272367537
ENC00065,v3,0.1877410839498043,0.18331128429621457,0.6289476305246353
ENC00067,v3,0.15344410907841266,0.20240938855349122,0.6441465017938972
ENC00080,v3,0.22369448472688228,0.18165078050928352,0.5946547289689382
ENC00081,v3,0.17915427876082626,0.1855049880708123,0.6353407322286485
ENC00084,v3,0.20286679570388078,0.1658811087867147,0.6312521005931654
ENC00088,v3,0.21762031916375846,0.1828458838751667,0.5995337922279149
ENC00089,v3,0.24935681237999735,0.1537690300751349,0.5968741638393238
ENC00090,v3,0.24306994097100365,0.16541896113711926,0.591511096391413
ENC00096,v3,0.18101153756349775,0.15817182728926005,0.6608166358733581
ENC00098,v3,0.17655462628663188,0.26128125262230334,0.562164121504986
ENC00103,v3,0.1303251841957243,0.2167250428062219,0.652949773093574
ENC00106,v3,0.19497869363916454,0.18113806935499854,0.623883237589651
ENC00111,v3,0.14682649746537207,0.29178834996289676,0.5613851514127519
ENC00113,v3,0.0,0.24209362736696172,0.7579063771085607
ENC00121,v3,0.1710347471013665,0.21385959936305882,0.6151056483387947
ENC00125,v3,0.20220299526339486,0.15323689894839412,0.6445601139749799
ENC00128,v3,0.22790988200044227,0.17420433616360365,0.5978857854665336
ENC00130,v3,0.1573895961874061,0.2493475300570329,0.5932628704441918
ENC00133,v3,0.23244199877895347,0.16349576951918798,0.6040622321290707
ENC00143,v3,0.1903952376893427,0.16519624604313057,0.6444085136621813
ENC00149,v3,0.19876933209878161,0.18281287069719537,0.6184177911819372
ENC00151,v3,0.0,0.2905353412221549,0.7094646591251179
ENC00159,v3,0.1800948257116895,0.1811315024957845,0.6387736649889695
ENC00162,v3,0.14221979994500908,0.21619472959052735,0.6415854686888579
ENC00164,v3,0.18265147015452385,0.21647243787844975,0.6008760877450308
ENC00167,v3,0.13937304115721158,0.19772950339378143,0.6628974584900603
ENC00170,v3,0.19063879725533528,0.1937305180990434,0.6156306866106096
ENC00171,v3,0.19589128711959347,0.1808073041465832,0.6233014045283198
ENC00173,v3,0.1679824706424707,0.18523457564366688,0.6467829535967149
ENC00188,v3,0.10776239316467018,0.3259293946127097,0.5663082138413474
ENC00191,v3,0.21265918522008828,0.17303544287902436,0.6143053695559502
ENC00192,v3,0.1863373884310325,0.23315694366271297,0.5805056676268577
ENC00193,v3,0.05943722389809309,0.2204117885013239,0.7201509836616866
ENC00202,v3,0.16080270518984977,0.2226793208642851,0.616517973851554
ENC00208,v3,0.16386489850333613,0.23071468670844522,0.6054204070669973
ENC00209,v3,0.24109227288436222,0.10875075557952994,0.650156969790692
ENC00210,v3,0.19145323964767158,0.20479549021859253,0.6037512669073684
ENC00214,v3,0.0,0.20880889251235535,0.791191104799509
ENC00217,v3,0.18903522827115254,0.21605587491439177,0.5949088958735319
ENC00237,v3,0.21988537523338175,0.16623735759319283,0.6138772668800955
ENC00238,v3,0.198663931954038,0.19789261399553373,0.6034434539276164
ENC00250,v3,0.18139549375822148,0.19964734968487863,0.618957155280643
ENC00255,v3,0.21029943357719932,0.20438002415954373,0.5853205454903979
ENC00256,v3,0.19775938436102408,0.23116958531765983,0.5710710361599922
ENC00259,v3,0.24009149375362931,0.13160637675601744,0.6283021276799318
ENC00260,v3,0.16654636903155234,0.17752170741798418,0.6559319184672447
ENC00263,v3,0.1482097903284633,0.23064652448791323,0.6211436911694055
ENC00264,v3,0.18395045137121563,0.1841544424139318,0.63189510901769
ENC00267,v3,0.18012215558765005,0.1928404404157863,0.6270374108865423
ENC00270,v3,0.20602550126160635,0.172769753163624,0.6212047442342296
ENC00271,v3,0.18949992123192974,0.17069851389221316,0.6398015660899026
ENC00272,v3,0.15824011179804803,0.173192818954587,0.6685670666694641
ENC00275,v3,0.16577823293729893,0.18962844949468827,0.6445933166638161
ENC00289,v3,0.1679248952203327,0.2242201014249413,0.6078549981117248
ENC00291,v3,0.18812018324705687,0.19608538289639083,0.6157944348725406
ENC00292,v3,0.15135483187372967,0.19824760222947727,0.6503975638138351
ENC00294,v3,0.21084586791694165,0.18973877595906907,0.5994153567335823
ENC00296,v3,0.2014000522276611,0.1623813139261506,0.6362186353257362
ENC00298,v3,0.1815260254630917,0.2046961937687899,0.6137777792780023
ENC00304,v3,0.18257800605865793,0.20598274288237642,0.6114392471969674
ENC00306,v3,0.10234695612865535,0.25035014305310915,0.6473028988023347
ENC00310,v3,0.18113520196080207,0.18358700536191463,0.635277795791626
ENC00319,v3,0.17944917902976526,0.20519323531193895,0.6153575883192175
ENC00323,v3,0.2330873392584945,0.1459985848422311,0.6209140728000834
ENC00326,v3,0.1481208479790776,0.22026474984293734,0.631614400556794
ENC00327,v3,0.21666976361714227,0.17348428431785468,0.609845949543847
ENC00329,v3,0.18968545922802554,0.17735114105873637,0.6329633990923563
ENC00330,v3,0.22153365545255957,0.16634696463720416,0.6121193749724694
ENC00336,v3,0.22882336426338704,0.1546916060900088,0.6164850301022152
ENC00337,v3,0.2019156377283063,0.16416352623981414,0.633920833320901
ENC00341,v3,0.17261606547094527,0.18621135488862084,0.6411725819110871
ENC00344,v3,0.20217232143848526,0.20507218654514575,0.5927554958937119
ENC00349,v3,0.18388027330375697,0.24484934290386226,0.5712703899161456
ENC00358,v3,0.0,0.2924629683030471,0.7075370374981683
ENC00359,v3,0.21352600201964378,0.17705705550312995,0.6094169371128082
ENC00360,v3,0.2719812097557641,0.1502494572516565,0.5777693322492302
ENC00362,v3,0.05748206658560472,0.23341160397976637,0.7091063246130943
ENC00368,v3,0.18342569341453221,0.21597411644716674,0.6006001853025876
ENC00372,v3,0.1521988520398736,0.1984656399340722,0.6493355123133495
ENC00376,v3,0.140646389250954,0.18161443672142924,0.6777391714354356
ENC00381,v3,0.19287404303128522,0.1639627558644861,0.6431632024546464
ENC00382,v3,0.264435774437627,0.1564070277334172,0.5791571958332645
ENC00386,v3,0.22975705626110235,0.1538922449806705,0.6163507009545962
ENC00389,v3,0.1718632777270518,0.2115234760077376,0.6166132446966673
ENC00390,v3,0.22464034690273751,0.1451042106696706,0.6302554429435044
ENC00392,v3,0.20629310483733812,0.1741214262114631,0.6195854701929622
ENC00393,v3,0.15495309437669458,0.2300002829777816,0.6150466236803267
ENC00402,v3,0.2159601114433387,0.19110237124921947,0.5929375183993373
ENC00403,v3,0.16469247006159976,0.2054072758673053,0.6299002540290803
ENC00405,v3,0.18495662421697662,0.14608915227458996,0.6689542276518685
ENC00413,v3,0.19167538732290268,0.20747773601400732,0.6008468776038198
ENC00414,v3,0.14748543975292705,0.20628412636870053,0.6462304331362247
ENC00418,v3,0.1798205365985632,0.19775850303471088,0.6224209597706795
ENC00419,v3,0.1684174883399117,0.20757360559668434,0.6240089033426863
ENC00424,v3,0.21194401865913753,0.13692890126258134,0.6511270903405689
ENC00428,v3,0.11627411412075161,0.20072132090106606,0.6830045673251152
ENC00432,v3,0.1505359218766292,0.22380947400298384,0.625654610991478
ENC00433,v3,0.1714958936796276,0.24524023834991893,0.5832638746007867
ENC00435,v3,0.0,0.38318758994340896,0.6168124139308929
ENC00436,v3,0.21285994857549667,0.14496192745864392,0.6421781206130981
ENC00441,v3,0.16894332621947372,0.22619063569472567,0.6048660369792788
ENC00443,v3,0.2060073516331613,0.18940389168759186,0.6045887562135855
ENC00444,v3,0.18703485690370328,0.16914046916547193,0.6438246767560974
ENC00451,v3,0.2102690222768151,0.19511712462242162,0.5946138534618883
ENC00453,v3,0.16142802883405238,0.18226692551979795,0.6563050441909581
ENC00456,v3,0.131804546215019,0.243884525340745,0.6243109253503508
ENC00457,v3,0.1947168595082051,0.19436602312903684,0.6109171136542484
ENC00459,v3,0.1645019028406098,0.21270915416051756,0.6227889434908921
ENC00461,v3,0.21153458892082683,0.15377780698163776,0.6346876067774636
ENC00444,v3,0.18703485690370328,0.16914046916547193,0.6438246767560974
ENC00449,v3,0.20586355908640794,0.17318961273745767,0.6209468309368406
ENC00451,v3,0.2102690222768151,0.19511712462242162,0.5946138534618883
ENC00453,v3,0.16142802883405238,0.18226692551979795,0.6563050441909581
ENC00456,v3,0.131804546215019,0.243884525340745,0.6243109253503508
ENC00457,v3,0.20462986935664268,0.15649355019367958,0.6388765819316363
ENC00459,v3,0.1645019028406098,0.21270915416051756,0.6227889434908921
ENC00461,v3,0.19934515629723235,0.1749098071448722,0.625745032886857
ENC00462,v3,0.195936405476723,0.15489984547562954,0.6491637398268431
ENC00463,v3,0.23272474412956545,0.14702280245480998,0.6202524579340412
ENC00464,v3,0.16622031793336978,0.23828070452719025,0.5954989779627684
ENC00465,v3,0.21960544244696698,0.20498808919052994,0.5754064718882242
ENC00469,v3,0.219109677053133,0.16065064799345907,0.6202396726022001
ENC00471,v3,0.17162744532383623,0.2401011846368275,0.5882713709558759
ENC00474,v3,0.18929065736955492,0.18287310031904042,0.6278362377830173
ENC00475,v3,0.16675526110662353,0.1734041511228988,0.6598405875856914
ENC00477,v3,0.18733319140632043,0.19014589933001183,0.6225209107453172
ENC00478,v3,0.17551349007031497,0.23725303797160877,0.5872334760778091
ENC00479,v3,0.19489659565687178,0.17556973487883806,0.6295336668491364
ENC00482,v3,0.21498986735547843,0.17546473534189558,0.6095454024249002
ENC00489,v3,0.22144594450109925,0.15370324698392474,0.6248508117167778
ENC00490,v3,0.18178823130710103,0.16290024923874397,0.6553115209686422
ENC00492,v3,0.20612108801430631,0.18857657336673447,0.6053023368955772
ENC00511,v3,0.19567729970988104,0.19251835834579306,0.6118043433217442
ENC00513,v3,0.20210845378766717,0.1529888447655953,0.6449027010484746
ENC00519,v3,0.19053719394529858,0.25002876300519955,0.5594340382764736
ENC00524,v3,0.2131965011358261,0.17321690547697502,0.6135865953461878
ENC00529,v3,0.20943673968963,0.14301727033503678,0.6475459891816844
ENC00538,v3,0.21811169112967974,0.17382837533213125,0.6080599344602906
ENC00543,v3,0.1836385571642926,0.18208624967618992,0.6342751957868275
ENC00548,v3,0.21785491960597972,0.16596640765155649,0.6161786726876801
ENC00550,v3,0.19690436428201566,0.16892976086279474,0.6341658712355132
ENC00559,v3,0.15377663799068508,0.24250540849478805,0.6037179567650253
ENC00562,v3,0.21504625098102473,0.18114757211878896,0.6038061827421188
ENC00563,v3,0.1606645797326313,0.20946939153278746,0.6298660265236367
ENC00571,v3,0.18237456821692669,0.19258653181718616,0.6250389014802328
ENC00573,v3,0.2082853231781213,0.1732324771005516,0.6184822048327719
ENC00575,v3,0.22439118844449968,0.15577568472328043,0.619833124759502
ENC00577,v3,0.1810632749187826,0.22902704463011087,0.5899096796608935
ENC00580,v3,0.181103883868354,0.19072436171973872,0.6281717511323782
ENC00581,v3,0.2094409123671298,0.20963654300311999,0.5809225409614797
ENC00587,v3,0.20119986608624457,0.18473084408927848,0.6140692896313138
ENC00590,v3,0.1919641120891486,0.20368040861961031,0.604355473603521
ENC00591,v3,0.20265050602667942,0.1854503413480593,0.6118991571228679
ENC00592,v3,0.21795435154691656,0.13327958654110314,0.6487660657429526
ENC00596,v3,0.1982151006296691,0.17404867429286242,0.6277362273799049
ENC00598,v3,0.25026210776325,0.13889375021996891,0.6108441393254167
ENC00600,v3,0.13422833052303257,0.2127782112180159,0.6529934593829615
ENC00606,v3,0.170510769241314,0.22836960833249748,0.6011196219402811
ENC00608,v3,0.20665302414160508,0.18453940476935643,0.6088075683667109
ENC00620,v3,0.20992606732655655,0.1989522281695496,0.5911217047409578
ENC00631,v3,0.2036567693337416,0.1899400400236631,0.6064031921390794
ENC00637,v3,0.1604466632836395,0.1831568984333614,0.6563964371729378
ENC00640,v3,0.17107103906733834,0.23385382030645144,0.5950751466595608
ENC00643,v3,0.20420754907859695,0.1729741573836359,0.6228182923699183
ENC00657,v3,0.16407118446153143,0.2385683851721494,0.5973604357113009
ENC00661,v3,0.17218188930935455,0.20612876676023006,0.6216893409782985
ENC00665,v3,0.17111722952345523,0.18648527434656048,0.642397497000733
ENC00667,v3,0.22229133253423577,0.1659963470366266,0.6117123187097728
ENC00671,v3,0.0879914756237625,0.28250158365781064,0.6295069425462563
ENC00694,v3,0.18041260588169097,0.1805884875357151,0.6389989080429077
ENC00696,v3,0.1570788569515571,0.2318488428912436,0.6110723024855057
ENC00697,v3,0.1212172134546563,0.2038513017760124,0.6749314833432436
ENC00711,v3,0.1980134229564551,0.15731339203645883,0.6446731892025587
ENC00717,v3,0.16997206606662152,0.19963398917587763,0.6303939459864626
ENC00720,v3,0.173028615579285,0.19869130196187784,0.6282800847181568
ENC00721,v3,0.18189097792569514,0.2095578045839757,0.6085512210837508
ENC00727,v3,0.15158440612641902,0.17506423973125115,0.673351354383189
ENC00729,v3,0.2108380339758576,0.20495638841727995,0.5842055740221491
ENC00730,v3,0.21446341960267587,0.20205602313984525,0.5834805529225956
ENC00734,v3,0.1343678605468834,0.2131770690136096,0.6524550700888915
ENC00744,v3,0.1708124577680714,0.18670092957715193,0.6424866125114963
ENC00747,v3,0.24982039853930474,0.16658673284368383,0.5835928642087512
ENC00748,v3,0.19746023517462516,0.17604600061332026,0.6264937660386486
ENC00749,v3,0.24226477395743132,0.15728593859821557,0.6004492899775505
ENC00752,v3,0.17569101024913578,0.23501851017364359,0.589290474632145
ENC00753,v3,0.18998394212950537,0.16931683479285822,0.6406992259548931
ENC00757,v3,0.17285629280172943,0.22650307926692462,0.6006406299900591
ENC00759,v3,0.2386992149776028,0.1446458808597057,0.6166549059652513
ENC00762,v3,0.16922390227348116,0.16721042013585063,0.6635656755859569
ENC00765,v3,0.0647886523372671,0.2465287246076124,0.688682618595305
ENC00771,v3,0.19735131196950267,0.1695618586523867,0.6330868287420854
ENC00772,v3,0.23550246890377383,0.16068555564009424,0.6038119821199055
ENC00778,v3,0.18964393812491268,0.18895512179578425,0.6214009403693871
ENC00787,v3,0.13722117254137992,0.2500378887355328,0.6127409379482269
ENC00788,v3,0.18888582473863727,0.1770831565656092,0.6340310151162355
ENC00792,v3,0.138846233409519,0.2539696777239442,0.6071840948942635
ENC00797,v3,0.19878666886602933,0.2053161937005396,0.5958971381187439
ENC00801,v3,0.0,0.270738552279264,0.7292614477930717
ENC00802,v3,0.22188157663586433,0.19999146603801277,0.5781269559029782
ENC00807,v3,0.0,0.21691445322899983,0.7830855478500498
ENC00808,v3,0.24001374198953704,0.15061642714582457,0.6093698350509794
ENC00812,v3,0.1950514458350895,0.18112964315931926,0.6238189103991486
ENC00813,v3,0.2546644188884285,0.14288695995515632,0.6024486201424752
ENC00815,v3,0.17295179387124685,0.23347877419720858,0.593569434988193
ENC00830,v3,0.19407464854072692,0.2144231601120081,0.5915021924085395
ENC00832,v3,0.0,0.3736935416046454,0.6263064565707226
ENC00838,v3,0.2244038803518311,0.16739771084105673,0.608198409977038
ENC00845,v3,0.1570025729382132,0.2106176251032221,0.6323797991425972
ENC00848,v3,0.2557902616783253,0.16509638893083461,0.5791133474377752
ENC00849,v3,0.1926160845427941,0.21158900164449826,0.5957949100396572
ENC00002,v4,0.141722509637475,0.22835009983154358,0.6299273838047628
ENC00003,v4,0.20504428601513305,0.16977030524250233,0.6251854061177282
ENC00004,v4,0.18936402607950376,0.2000363244802403,0.6105996522543241
ENC00006,v4,0.1948082690691426,0.22543749294794388,0.5797542416266281
ENC00007,v4,0.21621838672049093,0.1965840660510647,0.5871975463908791
ENC00008,v4,0.1510930495267665,0.2458294924279606,0.6030774591145692
ENC00013,v4,0.170067825395128,0.21721067629430604,0.6127214903416841
ENC00014,v4,0.14534442582064205,0.29452035480249694,0.5601352162179891
ENC00017,v4,0.15323897623730934,0.24416640387190616,0.6025946221369154
ENC00022,v4,0.20389605609197464,0.18914647307246923,0.6069574691946544
ENC00023,v4,0.16949815037760804,0.19133241845817445,0.6391694303467977
ENC00024,v4,0.12176200543315364,0.26089871341649157,0.6173392817951165
ENC00031,v4,0.17826324836442284,0.17012115074869463,0.6516156038817238
ENC00034,v4,0.24471027200872247,0.15520346310046135,0.6000862667957941
ENC00043,v4,0.12625423277250858,0.24678498922901995,0.6269607749305853
ENC00052,v4,0.1798676448821459,0.2177022394003733,0.6024301130816622
ENC00063,v4,0.14222519621253013,0.2826351381446186,0.5751396656036377
ENC00064,v4,0.19233073277605905,0.2067467286148005,0.6009225409891871
ENC00065,v4,0.16845472848171708,0.22760348164904043,0.6039417882760366
ENC00067,v4,0.13616714555865678,0.22048529162047764,0.6433475677783672
ENC00080,v4,0.2199529313746794,0.1963984812207428,0.5836485933374476
ENC00081,v4,0.12209194086285101,0.30346751435556346,0.5744405459198687
ENC00084,v4,0.1894663189698879,0.21661824198033577,0.5939154394139025
ENC00088,v4,0.19705724728708507,0.21080481295450396,0.5921379370348794
ENC00089,v4,0.23965034465426985,0.1651557923335096,0.595193855917972
ENC00090,v4,0.20838383204759436,0.19939755468054654,0.5922186187607177
ENC00096,v4,0.1766606857340167,0.16941545157158,0.6539238625624049
ENC00098,v4,0.1811144359514013,0.22190864511824154,0.5969769214833534
ENC00103,v4,0.11765161662473592,0.24280332562026627,0.6395450581651215
ENC00106,v4,0.1748482147796136,0.24389455786369968,0.5812572301788763
ENC00111,v4,0.13680149446118553,0.27345144113748326,0.5897470643310427
ENC00113,v4,0.0,0.23753003476115017,0.7624699666902617
ENC00121,v4,0.12910418568944637,0.2552350705112416,0.61566074439353
ENC00125,v4,0.18774647349792142,0.1843322104303747,0.6279213117655887
ENC00128,v4,0.20218933849494056,0.22352135786325625,0.5742893077359341
ENC00130,v4,0.1465124723315239,0.2301589973270893,0.6233285270134608
ENC00133,v4,0.21740603906952816,0.16112633177443692,0.6214676281680231
ENC00143,v4,0.1680453942321679,0.21416093119803598,0.6177936757312101
ENC00149,v4,0.15890729243492152,0.2539808938836122,0.5871118107786426
ENC00151,v4,0.0,0.29723831458789546,0.7027616830860696
ENC00159,v4,0.17778518035387,0.21409149599882463,0.6081233213966092
ENC00162,v4,0.13741751381401288,0.23524471902746266,0.6273377616021593
ENC00164,v4,0.16122269805055112,0.18766263285651802,0.6511146722361445
ENC00167,v4,0.1252995077132558,0.23728519336630902,0.6374153001233935
ENC00170,v4,0.1884886494015946,0.20256786276312436,0.6089434890186085
ENC00171,v4,0.1713818938113176,0.20926703890928855,0.6193510647003467
ENC00173,v4,0.15934036459946474,0.19327518662795523,0.6473844544777018
ENC00188,v4,0.09641265556023552,0.32268171571195126,0.5809056288723288
ENC00191,v4,0.1978975671157241,0.20191779546439648,0.6001846417784691
ENC00192,v4,0.16441560422515009,0.25573052845156946,0.5798538657459053
ENC00193,v4,0.04774453325304561,0.2567480713343964,0.6955073874157208
ENC00202,v4,0.14524881997886968,0.22410487151723735,0.6306463060330372
ENC00208,v4,0.13736536230789412,0.26066459660683206,0.6019700374625144
ENC00209,v4,0.21806071634521548,0.13637131453177195,0.6455679668101254
ENC00210,v4,0.13739820032211758,0.19184630087908083,0.6707554961610961
ENC00214,v4,0.0,0.26845241141590204,0.7315475886518304
ENC00217,v4,0.16694670581529217,0.2239596607463975,0.6090936283911428
ENC00237,v4,0.19986088009378344,0.21166937951881862,0.588469734818665
ENC00238,v4,0.17292875884456582,0.21118559698793996,0.6158856428071354
ENC00250,v4,0.15179469097744336,0.2637955664534761,0.5844097372257349
ENC00255,v4,0.17469322478531726,0.2415013457648456,0.5838054242943015
ENC00256,v4,0.1814920221616451,0.23828929589879244,0.5802186819395625
ENC00259,v4,0.2189457334809063,0.14709762608011565,0.6339566379554512
ENC00260,v4,0.14442222203043373,0.24173817167227918,0.6138396059924905
ENC00263,v4,0.1417267253935927,0.23101733455268464,0.6272559390209689
ENC00264,v4,0.1770842482051081,0.20434828930773025,0.6185674583616335
ENC00267,v4,0.17064880024127918,0.2100761373816379,0.6192750604502086
ENC00270,v4,0.1740333619913098,0.18614962761094617,0.6398170119637896
ENC00271,v4,0.1679409382700482,0.18654642128111684,0.645512630834299
ENC00272,v4,0.1471829040519959,0.21518388159770882,0.637633219493174
ENC00275,v4,0.14225695323612955,0.2486129763544115,0.6091300692313757
ENC00289,v4,0.15477776444620556,0.2526522264160492,0.5925700097172348
ENC00291,v4,0.1735812625569156,0.22832577720157102,0.5980929561659821
ENC00292,v4,0.15394811381896337,0.22967969520638387,0.6163721882634693
ENC00294,v4,0.1977353392290735,0.21371421694894818,0.5885504408974513
ENC00296,v4,0.18016021509492208,0.17470822070858308,0.6451315600720663
ENC00298,v4,0.14810149720723523,0.2560839099610377,0.5958145913088096
ENC00304,v4,0.17461679950356485,0.22001452053586643,0.6053686771790187
ENC00306,v4,0.09594942182302475,0.2537791086567773,0.6502714706791772
ENC00310,v4,0.16229919688600414,0.2541466311920645,0.583554171447484
ENC00319,v4,0.17465296090226765,0.22774868816599364,0.5975983510183733
ENC00323,v4,0.19524636677254928,0.20797697074162813,0.5967766620630136
ENC00326,v4,0.13005871767891902,0.26249506992992955,0.6074462137489676
ENC00327,v4,0.18807904612813287,0.18222217206338434,0.6296987802017736
ENC00329,v4,0.16671787172384644,0.2236134046153433,0.6096687193574577
ENC00330,v4,0.1771165114096416,0.2268777705969349,0.5960057140678487
ENC00336,v4,0.2044950399275233,0.21098916650545307,0.584515797292314
ENC00337,v4,0.1525733155793831,0.20910570272778878,0.6383209822119259
ENC00341,v4,0.15409228390267304,0.18897723050804827,0.6569304855557175
ENC00344,v4,0.15828861475136935,0.22543583397625708,0.6162755509801939
ENC00349,v4,0.15899479236001166,0.23784547744788856,0.6031597290083627
ENC00358,v4,0.0,0.2558126348804757,0.7441873698439819
ENC00359,v4,0.20764294281601905,0.22539429472759365,0.5669627606868743
ENC00360,v4,0.20848716174562773,0.1940819758808974,0.5974308628626545
ENC00362,v4,0.05352422789480813,0.26594205004059607,0.6805337168000363
ENC00368,v4,0.17776407558057045,0.22339490508591686,0.5988410128487481
ENC00372,v4,0.11427065665472527,0.2897745210449306,0.5959548272040426
ENC00376,v4,0.14294278188500292,0.20341932499247004,0.6536378932091617
ENC00381,v4,0.20533750912992754,0.17147389773244612,0.6231885900564282
ENC00382,v4,0.23032207897102291,0.18428932344117624,0.5853885896503925
ENC00386,v4,0.21129519665105775,0.18017202094197274,0.608532780137929
ENC00389,v4,0.1834476511991982,0.20413981324860028,0.6124125317271266
ENC00390,v4,0.17506549241287367,0.2167966440039918,0.60813786212663
ENC00392,v4,0.162671045390601,0.25595746995861995,0.5813714821928555
ENC00393,v4,0.1286114058815516,0.2715623245980495,0.5998262705711218
ENC00402,v4,0.2165296760814212,0.20778474316140202,0.5756855810357031
ENC00403,v4,0.15433309699252526,0.23188627309958387,0.6137806312267825
ENC00405,v4,0.15179732500722534,0.25763358481620485,0.5905690933528699
ENC00413,v4,0.1869972850382328,0.2292374969025453,0.5837652158737182
ENC00414,v4,0.13481790297442958,0.20311015026111687,0.6620719464052292
ENC00418,v4,0.15657716809134734,0.23410736867471746,0.6093154590380819
ENC00419,v4,0.16060637872208627,0.22869860050840335,0.6106950185800853
ENC00424,v4,0.19951798877956575,0.15183048355474807,0.6486515272081944
ENC00428,v4,0.09001333843916655,0.23666248650036076,0.6733241766691208
ENC00432,v4,0.1352043501985601,0.22635835807629023,0.6384372877169259
ENC00433,v4,0.18193081457247126,0.21706374224724498,0.6010054442899447
ENC00435,v4,0.0,0.3792810153286412,0.6207189762367392
ENC00436,v4,0.16217851051885002,0.2165893368809572,0.6212321539532464
ENC00441,v4,0.1785257130480596,0.22960125336790607,0.5918730334208829
ENC00443,v4,0.1857243024666483,0.23338995093945414,0.5808857434118787
ENC00444,v4,0.15813036078685208,0.23263708807920155,0.6092325496046167
ENC00451,v4,0.20120177220585,0.2139807242868293,0.5848175027431586
ENC00453,v4,0.14424454336001621,0.2224936074297118,0.6332618497251495
ENC00456,v4,0.10826075233427095,0.2857655982176463,0.6059736488042055
ENC00457,v4,0.17978715144896082,0.20982115652545222,0.610391689730542
ENC00459,v4,0.16671402881804265,0.24091750579444984,0.5923684687990891
ENC00461,v4,0.18129991451683253,0.21337454819484897,0.605325536624245
ENC00462,v4,0.17496124530831972,0.1881158485752987,0.6369229058424631
ENC00444,v4,0.15813036078685208,0.23263708807920155,0.6092325496046167
ENC00449,v4,0.2133775334035562,0.1896035643217485,0.5970189076317244
ENC00451,v4,0.1920634776957937,0.23531898564180811,0.5726175394144144
ENC00453,v4,0.14424454336001621,0.2224936074297118,0.6332618497251495
ENC00456,v4,0.12493325112226569,0.27289922668794053,0.6021675290884795
ENC00457,v4,0.19392462570181826,0.1991717127756667,0.6069036537838965
ENC00459,v4,0.16671402881804265,0.24091750579444984,0.5923684687990891
ENC00461,v4,0.16153114434984542,0.2522533527892275,0.5862155025152817
ENC00462,v4,0.17496124530831972,0.1881158485752987,0.6369229058424631
ENC00463,v4,0.21612008270763217,0.21971516499207133,0.5641647520519438
ENC00464,v4,0.1433923681408672,0.2955173868054556,0.561090242812189
ENC00465,v4,0.18277502373799565,0.22814547810263522,0.5890794997140179
ENC00469,v4,0.19982622547033138,0.19654424323287226,0.6036295341817957
ENC00471,v4,0.15732458750812375,0.2673591482548081,0.5753162685705691
ENC00474,v4,0.18056359531750021,0.23396374562167024,0.5854726563158789
ENC00475,v4,0.16480460139752934,0.23588971818252555,0.5993056838992257
ENC00477,v4,0.15445649901366965,0.2506565808185509,0.5948869187612923
ENC00478,v4,0.16900412842770604,0.23496600170837384,0.5960298729277103
ENC00479,v4,0.14782742253684122,0.24692869675132112,0.6052438789004579
ENC00482,v4,0.19230607684169496,0.22714877825762544,0.5805451452732087
ENC00489,v4,0.23883755524353734,0.1688505195980442,0.5923119231030859
ENC00490,v4,0.15859951183877208,0.21403288199481638,0.6273676073009318
ENC00492,v4,0.2118248810325194,0.19220235803668653,0.5959727545396998
ENC00511,v4,0.17803010544338763,0.18735316614096134,0.6346167282552908
ENC00513,v4,0.20375750380257765,0.15919694141795238,0.6370455586910247
ENC00519,v4,0.164315697401762,0.26942299246788026,0.5662613072991372
ENC00524,v4,0.1974620373489765,0.19524549082136497,0.6072924724565103
ENC00529,v4,0.16997270577010654,0.21526560208627155,0.6147616894472213
ENC00538,v4,0.18675510804136317,0.22435555333545157,0.588889334793691
ENC00543,v4,0.148460727975224,0.24078033260549558,0.6107589381210732
ENC00548,v4,0.19624130003023565,0.18051384106735913,0.6232448609774572
ENC00550,v4,0.18861773065481965,0.18651975011616423,0.6248625171811957
ENC00559,v4,0.14749262526631354,0.26301623544096947,0.5894911396503448
ENC00562,v4,0.20181200467050076,0.1939992588364853,0.6041887405346025
ENC00563,v4,0.14133846951094833,0.23828094593576482,0.6203805844526034
ENC00571,v4,0.15023522541647957,0.24435696156034548,0.605407808817202
ENC00573,v4,0.18390955040786441,0.2368142263137347,0.5792762175301053
ENC00575,v4,0.20525958837525357,0.20275936339014364,0.5919810475654972
ENC00577,v4,0.15750211648522847,0.271784755431356,0.5707131352636122
ENC00580,v4,0.15723149414465884,0.26658905929688254,0.5761794453919536
ENC00581,v4,0.17607084513848065,0.22274463273982964,0.6011845187376473
ENC00587,v4,0.16977367493959647,0.220868132003243,0.6093581907805943
ENC00590,v4,0.1763442975619147,0.1920378181843027,0.6316178840975608
ENC00591,v4,0.16787805343692255,0.21023619381508024,0.621885750848468
ENC00592,v4,0.2080725972889034,0.15849586654426032,0.6334315374607348
ENC00596,v4,0.19332153545692563,0.18679336606292055,0.619885103031993
ENC00598,v4,0.1653464074451022,0.2257085628693969,0.6089450286292448
ENC00600,v4,0.11486527522172883,0.2761915775590411,0.6089431448517558
ENC00606,v4,0.1643320571964801,0.22149942651279828,0.614168521628451
ENC00608,v4,0.20091387998556423,0.21218823054022043,0.5868978868021029
ENC00620,v4,0.17407419804609223,0.24886092267344506,0.5770648821686091
ENC00631,v4,0.20043564105086778,0.18055431128165425,0.619010047976082
ENC00637,v4,0.13872359305500023,0.2399390869803967,0.6213373205354137
ENC00640,v4,0.16192062651721117,0.21191852689485682,0.6261608503132223
ENC00643,v4,0.13818407480446798,0.30845710761704537,0.5533588098467521
ENC00657,v4,0.16953451625634858,0.20559723877612454,0.6248682446685838
ENC00661,v4,0.13447822582580754,0.29999777367590247,0.5655239993656004
ENC00665,v4,0.16451836545250298,0.21851539814177853,0.6169662324734676
ENC00667,v4,0.20145925978312687,0.19290115589237944,0.6056395884679289
ENC00671,v4,0.10279935110654485,0.2523903352894673,0.6448103142412085
ENC00694,v4,0.1825536757155701,0.21166799600339598,0.6057783293503302
ENC00696,v4,0.153789470036482,0.23670593038972082,0.6095046000234012
ENC00697,v4,0.1069101870096135,0.25633994363320683,0.6367498665180021
ENC00711,v4,0.14660397865959712,0.2393534211141448,0.6140426007970687
ENC00717,v4,0.15567582223600554,0.2140115454648305,0.6303126282483629
ENC00720,v4,0.1729985842704773,0.22088570010662079,0.6061157212257385
ENC00721,v4,0.17683127473753232,0.21365506356725325,0.6095136690598267
ENC00727,v4,0.13086864406742701,0.2613101223619973,0.607821235569512
ENC00729,v4,0.19275381402777775,0.23264642788230308,0.5745997551296439
ENC00730,v4,0.16354708402480894,0.29187528933714896,0.5445776257700133
ENC00734,v4,0.14390957644125363,0.2322749711975858,0.623815451656376
ENC00744,v4,0.14871559864668935,0.23816586272032172,0.6131185387019757
ENC00747,v4,0.21573416254186367,0.21004143752321436,0.5742243996688298
ENC00748,v4,0.1811450503444598,0.1962717366117386,0.6225832137796614
ENC00749,v4,0.20842785835266114,0.20399130001664162,0.5875808396935462
ENC00752,v4,0.16548455218699845,0.24158588588818328,0.5929295619973889
ENC00753,v4,0.18158221918603648,0.20789545017254094,0.610522326697474
ENC00757,v4,0.16480297400586066,0.1926425068729347,0.6425545240602185
ENC00759,v4,0.21449176980369894,0.17915085022001576,0.6063573776617558
ENC00762,v4,0.16849435282790143,0.17846047999742237,0.653045165150062
ENC00765,v4,0.04998721071530746,0.2739096769615065,0.6761031169680101
ENC00771,v4,0.18222205478463088,0.20357495016074395,0.614202996363511
ENC00772,v4,0.18286371917471173,0.21952687869743098,0.5976094042691659
ENC00778,v4,0.15167916422853103,0.26913490436143345,0.5791859331294003
ENC00787,v4,0.12168340715216407,0.26355917141475577,0.6147574258188829
ENC00788,v4,0.18247832959661117,0.23223050113799226,0.5852911671002706
ENC00792,v4,0.14494841308360212,0.2172242223737184,0.6378273638019785
ENC00797,v4,0.164985790848732,0.25511996475892645,0.579894243278236
ENC00801,v4,0.0,0.27701345297110663,0.7229865503894699
ENC00802,v4,0.22097145243444377,0.16702499838235477,0.6120035534517633
ENC00807,v4,0.0,0.20989895912685563,0.7901010408997535
ENC00808,v4,0.20065966406754687,0.19254518067876322,0.6067951572152366
ENC00812,v4,0.18765510156562057,0.19907464372300648,0.6132702570927294
ENC00813,v4,0.19592323296955813,0.22805915264604248,0.5760176140014256
ENC00815,v4,0.17553440894010247,0.22541423606616195,0.5990513553542476
ENC00830,v4,0.18534603267908095,0.21788223409759147,0.5967717366559165
ENC00832,v4,0.0,0.3403830011434193,0.6596170033835158
ENC00838,v4,0.2045009184628725,0.2057829935476184,0.5897160801291466
ENC00845,v4,0.1449985225155628,0.22285809613121071,0.6321433767569151
ENC00848,v4,0.21589347839636622,0.21938072267990066,0.5647257982559923
ENC00849,v4,0.18044128945178312,0.2088098592813248,0.6107488491612932
ENC00002,v5,0.14008098742273187,0.1978109641570038,0.6621080502636074
ENC00003,v5,0.16642870518722033,0.21142879590849606,0.622142498169029
ENC00004,v5,0.162286380170912,0.2569960740705331,0.5807175422492235
ENC00006,v5,0.18085342685702027,0.3015801224016374,0.5175664549873721
ENC00007,v5,0.19802518857985127,0.2506934530957013,0.5512813521283013
ENC00008,v5,0.13150709700481644,0.29826566362860557,0.5702272427493128
ENC00013,v5,0.16453533268199777,0.25149174607446734,0.5839729196620438
ENC00014,v5,0.14593284365571577,0.29201741764942807,0.5620497391547685
ENC00017,v5,0.17522593650966883,0.24231315337121487,0.5824609112739563
ENC00022,v5,0.15884411767503973,0.23986641652250695,0.6012894703170001
ENC00023,v5,0.14089446463900754,0.2429891596110458,0.6161163816085229
ENC00024,v5,0.10576058259216424,0.29304635803276136,0.6011930564853633
ENC00031,v5,0.17798746705732563,0.19111792685633355,0.6308946089311079
ENC00034,v5,0.233935080689959,0.20523051452813762,0.560834403380309
ENC00043,v5,0.14320577644023366,0.22680268811315976,0.6299915306947448
ENC00052,v5,0.18144715587082116,0.23244082830522372,0.5861120203266973
ENC00063,v5,0.13830850175534837,0.29001305538295497,0.5716784370668007
ENC00064,v5,0.16699983030557633,0.24666603862725456,0.5863341269821957
ENC00065,v5,0.1653669885560578,0.2286415377911789,0.6059914741640776
ENC00067,v5,0.12907027322472187,0.29162017376930044,0.5793095560450303
ENC00080,v5,0.22752633109688758,0.16677685134112835,0.6056968179345131
ENC00081,v5,0.12957683356829208,0.2670610862793309,0.6033620810744786
ENC00084,v5,0.15946604239826018,0.29057477536396337,0.549959183885501
ENC00088,v5,0.18140584536801987,0.25138156525094374,0.5672125888762073
ENC00089,v5,0.23578118302410456,0.16706489478137423,0.5971539254239995
ENC00090,v5,0.2282312614704246,0.1606428675186723,0.6111258742079806
ENC00096,v5,0.1665595934472301,0.21628700179809873,0.6171534039757468
ENC00098,v5,0.16277187599916942,0.2700456080783624,0.5671825222671032
ENC00103,v5,0.10059677802026272,0.28344455644488337,0.6159586656093597
ENC00106,v5,0.1748570346117364,0.2309501857599082,0.5941927749986593
ENC00111,v5,0.11907516822459237,0.3031477358552717,0.5777770992248289
ENC00113,v5,0.0,0.2843262779007431,0.7156737210186384
ENC00121,v5,0.12395073402360196,0.28216731610871454,0.5938819426161642
ENC00125,v5,0.1587112033512534,0.2442015280144486,0.5970872691491755
ENC00128,v5,0.17544322371083712,0.24369903301287973,0.5808577372559479
ENC00130,v5,0.13122842164479032,0.271254799988148,0.5975167794819296
ENC00133,v5,0.21704316074992047,0.19875631415574202,0.5842005217383648
ENC00143,v5,0.16513614787587097,0.2344241624831089,0.6004396898405893
ENC00149,v5,0.14936756857221933,0.3036029072438213,0.5470295271856321
ENC00151,v5,0.0,0.32360350076730054,0.6763964996983608
ENC00159,v5,0.1680606837527683,0.2268398698204412,0.6050994476446738
ENC00162,v5,0.14827865276927665,0.21145809211342012,0.6402632513288724
ENC00164,v5,0.13333787620607493,0.260403394645107,0.6062587294457615
ENC00167,v5,0.11918875123374165,0.2523927756585181,0.6284184751411279
ENC00170,v5,0.21664558246916865,0.17640394206095186,0.6069504764879713
ENC00171,v5,0.16821170111825642,0.2343470995768535,0.5974411993972526
ENC00173,v5,0.16259788588356616,0.22838832023762054,0.6090137920717695
ENC00188,v5,0.10840265090847688,0.26196901121687505,0.6296283379197121
ENC00191,v5,0.1739802448522477,0.24094036757236437,0.5850793872560773
ENC00192,v5,0.16448616376821545,0.2482122272738944,0.5873016125482061
ENC00193,v5,0.04102375733746606,0.2647715861690633,0.6942046562462677
ENC00202,v5,0.16190188420886123,0.2060135376035563,0.6320845835112237
ENC00208,v5,0.13736536230789412,0.26066459660683206,0.6019700374625144
ENC00209,v5,0.1801720913380954,0.16570946369557435,0.6541184498246309
ENC00210,v5,0.17893014978184257,0.19538085148200507,0.6256889945776888
ENC00214,v5,0.0,0.34369024271550386,0.6563097544338392
ENC00217,v5,0.1715589626046428,0.24038080958119273,0.5880602234906523
ENC00237,v5,0.18692933874862158,0.22013540398877332,0.5929352592896012
ENC00238,v5,0.1692871713362958,0.22989103382291354,0.6008217966426974
ENC00250,v5,0.16485308644782126,0.25047481083105094,0.5846721052595999
ENC00255,v5,0.18606550587075096,0.25235297396069484,0.5615815227939969
ENC00256,v5,0.1710967651559311,0.28412051766532137,0.5447827201445126
ENC00259,v5,0.19394399974422127,0.2046555067394294,0.6014004963285783
ENC00260,v5,0.12896046552520532,0.276929862682636,0.5941096702447304
ENC00263,v5,0.16434598898603803,0.21285177714058331,0.6228022348313105
ENC00264,v5,0.17437114080786706,0.2199466925263405,0.605682169675827
ENC00267,v5,0.15067654656355872,0.24695446974981358,0.6023689848096931
ENC00270,v5,0.1696362537672607,0.21252283553888157,0.6178409075591622
ENC00271,v5,0.17231133003842156,0.19083657183643407,0.6368520932752382
ENC00272,v5,0.16438678540009305,0.19888357505818507,0.6367296377070865
ENC00275,v5,0.13128927815705538,0.25249754995680773,0.6162131655101593
ENC00289,v5,0.140102573221536,0.2585947420582068,0.6013026861406916
ENC00291,v5,0.14643501869912418,0.2438041796240042,0.6097607964052344
ENC00292,v5,0.13443922534740219,0.26049696871389943,0.6050638112549981
ENC00294,v5,0.18856176086396814,0.24736968828278166,0.5640685530466454
ENC00296,v5,0.16618762808103188,0.1981704748399994,0.6356418962572136
ENC00298,v5,0.1484800159584644,0.28578093258100884,0.565739052933316
ENC00304,v5,0.1786920280299253,0.22444207430817187,0.5968658909615543
ENC00306,v5,0.10473072829211617,0.2496687866881624,0.645600480002326
ENC00310,v5,0.16306527430812517,0.2542817458510399,0.5826529732772282
ENC00319,v5,0.14596621530517093,0.26571077213815925,0.5883230170551336
ENC00323,v5,0.18311894644877155,0.2366937833453367,0.5801872741319463
ENC00326,v5,0.1256241949075567,0.27698090293311645,0.5973949011947427
ENC00327,v5,0.17260248214006424,0.21495777487077497,0.6124397399750623
ENC00329,v5,0.15342609493628792,0.23701172027250994,0.6095621863137121
ENC00330,v5,0.15343213756051327,0.2517520510488086,0.5948158111837175
ENC00336,v5,0.18044051325208024,0.2268831019254425,0.5926763817102094
ENC00337,v5,0.1302675461910408,0.2522397124497541,0.6174927392396433
ENC00341,v5,0.15349561564757355,0.2076876225349094,0.6388167608529329
ENC00344,v5,0.1777253305060523,0.22017220345990998,0.6021024668216706
ENC00349,v5,0.1363759547544336,0.27434095581179685,0.5892830887465801
ENC00358,v5,0.0,0.27394539781993155,0.7260546050965786
ENC00359,v5,0.20752750954976895,0.22465537709555006,0.5678171118100485
ENC00360,v5,0.2270743681916169,0.19092284868072187,0.5820027802671704
ENC00362,v5,0.04062505560817525,0.2876756368752788,0.6716993065441356
ENC00368,v5,0.15521129380819226,0.26272989667890484,0.5820588036016985
ENC00372,v5,0.10437454201880543,0.31651309363800906,0.5791123639578106
ENC00376,v5,0.14026625321891445,0.2561960282484786,0.6035377182639562
ENC00381,v5,0.19006398801964924,0.19004684064845392,0.6198891762055849
ENC00382,v5,0.20262351711687532,0.2179518016145646,0.5794246856448719
ENC00386,v5,0.21280994347256163,0.17045893644833046,0.61673111345457
ENC00389,v5,0.160203029676307,0.21668008160140875,0.6231168868730395
ENC00390,v5,0.1844540911973739,0.22847973633887006,0.5870661729452561
ENC00392,v5,0.14094425719231368,0.265879792557098,0.5931759526953101
ENC00393,v5,0.1951637084441861,0.19810192493765844,0.6067343722647569
ENC00402,v5,0.18472458374336226,0.2533394781821365,0.5619359374593157
ENC00403,v5,0.14477988834515576,0.2543664502161669,0.6008536573953744
ENC00405,v5,0.13564541035642227,0.2840951927937567,0.5802594016616544
ENC00413,v5,0.17341299915597552,0.2149933931018625,0.6115936069261461
ENC00414,v5,0.1188336369432822,0.29796429235143823,0.5832020730531516
ENC00418,v5,0.14617455830817583,0.26751296734938057,0.5863124734611922
ENC00419,v5,0.16915887292392934,0.22991857324203435,0.6009225540787634
ENC00424,v5,0.20204737393465716,0.19401573340317843,0.6039368990248284
ENC00428,v5,0.07703557748027379,0.238201591942925,0.6847628303803504
ENC00432,v5,0.134762292355299,0.27153101351857184,0.5937066957950592
ENC00433,v5,0.17313403549093392,0.23768894100982335,0.5891770251816318
ENC00435,v5,0.0,0.31254185239970683,0.6874581453800201
ENC00436,v5,0.16209548898041248,0.2098011786583811,0.6281033284030855
ENC00441,v5,0.1740419707425377,0.24199857250513399,0.5839594587245408
ENC00443,v5,0.17413515259308376,0.25638337677408907,0.569481467721106
ENC00444,v5,0.16433148379163706,0.19755598107654163,0.638112534494961
ENC00451,v5,0.1927972025466415,0.23729149125656993,0.5699113112575603
ENC00453,v5,0.13702887508573883,0.24319852909090323,0.6197725969170211
ENC00456,v5,0.10826075233427095,0.2857655982176463,0.6059736488042055
ENC00457,v5,0.19182568599712357,0.21477850138732832,0.5933958138913324
ENC00459,v5,0.15641929379856315,0.24115125368569643,0.602429447055773
ENC00461,v5,0.17089358089345225,0.26311338291074454,0.5659930307543679
ENC00462,v5,0.17215538250677515,0.2106451181215093,0.6171995010791402
ENC00444,v5,0.16433148379163706,0.19755598107654163,0.638112534494961
ENC00449,v5,0.19192276895046234,0.19834692434718212,0.6097303087061102
ENC00451,v5,0.19008627072372267,0.23062495986181022,0.5792887764694417
ENC00453,v5,0.13702887508573883,0.24319852909090323,0.6197725969170211
ENC00456,v5,0.12493325112226569,0.27289922668794053,0.6021675290884795
ENC00457,v5,0.1787699978417299,0.22132080001389887,0.59990919762709
ENC00459,v5,0.15641929379856315,0.24115125368569643,0.602429447055773
ENC00461,v5,0.15577746530913789,0.2756878765218932,0.568534652500049
ENC00462,v5,0.17215538250677515,0.2106451181215093,0.6171995010791402
ENC00463,v5,0.2205852804161747,0.2001307337134151,0.5792839899196388
ENC00464,v5,0.16058885663916161,0.24787505968647489,0.5915360880100121
ENC00465,v5,0.15787179665577492,0.2651740988628976,0.576954108556645
ENC00469,v5,0.1956509033134624,0.21141091403342896,0.5929381822916999
ENC00471,v5,0.18882140118096555,0.21597702564701202,0.5952015710728509
ENC00474,v5,0.15678355089730497,0.27032108835393576,0.5728953645812521
ENC00475,v5,0.15944997146725653,0.2459814963314463,0.5945685330559226
ENC00477,v5,0.16263704071927787,0.22730345836371407,0.6100595031017647
ENC00478,v5,0.13152283715589025,0.2788203333582834,0.5896568334548273
ENC00479,v5,0.16247079291326158,0.2298520249862443,0.6076771809774286
ENC00482,v5,0.18971861893078312,0.23193136675399728,0.5783500203397125
ENC00489,v5,0.22689724506603348,0.19727024855562533,0.5758325084291324
ENC00490,v5,0.15586124044979455,0.23371926728327563,0.6104194949007338
ENC00492,v5,0.18770433492331862,0.24265124283243564,0.5696444210605086
ENC00511,v5,0.15967292199346506,0.2481922750300336,0.5921348029765013
ENC00513,v5,0.19601359370757232,0.21033043207770044,0.5936559750275179
ENC00519,v5,0.1621529492583588,0.26751684840687,0.5703302064951319
ENC00524,v5,0.1616537632438743,0.2369050149200032,0.6014412175683141
ENC00529,v5,0.16165434366258064,0.23866198757792464,0.5996836710094225
ENC00538,v5,0.1567248055325435,0.24384756107722316,0.5994276334573557
ENC00543,v5,0.1477146423998333,0.25939896390551614,0.5928864016419365
ENC00548,v5,0.177642104380271,0.2281822073547279,0.5941756925746506
ENC00550,v5,0.15755426495145725,0.2455172735837198,0.5969284587008978
ENC00559,v5,0.1515023050722012,0.23598674004358694,0.612510951589947
ENC00562,v5,0.2147391213401526,0.17951891975117332,0.6057419634165884
ENC00563,v5,0.15438415352920337,0.2558590860239097,0.5897567673985448
ENC00571,v5,0.1666732541504939,0.22267094842947213,0.610655796755651
ENC00573,v5,0.17125865603117524,0.2348009730009614,0.593940369583465
ENC00575,v5,0.20429430005774982,0.22232695874096692,0.573378743900769
ENC00577,v5,0.15172797375062638,0.2977174038803855,0.5505546257477398
ENC00580,v5,0.1932966307766976,0.213247544627877,0.5934558244001481
ENC00581,v5,0.17190206702798605,0.25679888881065627,0.5712990431171475
ENC00587,v5,0.18812223987823182,0.20961090573533014,0.602266865697774
ENC00590,v5,0.14949369926195025,0.2599102238161584,0.5905960727546175
ENC00591,v5,0.15548236838255364,0.20783063722774386,0.6366869973448607
ENC00592,v5,0.20492697606800467,0.16026406540019308,0.6348089592851651
ENC00596,v5,0.16986767844193512,0.23804238782678214,0.5920899336536726
ENC00598,v5,0.18563567549964183,0.2649441197198006,0.5494202102710998
ENC00600,v5,0.10073270301024119,0.2826488970291047,0.6166184064887819
ENC00606,v5,0.13922340675753397,0.2459784447059144,0.6147981453550994
ENC00608,v5,0.19203539469412395,0.2242300241121224,0.5837345813001905
ENC00620,v5,0.17193898246004866,0.24074880997617762,0.5873122075637738
ENC00631,v5,0.20487904130584664,0.2306604877114296,0.5644604716036055
ENC00637,v5,0.12735003499048098,0.28733230481038285,0.5853176585265568
ENC00640,v5,0.16655442376833152,0.249729605041223,0.5837159670225465
ENC00643,v5,0.1320541406858642,0.3231185472939374,0.5448273080137541
ENC00657,v5,0.13906294461730476,0.22541004661600905,0.6355270043119684
ENC00661,v5,0.1259887402979877,0.2998532106087902,0.5741580522905184
ENC00665,v5,0.13930020870433912,0.25026400340376076,0.6104357893820163
ENC00667,v5,0.18712412725601876,0.2278592633748693,0.5850166103669575
ENC00671,v5,0.10443167433559154,0.23984594692863662,0.6557223756120812
ENC00694,v5,0.13675756017411395,0.23368461746057229,0.6295578229640212
ENC00696,v5,0.14535328748946388,0.2530791358090937,0.6015675731003285
ENC00697,v5,0.11811319485716863,0.2630945257500771,0.6187922820585583
ENC00711,v5,0.14343022091568194,0.23039248179305682,0.626177295873111
ENC00717,v5,0.13974291896754568,0.2469641773009693,0.6132929066380302
ENC00720,v5,0.14337932471843326,0.2585236628119852,0.5980970167061862
ENC00721,v5,0.17842192894166653,0.23625912765661874,0.5853189434017148
ENC00727,v5,0.13220435324566146,0.2467419092886542,0.6210537352844289
ENC00729,v5,0.18374501744803695,0.2838232659341134,0.5324317155425081
ENC00730,v5,0.17654609386073916,0.26235363782759297,0.5611002685730917
ENC00734,v5,0.11412184512928912,0.2679415735759233,0.6179365785498369
ENC00744,v5,0.13224658913289508,0.2522843202576041,0.6154690948625405
ENC00747,v5,0.21551550300606828,0.19128084878455723,0.593203650207709
ENC00748,v5,0.18523894516943856,0.2193713439628482,0.5953897075920269
ENC00749,v5,0.15151161463775983,0.25859979311159503,0.5898885913193226
ENC00752,v5,0.15377217953578687,0.25325524106516806,0.5929725806058292
ENC00753,v5,0.16863861843012273,0.24130864460021256,0.5900527369230986
ENC00757,v5,0.15839409423890963,0.22992229299951894,0.6116836128770843
ENC00759,v5,0.19269219360181264,0.24804863493357385,0.5592591724976772
ENC00762,v5,0.17743251067916238,0.20362128629752502,0.6189462068512683
ENC00765,v5,0.04951487528689375,0.3066782546652989,0.6438068679787896
ENC00771,v5,0.15026037998335517,0.2478920296644387,0.6018475864244544
ENC00772,v5,0.17979513607184652,0.22139464127240885,0.5988102259350495
ENC00778,v5,0.16302469491836477,0.2539315047505938,0.5830437963614699
ENC00787,v5,0.13647349192588418,0.2760943188849423,0.5874321990542941
ENC00788,v5,0.1696121374833154,0.2582024848004719,0.572185377011428
ENC00792,v5,0.140914902339379,0.2677469129363696,0.5913381806441715
ENC00797,v5,0.16488800852976995,0.2666721616646853,0.5684398273969519
ENC00801,v5,0.0,0.2517110277687647,0.748288970955169
ENC00802,v5,0.19683853265208504,0.24037738175441822,0.5627840847397844
ENC00807,v5,0.0,0.2158519492439806,0.7841480511395051
ENC00808,v5,0.16057995130186495,0.25067550126949084,0.5887445457603621
ENC00812,v5,0.1772424295883287,0.20764725147323174,0.6151103110927524
ENC00813,v5,0.15596585406684407,0.2739121822603777,0.5701219676172032
ENC00815,v5,0.1644528281021785,0.24159695385219335,0.5939502190876674
ENC00830,v5,0.18126764806068463,0.21270936769635782,0.6060229913048122
ENC00832,v5,0.0,0.29964361383870086,0.7003563854002184
ENC00838,v5,0.188934610764447,0.20078247708366498,0.6102829177520777
ENC00845,v5,0.13329114189743996,0.26261053487658503,0.6040983214378357
ENC00848,v5,0.20724260714729276,0.23470629402230272,0.5580511008743692
ENC00849,v5,0.17744518712323198,0.20874336171614868,0.6138114477357557
ENC00002,v6,0.1976557086325354,0.11869487215845305,0.6836494205542553
ENC00003,v6,0.2387993243326874,0.09754484545709075,0.6636558290767042
ENC00004,v6,0.2661136966275335,0.08893222292049677,0.6449540751706425
ENC00006,v6,0.29780351711934305,0.08600432840194479,0.6161921593060057
ENC00007,v6,0.28960249292549123,0.10761794913036937,0.6027795543496528
ENC00008,v6,0.20807167947292327,0.09997441637462803,0.6919539044584547
ENC00013,v6,0.2579924330760644,0.0736665292876758,0.6683410377952996
ENC00014,v6,0.22267451882362366,0.1398145041471936,0.6375109766431423
ENC00017,v6,0.2270401411435821,0.12064797058701515,0.6523118896917863
ENC00022,v6,0.2838330901740642,0.08615314555249773,0.6300137600537097
ENC00023,v6,0.2146834142324401,0.09983049616126752,0.6854860933815561
ENC00024,v6,0.17773913515190926,0.1397051556937156,0.6825557083852829
ENC00031,v6,0.21296003596775187,0.09765644177044712,0.6893835234567054
ENC00034,v6,0.28126290279347993,0.08178092573894656,0.6369561729026817
ENC00043,v6,0.23876613971096863,0.09246875543552668,0.6687651080479894
ENC00052,v6,0.25661604015706735,0.09223994124111348,0.6511440189082388
ENC00063,v6,0.253927041833498,0.10403843003334667,0.6420345333765964
ENC00064,v6,0.23683370533838588,0.10971511199516859,0.6534511794177991
ENC00065,v6,0.24538190579389635,0.07978519947264204,0.6748328907608492
ENC00067,v6,0.2121378453704742,0.11219482465621529,0.6756673326732916
ENC00080,v6,0.277146730719684,0.07025144675065505,0.6526018243266622
ENC00081,v6,0.21264474191863475,0.09362129568612075,0.6937339596193413
ENC00084,v6,0.2659787678771082,0.09739487023310252,0.6366263620128716
ENC00088,v6,0.26300573247135617,0.09485771405525156,0.6421365563292056
ENC00089,v6,0.2500396169185101,0.11308480315917246,0.6368755802914903
ENC00090,v6,0.28118508487369454,0.08461952386824993,0.634195392639443
ENC00096,v6,0.2643954857242304,0.08360471499439043,0.6519997964848528
ENC00098,v6,0.24128437484119167,0.12275122770881082,0.6359644005907342
ENC00103,v6,0.18580602320770806,0.10715069534042133,0.7070432793922149
ENC00106,v6,0.249109963923042,0.0886369221620099,0.6622531130324285
ENC00111,v6,0.24121467368727062,0.09989483827316666,0.6588904848073256
ENC00113,v6,0.0,0.3400304615497589,0.6599695373039979
ENC00121,v6,0.2378664540537926,0.09433176759368098,0.6678017782213542
ENC00125,v6,0.2364979576913343,0.10340346695949743,0.660098576243373
ENC00128,v6,0.278397495727404,0.07288673990933603,0.6487157637020573
ENC00130,v6,0.21512659131522066,0.10066117752038421,0.6842122281852522
ENC00133,v6,0.30041787968677225,0.08740646854603609,0.6121756534263926
ENC00143,v6,0.24150245464988984,0.10077767072652932,0.6577198723098263
ENC00149,v6,0.24827060314281932,0.08106631098341478,0.6706630851862565
ENC00151,v6,0.0,0.3455569155771157,0.6544430877627998
ENC00159,v6,0.18307192184647936,0.11485954032985458,0.7020685386126209
ENC00162,v6,0.21803846919370182,0.12134896136517755,0.6606125725707427
ENC00164,v6,0.21639012285658926,0.08416543679922449,0.6994444394012704
ENC00167,v6,0.17346965537631306,0.11915447167388496,0.7073758749783724
ENC00170,v6,0.2587007353759625,0.08937296551567588,0.651926298845898
ENC00171,v6,0.23487057379232004,0.11209449169781202,0.6530349366366863
ENC00173,v6,0.2317475838586688,0.11776536907612657,0.6504870438327391
ENC00188,v6,0.1884841570740237,0.11049388613113585,0.7010219568715376
ENC00191,v6,0.28178964180346483,0.08700408422065756,0.6312062740325928
ENC00192,v6,0.23158191187323723,0.16012613383426735,0.6082919572306945
ENC00193,v6,0.12810466093617642,0.1048734248020188,0.7670219159403513
ENC00202,v6,0.21532237184820352,0.09966263124256064,0.6850150009942433
ENC00208,v6,0.222120878631594,0.1203894262176214,0.6574896927233096
ENC00209,v6,0.23057626661929218,0.09030545870449773,0.6791182791485506
ENC00210,v6,0.1947674613825425,0.1440141006519466,0.6612184382975101
ENC00214,v6,0.0,0.37156062774241916,0.6284393743863181
ENC00217,v6,0.24383340306638732,0.12027072127703137,0.6358958738526022
ENC00237,v6,0.2601346528651763,0.0976246024377416,0.6422407423355141
ENC00238,v6,0.24805335159381403,0.08175471239695165,0.6701919320842316
ENC00250,v6,0.2274419093018125,0.11405496750691324,0.6585031208718658
ENC00255,v6,0.25617781857568056,0.13132103880653617,0.6125011457120134
ENC00256,v6,0.2434124043889788,0.15686298705736137,0.5997246043966306
ENC00259,v6,0.2535243448364781,0.06581261722567433,0.6806630395585671
ENC00260,v6,0.21485296492615052,0.12720924989390436,0.6579377830669444
ENC00263,v6,0.19006769839308166,0.12873061065901223,0.6812016886438248
ENC00264,v6,0.23088088899778858,0.099850843395084,0.6692682675981291
ENC00267,v6,0.25044909226042883,0.0986831454781904,0.6508677668514706
ENC00270,v6,0.2305334051275373,0.08175647556173367,0.6877101195517497
ENC00271,v6,0.22732009802712128,0.07104836594953667,0.7016315323999152
ENC00272,v6,0.18625126119276778,0.13172724267551258,0.6820214989766553
ENC00275,v6,0.2104196208288692,0.09877527042558776,0.6908051132316321
ENC00289,v6,0.22227187491080258,0.10153099752824346,0.6761971286032349
ENC00291,v6,0.23977663106014652,0.12746905938632067,0.6327543097157632
ENC00292,v6,0.20321068288210561,0.09791341905663321,0.6988758951830109
ENC00294,v6,0.27980519756674765,0.08917852682527155,0.6310162760317326
ENC00296,v6,0.2413071444186058,0.08948812947623967,0.6692047288733951
ENC00298,v6,0.23434783236847984,0.11456390572194423,0.6510882596174876
ENC00304,v6,0.22659755536005832,0.10856138826056849,0.664841060526669
ENC00306,v6,0.13617081366403147,0.14285585205261295,0.72097333934572
ENC00310,v6,0.197866753602284,0.12723650426778477,0.6748967421008274
ENC00319,v6,0.21563868911330958,0.09202864091566589,0.6923326664420975
ENC00323,v6,0.26485679736360906,0.1090138451254461,0.6261293556541204
ENC00326,v6,0.18178675889903229,0.12957792825964054,0.6886353144824242
ENC00327,v6,0.21311414815136231,0.15080202859826386,0.6360838252585381
ENC00329,v6,0.23924345217454127,0.07917971087372902,0.6815768370771
ENC00330,v6,0.24268863469045213,0.08676266251131892,0.6705487034422286
ENC00336,v6,0.26274843499818934,0.10114394488768015,0.6361076241429848
ENC00337,v6,0.2132305763265554,0.09790597200651277,0.6888634545054841
ENC00341,v6,0.20906548138234496,0.09033227700081484,0.7006022424658359
ENC00344,v6,0.22371796891093254,0.11698565854159884,0.6592963709811533
ENC00349,v6,0.22365839200554996,0.12288611321910335,0.6534554940718477
ENC00358,v6,0.0,0.37798795131119817,0.6220120516690341
ENC00359,v6,0.2386925151746576,0.10770928701488765,0.6535981952814766
ENC00360,v6,0.2783866333629703,0.08707913246507815,0.6345342372078449
ENC00362,v6,0.0648629946547156,0.15169299048644425,0.7834440149141081
ENC00368,v6,0.2683272139914334,0.0866121131600812,0.6450606696307659
ENC00372,v6,0.19837562261423483,0.1040291324054567,0.6975952448881217
ENC00376,v6,0.21414532724958965,0.1003431614774924,0.6855115124430412
ENC00381,v6,0.22997806859322084,0.09350907697509496,0.6765128513177235
ENC00382,v6,0.2799959810125449,0.08882844191359937,0.6311755792173759
ENC00386,v6,0.25519991953026605,0.10104775333122627,0.6437523256282549
ENC00389,v6,0.24500585890306933,0.10860027873139011,0.646393865165187
ENC00390,v6,0.24936938428946134,0.11843611825110212,0.6321944941235127
ENC00392,v6,0.24840683801405467,0.09906099752675909,0.6525321617648376
ENC00393,v6,0.22092777546281103,0.11089111201936143,0.6681811122716158
ENC00402,v6,0.2640875844148601,0.08487045893036738,0.6510419533020113
ENC00403,v6,0.2669251590406382,0.08402727536296331,0.649047563313156
ENC00405,v6,0.2132400466988866,0.10196622846146616,0.6847937250366578
ENC00413,v6,0.25975980884242506,0.08214662713545239,0.6580935579510362
ENC00414,v6,0.20525830694532488,0.09681348376398091,0.6979282083921134
ENC00418,v6,0.2377435486962104,0.08754394388035733,0.6747125055662979
ENC00419,v6,0.20286167512990927,0.13896989375352858,0.6581684316459455
ENC00424,v6,0.23975182375913368,0.08029834802236853,0.6799498301580411
ENC00428,v6,0.10642633864265535,0.11163327669454438,0.7819403876220027
ENC00432,v6,0.2320040070892949,0.09496149406890925,0.6730344999777643
ENC00433,v6,0.24025089642500497,0.11160394723760891,0.648145156196389
ENC00435,v6,0.0,0.35385567617827446,0.6461443243355587
ENC00436,v6,0.22486772584832376,0.08756957051255518,0.6875627033767246
ENC00441,v6,0.23444117415458599,0.11655630873258602,0.649002510182401
ENC00443,v6,0.260319196117612,0.09043809105955566,0.6492427124713476
ENC00444,v6,0.20554188902922502,0.12875419405589658,0.6657039168782122
ENC00451,v6,0.2561476615956053,0.12614756563076904,0.6177047719247639
ENC00453,v6,0.19556757424026727,0.13419322459958494,0.670239201337099
ENC00456,v6,0.19563720499976509,0.14425796684208175,0.6601048251313548
ENC00457,v6,0.23743230047134253,0.09244588423350181,0.6701218154854499
ENC00459,v6,0.20981803151128225,0.11707822576624481,0.6731037373003894
ENC00461,v6,0.24312756875938274,0.08915202796738096,0.6677204003946029
ENC00444,v6,0.20554188902922502,0.12875419405589658,0.6657039168782122
ENC00449,v6,0.2595594024860135,0.08547824396856268,0.6549623522245995
ENC00451,v6,0.2561476615956053,0.12614756563076904,0.6177047719247639
ENC00453,v6,0.19556757424026727,0.13419322459958494,0.670239201337099
ENC00456,v6,0.19563720499976509,0.14425796684208175,0.6601048251313548
ENC00457,v6,0.23743230047134253,0.09244588423350181,0.6701218154854499
ENC00459,v6,0.20981803151128225,0.11707822576624481,0.6731037373003894
ENC00461,v6,0.24312756875938274,0.08915202796738096,0.6677204003946029
ENC00462,v6,0.21746814869219014,0.09247401930360484,0.6900578345320806
ENC00463,v6,0.26636214524676854,0.10403580478900536,0.6296020497313954
ENC00464,v6,0.24777512606155425,0.11392804246520523,0.6382968330981841
ENC00465,v6,0.2618205128519824,0.09657708979258785,0.6416023939546912
ENC00469,v6,0.27745072138017024,0.08458982076208656,0.6379594574464815
ENC00471,v6,0.23952506485381234,0.1319834771149083,0.6284914548272518
ENC00474,v6,0.23741615829971907,0.09501066200857303,0.6675731794577893
ENC00475,v6,0.19589236401665358,0.11637539672665298,0.6877322382765052
ENC00477,v6,0.2281876609971126,0.11505613345948476,0.6567562069921267
ENC00478,v6,0.23349718357835497,0.08631587319874338,0.6801869428157806
ENC00479,v6,0.26884545267504806,0.09541255757760475,0.6357419869479011
ENC00482,v6,0.28485743798978663,0.08250887875313534,0.63263368637774
ENC00489,v6,0.2639520515232359,0.07783247339067415,0.6582154730080508
ENC00490,v6,0.2068970882401024,0.10241773581017077,0.6906851768186412
ENC00492,v6,0.2554311009724278,0.08110821701024375,0.663460678674958
ENC00511,v6,0.25264678987809736,0.089412562105343,0.6579406491966329
ENC00513,v6,0.26330419834102353,0.12199297776415703,0.6147028212585757
ENC00519,v6,0.2751412348506229,0.08449760335115869,0.6403611619941524
ENC00524,v6,0.2607351145124994,0.07166245583312048,0.6676024346379563
ENC00529,v6,0.21751039504458766,0.12091410605978045,0.6615754985372434
ENC00538,v6,0.27250636323061705,0.09418020885412211,0.6333134258038378
ENC00543,v6,0.21296198772532599,0.1147634329378833,0.672274580111309
ENC00548,v6,0.21779743698123213,0.12705445787325115,0.6551481053813711
ENC00550,v6,0.2326193020126084,0.0956601893849438,0.6717205075547099
ENC00559,v6,0.2124157396319788,0.09848454070743173,0.6890997239388525
ENC00562,v6,0.26142837609357245,0.07828239427616877,0.6602892291440837
ENC00563,v6,0.21383437270503394,0.10836744559099849,0.6777981834885962
ENC00571,v6,0.23094320307175317,0.09922511358745396,0.669831686814626
ENC00573,v6,0.2853006682447179,0.07806378587389289,0.6366355438038235
ENC00575,v6,0.27353949455484267,0.09023411516701021,0.6362263948686662
ENC00577,v6,0.2865107808964419,0.07785264290792898,0.6356365768635859
ENC00580,v6,0.2508063271109547,0.08263750664523936,0.6665561628927078
ENC00581,v6,0.2745645282104843,0.09052024575654861,0.6349152266361553
ENC00587,v6,0.22230888735502957,0.12635254971217363,0.6513385599851609
ENC00590,v6,0.2285801268158815,0.0842967656823114,0.6871231060761672
ENC00591,v6,0.21174579835608245,0.08782709942702828,0.7004271021299955
ENC00592,v6,0.25194414559180145,0.0778136540145155,0.6702422029757625
ENC00596,v6,0.2213128892258859,0.13086387858301962,0.6478232328600727
ENC00598,v6,0.3024484916457108,0.08363513268441672,0.6139163755235217
ENC00600,v6,0.19403188940710747,0.10132724252224971,0.7046408683348161
ENC00606,v6,0.21415926862523388,0.09733329860133276,0.6885074334134781
ENC00608,v6,0.2795024890172688,0.08750483244549849,0.632992680534462
ENC00620,v6,0.23589966815393582,0.11792502400209814,0.6461753077739107
ENC00631,v6,0.25257258938851757,0.0887613041961792,0.6586661104843995
ENC00637,v6,0.21568703267678438,0.11142702200954938,0.6728859409151307
ENC00640,v6,0.2218234934820439,0.12503059107696798,0.6531459165708667
ENC00643,v6,0.21543059872779233,0.1420754435150857,0.6424939578388169
ENC00657,v6,0.22148529059874514,0.11932125571830612,0.6591934580355883
ENC00661,v6,0.22259378301166982,0.12862545527793742,0.6487807653568409
ENC00665,v6,0.2707049618749058,0.10589929508483585,0.6233957430895637
ENC00667,v6,0.2909617024872984,0.07257893044678938,0.6364593656290145
ENC00671,v6,0.1538045897498621,0.19596917221837856,0.6502262387715333
ENC00694,v6,0.2350297199505748,0.1016830774532123,0.663287201794711
ENC00696,v6,0.20417023606040405,0.10740129323881366,0.6884284679847666
ENC00697,v6,0.19109147926349015,0.10210457555062714,0.7068039452745801
ENC00711,v6,0.24660392093639344,0.09814846857737464,0.655247606910192
ENC00717,v6,0.21763494312763215,0.09674848996016175,0.6856165654437486
ENC00720,v6,0.2549004733223807,0.07276256611909379,0.6723369601097974
ENC00721,v6,0.2537808243500356,0.08451099245720983,0.6617081847356919
ENC00727,v6,0.1764872133411387,0.12116619472401918,0.7023465921801906
ENC00729,v6,0.24613789186696522,0.11081053597808932,0.6430515740066767
ENC00730,v6,0.2594436071436815,0.11546821312771903,0.6250881781481733
ENC00734,v6,0.17050461769395042,0.12383307583149872,0.7056623089592904
ENC00744,v6,0.18679143502579434,0.13557449614872102,0.6776340688052385
ENC00747,v6,0.2793406366169104,0.08368647231976366,0.6369728906112805
ENC00748,v6,0.2541978300682136,0.08341853782819042,0.6623836347622237
ENC00749,v6,0.2554594772082055,0.07719739178355667,0.6673431330127642
ENC00752,v6,0.26392657859446284,0.11997770005511446,0.6160957165114529
ENC00753,v6,0.24661652384207428,0.09595635664148655,0.6574271200709261
ENC00757,v6,0.229682608647272,0.11049026803812012,0.6598271219059825
ENC00759,v6,0.2792789511291719,0.0887975393916571,0.6319235132598295
ENC00762,v6,0.19474145821320316,0.09607147102653192,0.7091870722631929
ENC00765,v6,0.07662826340266882,0.10715629933862486,0.816215435882191
ENC00771,v6,0.22024406330404936,0.12071721084585947,0.6590387267195832
ENC00772,v6,0.25894711212638544,0.0866444942103151,0.6544083954656825
ENC00778,v6,0.27516220514907647,0.08102849977532108,0.6438092959293148
ENC00787,v6,0.17754373909795987,0.1824238596155363,0.6400324022068696
ENC00788,v6,0.22987869179083242,0.10841284334504356,0.6617084675365024
ENC00792,v6,0.22649665584264717,0.09229215955260793,0.6812111888025781
ENC00797,v6,0.23390735120910433,0.1241286891149663,0.6419639626579106
ENC00801,v6,0.0,0.29671968869221066,0.703280312779509
ENC00802,v6,0.29265955561971935,0.09660772929141709,0.610732712988126
ENC00807,v6,0.0,0.3692290100184354,0.6307709916071458
ENC00808,v6,0.284846605049097,0.06465678967288113,0.6504966069478542
ENC00812,v6,0.24870570422264568,0.09172558676239037,0.6595687106774565
ENC00813,v6,0.2755751013303334,0.0862616205980119,0.6381632807525063
ENC00815,v6,0.20550207524187006,0.11026757807912914,0.6842303468335059
ENC00830,v6,0.25444426649775587,0.09770210215811456,0.6478536340444447
ENC00832,v6,0.0,0.35121485128484925,0.6487851559088148
ENC00838,v6,0.3039997998358948,0.09857049792273236,0.5974297007279736
ENC00845,v6,0.20365250833641144,0.12802430677652007,0.6683231865513254
ENC00848,v6,0.2772628471330943,0.08628303898961713,0.6364541179335057
ENC00849,v6,0.2397628113263991,0.09503083352067666,0.665206348459895
ENC00403,v7,0.1388596659526229,0.287724333225439,0.5734160001079242
ENC00405,v7,0.14861675468087196,0.24116908349096774,0.6102141618728638
ENC00413,v7,0.17127375753336055,0.22445046777526537,0.6042757780962092
ENC00414,v7,0.1194755204487592,0.2799856988422107,0.6005387806799263
ENC00418,v7,0.1668896948969042,0.2394766937773507,0.5936336165612882
ENC00419,v7,0.1480723191391338,0.24986775100908495,0.6020599343559959
ENC00424,v7,0.23458009668522412,0.12871836961084415,0.6367015268594499
ENC00428,v7,0.08362488984316588,0.270803784430027,0.6455713217258453
ENC00432,v7,0.144147698411612,0.25532411447748904,0.6005281791454409
ENC00433,v7,0.18547818147473866,0.20819083988137635,0.6063309777298092
ENC00435,v7,0.0,0.3589245110750198,0.6410754879315694
ENC00436,v7,0.17220102952978084,0.20513265215941057,0.622666314130521
ENC00441,v7,0.1660047771989322,0.23395360963510686,0.6000416124941873
ENC00443,v7,0.1750811327960384,0.25670369074083443,0.5682151823231344
ENC00444,v7,0.16544643492626965,0.22563792906589525,0.6089156364139757
ENC00451,v7,0.18553322903355773,0.26576665750875766,0.5487001097323944
ENC00453,v7,0.13725126165151597,0.233764982432127,0.6289837553501129
ENC00457,v7,0.18167172850818808,0.2290310936407485,0.5892971737669148
ENC00459,v7,0.1590470731831514,0.24003498477267696,0.600917942248858
ENC00461,v7,0.15776337385177613,0.25526146433855357,0.5869751669858632
ENC00462,v7,0.17584040404545317,0.18346623477371907,0.6406933630970743
ENC00444,v7,0.16544643492626965,0.22563792906589525,0.6089156364139757
ENC00449,v7,0.19931825854276355,0.21137456686088912,0.5893071745571338
ENC00451,v7,0.1831023884617319,0.2677704288501932,0.5491271819731202
ENC00453,v7,0.13725126165151597,0.233764982432127,0.6289837553501129
ENC00457,v7,0.18658551558359596,0.19888881356878715,0.6145256681383149
ENC00459,v7,0.1590470731831514,0.24003498477267696,0.600917942248858
ENC00461,v7,0.15404821586127232,0.2726861174509983,0.5732656735362429
ENC00462,v7,0.17584040404545317,0.18346623477371907,0.6406933630970743
ENC00463,v7,0.2048436931588433,0.23363448602478365,0.5615218217707862
ENC00464,v7,0.1447458201302932,0.33176132275180503,0.5234928488076388
ENC00465,v7,0.18428298702294177,0.24639565731314095,0.5693213579329577
ENC00469,v7,0.1944612222856709,0.21777921742094414,0.5877595594951085
ENC00471,v7,0.20884883794817866,0.1882326174758791,0.6029185460220953
ENC00474,v7,0.16631090274359298,0.2522717083650311,0.581417388334049
ENC00475,v7,0.16323346841252512,0.24976574629545212,0.5870007847746214
ENC00477,v7,0.14888667828506894,0.2734301066233052,0.5776832226249907
ENC00478,v7,0.1648338757779287,0.23700544628436152,0.5981606771116671
ENC00479,v7,0.16570873171209344,0.22560687682458333,0.6086843933850999
ENC00482,v7,0.1920959567350726,0.26059724710961824,0.5473067943126925
ENC00489,v7,0.2087618036866188,0.18222792595624923,0.6090102710723877
ENC00490,v7,0.1525574812650188,0.22104951108166995,0.6263930075917362
ENC00492,v7,0.20555893260808217,0.2214783073003803,0.5729627612091246
ENC00511,v7,0.17120694323274932,0.23243283101769743,0.5963602290778863
ENC00513,v7,0.20010250048904582,0.17719033343781684,0.6227071671650327
ENC00519,v7,0.15673870302137288,0.22912957416526203,0.6141317224708097
ENC00524,v7,0.1820949861544302,0.2286234924933691,0.5892815261051573
ENC00529,v7,0.1708695058427427,0.23713964167172494,0.5919908518376558
ENC00538,v7,0.16638288655806155,0.26009422008480343,0.5735228960476224
ENC00543,v7,0.14531597126390516,0.2734892278064772,0.5811948023506046
ENC00548,v7,0.20253636178870996,0.21119598026076952,0.5862676580746968
ENC00550,v7,0.1959903717347204,0.2076482467914689,0.5963613778760989
ENC00559,v7,0.1513538424072689,0.2470231485111933,0.601623011850997
ENC00562,v7,0.2071461946871437,0.18015653305671742,0.6126972739813757
ENC00563,v7,0.14036969425178122,0.28239622343888227,0.5772340880043205
ENC00571,v7,0.14802761106237547,0.24104900925017114,0.6109233818837067
ENC00573,v7,0.18576891628474418,0.24451829910173384,0.5697127821999537
ENC00575,v7,0.2007835190743208,0.21759038027780858,0.5816260968213496
ENC00577,v7,0.14610562531341767,0.30022883376684684,0.553665546507671
ENC00580,v7,0.1636527334295568,0.25783914370196204,0.5785081190722329
ENC00581,v7,0.180187015221096,0.2375620765468249,0.5822509037187467
ENC00587,v7,0.17504543573485584,0.23287614913085314,0.592078420590228
ENC00590,v7,0.16489091633570077,0.2606751823263003,0.5744338991618393
ENC00591,v7,0.1588722198809448,0.22027456381995428,0.6208532201616388
ENC00592,v7,0.2075179116400473,0.138918977893569,0.6535631072667479
ENC00596,v7,0.17247686993363684,0.23468217771269578,0.5928409503097027
ENC00598,v7,0.1657998065834176,0.27235542671525315,0.5618447681812391
ENC00600,v7,0.10287037943588927,0.3192192259779636,0.5779103918912563
ENC00606,v7,0.149108132892629,0.245594675925265,0.6052971934763397
ENC00608,v7,0.1926643048492513,0.1896743734850902,0.6176613236582557
ENC00620,v7,0.1711672912351787,0.255367794038298,0.5734649154429252
ENC00631,v7,0.18294529538601637,0.2559253605082631,0.5611293455958366
ENC00637,v7,0.15249978924549898,0.26599502888987364,0.5815051851920712
ENC00640,v7,0.17654412431301367,0.21423768679755675,0.6092181885746163
ENC00643,v7,0.13351952847601337,0.31458231527358294,0.5518981506201354
ENC00657,v7,0.1657081979016463,0.2275818553852274,0.6067099435955075
ENC00661,v7,0.13517500616477005,0.2889367954672447,0.575888200529984
ENC00665,v7,0.16048407195768224,0.27346314513765346,0.5660527813325235
ENC00667,v7,0.20724993090077146,0.21408780412824174,0.5786622709375087
ENC00671,v7,0.09893500777192352,0.2755022297405507,0.6255627675982546
ENC00694,v7,0.175018074289533,0.21824472096130137,0.6067372071379014
ENC00696,v7,0.15236654478793193,0.25908625317793904,0.588547202974859
ENC00697,v7,0.1238090853154097,0.2522502435757866,0.6239406713899577
ENC00711,v7,0.15076556563246668,0.2615681011883313,0.5876663345516774
ENC00717,v7,0.15165792605416342,0.24855170249938965,0.5997903688387437
ENC00720,v7,0.1664518520570873,0.2111003561301178,0.622447794407941
ENC00721,v7,0.16345237179434505,0.24048567527969336,0.596061950870629
ENC00727,v7,0.1293892359300967,0.24640575348730048,0.6242050107929015
ENC00729,v7,0.18430035744201054,0.256275940652598,0.559423705664548
ENC00730,v7,0.16122039824020207,0.2953196734659315,0.5434599312271658
ENC00734,v7,0.1304791632189056,0.22120926878231717,0.6483115711080747
ENC00744,v7,0.1632030729602263,0.24819427189751736,0.5886026502234264
ENC00747,v7,0.20601369546470688,0.21088505757278672,0.5831012448259428
ENC00748,v7,0.17455360812359844,0.18990563906986138,0.6355407429152522
ENC00749,v7,0.177826143687463,0.19630158733832473,0.6258722707515455
ENC00752,v7,0.15901851281523705,0.26949105358549524,0.5714904255100659
ENC00753,v7,0.1710108106928891,0.20385700749719274,0.6251321847456089
ENC00757,v7,0.15239394561643094,0.2523227035175119,0.5952833429374526
ENC00759,v7,0.22038068262847155,0.20954585270760775,0.5700734620327716
ENC00762,v7,0.16359494530479424,0.19675045848998707,0.6396545961033553
ENC00765,v7,0.043510071715391285,0.2941418380365459,0.6623480888681674
ENC00771,v7,0.17843405578774635,0.2325577630162841,0.5890081780727463
ENC00772,v7,0.16693100754033635,0.2463113456895506,0.586757647494475
ENC00778,v7,0.15617293628182874,0.2966335979637815,0.5471934669498187
ENC00787,v7,0.11418009040478085,0.28664003565375296,0.5991798751056194
ENC00788,v7,0.1705662112094854,0.23113647344193064,0.5982973158807683
ENC00792,v7,0.13238344202901042,0.2802970907253812,0.5873194655706716
ENC00797,v7,0.16974416844270848,0.2539607358199579,0.5762950921500171
ENC00801,v7,0.0,0.28153930523911036,0.7184606935526874
ENC00802,v7,0.203714927097401,0.22576340822031699,0.5705216605979276
ENC00807,v7,0.0,0.24018133521680063,0.7598186663333202
ENC00808,v7,0.18745650159222865,0.2127635464795045,0.599779952595483
ENC00812,v7,0.18647601139975023,0.21683521085494273,0.596688777745307
ENC00813,v7,0.19621739482007375,0.19880676928271607,0.6049758365483788
ENC00815,v7,0.1490903374635511,0.29177845792756196,0.5591311977496223
ENC00830,v7,0.17994748223402085,0.24034680323589833,0.5797057206477594
ENC00832,v7,0.0,0.3280126187255827,0.6719873810218553
ENC00838,v7,0.1887002497218376,0.25411958949163904,0.5571801662445068
ENC00845,v7,0.1423976942016853,0.26221892375528344,0.5953833824536932
ENC00848,v7,0.19023057367912558,0.23791484110230623,0.5718545827061631
ENC00849,v7,0.16955041156692818,0.23839430973588766,0.5920552804574861
