encounter_id,version,image_avg,text_avg,sink_avg
ENC00002,v1,0.1328423708738362,0.049677694849975286,0.8174799299630963
ENC00003,v1,0.1435354666340919,0.8556127042997451,0.0008518334199054932
ENC00004,v1,0.1688083711763223,0.06507226708655556,0.7661193641026814
ENC00006,v1,0.18552665412425995,0.053532553468870016,0.7609407916790297
ENC00007,v1,0.17771518155932425,0.06115101569642623,0.7611338059107463
ENC00008,v1,0.11578291377956325,0.046985713967887484,0.8372313698919693
ENC00013,v1,0.15078872210293445,0.04919043963529029,0.800020843744278
ENC00014,v1,0.15603378134788853,0.06557500809615496,0.7783912113397429
ENC00017,v1,0.14019925206354478,0.06769839084207467,0.7921023579632364
ENC00022,v1,0.1684112745647629,0.04659067640895955,0.7849980473518372
ENC00023,v1,0.13762761590381464,0.05388112247958049,0.8084912563071531
ENC00024,v1,0.12623281839948433,0.07994342631158921,0.7938237621234013
ENC00031,v1,0.12565835350719484,0.053709097783607634,0.8206325503795043
ENC00034,v1,0.17146692446608475,0.05622649868356361,0.7723065735637278
ENC00043,v1,0.11993483808345912,0.06536586365730661,0.8146992965442378
ENC00052,v1,0.1560742976516485,0.051020983832422644,0.7929047161340713
ENC00063,v1,0.1372334879110841,0.06562624204465571,0.7971402722246507
ENC00064,v1,0.16325264734526476,0.06184521993099336,0.7749021267681792
ENC00065,v1,0.14716596853467498,0.04788115829930152,0.80495287286173
ENC00067,v1,0.12888897834425297,0.06047370530760441,0.8106373207181947
ENC00080,v1,0.15172490596093915,0.8465878326784481,0.001687264673901981
ENC00081,v1,0.12930613396798862,0.061003265699700396,0.8096906037891612
ENC00084,v1,0.17585371001089206,0.8241462893173342,0
ENC00088,v1,0.1545451250745029,0.056939911263866154,0.7885149596183281
ENC00089,v1,0.15982049974528226,0.04787018744444305,0.792309305342761
ENC00090,v1,0.16998235521645383,0.05508081588744261,0.7749368281200014
ENC00096,v1,0.14589227173753358,0.04660810366773081,0.8074996245128138
ENC00098,v1,0.14357056530813375,0.8564294342483793,0
ENC00103,v1,0.11613247990608215,0.054911583839831024,0.8289559348063036
ENC00106,v1,0.15066709350316954,0.06453834025738522,0.7847945659588544
ENC00111,v1,0.13479343225616355,0.057207410868127334,0.8079991520837296
ENC00113,v1,0,0.0877661377273719,0.9122338641215774
ENC00121,v1,0.1291217073225058,0.04645600948785233,0.82442228610699
ENC00125,v1,0.1323668285831809,0.049808981851674615,0.8178241902589798
ENC00128,v1,0.1637871674792741,0.05337471356715567,0.7828381176917784
ENC00130,v1,0.12856292071761471,0.8714370821962262,0
ENC00133,v1,0.17485948862398373,0.05489593148779343,0.7702445801566629
ENC00143,v1,0.14221883681997405,0.05315231854269691,0.8046288470090446
ENC00149,v1,0.14996197325618643,0.04623691305322082,0.803801114935624
ENC00151,v1,0,0.13456030379309028,0.8654396983443714
ENC00159,v1,0.1188531539713343,0.05613174166951683,0.8250150985661007
ENC00162,v1,0.127582624853745,0.05086848750730881,0.8215488865427727
ENC00164,v1,0.1264347595592531,0.0603855191058336,0.8131797199065869
ENC00167,v1,0.0993947044842773,0.05682832041962279,0.8437769750754038
ENC00170,v1,0.15762252693480633,0.050810596331002864,0.7915668724276496
ENC00171,v1,0.1346273173049495,0.07736303224354177,0.7880096532203056
ENC00173,v1,0.13085495330849473,0.07096797230710485,0.798177075021121
ENC00188,v1,0.11077468142470467,0.05414371460101733,0.8350816029254521
ENC00191,v1,0.16746900782540994,0.04626763411107714,0.7862633560542707
ENC00192,v1,0.1612503782723301,0.06492262866434663,0.7738269923269286
ENC00193,v1,0.051827710043324766,0.06242062642340021,0.8857516682291605
ENC00202,v1,0.11861464000025461,0.058147598832282564,0.8232377677462822
ENC00208,v1,0.14875669738855854,0.06940483694210992,0.7818384656960937
ENC00209,v1,0.14331646213337543,0.04082479885971499,0.815858738289939
ENC00210,v1,0.1282363175931904,0.08648203341290354,0.7852816436025831
ENC00214,v1,0,0.16750833224505185,0.832491660118103
ENC00217,v1,0.1561113676165833,0.06346211935776998,0.7804265106425566
ENC00237,v1,0.14885752544236872,0.05365801238356373,0.7974844632240442
ENC00238,v1,0.14224572968366858,0.059178906015132544,0.7985753641500102
ENC00250,v1,0.13329972678588498,0.05781327577618261,0.8088869982295566
ENC00255,v1,0.16981813817730415,0.06807462682785548,0.7621072342862254
ENC00256,v1,0.1598914579927236,0.08147204853594303,0.7586364937924791
ENC00259,v1,0.1464511642926464,0.8535488353056067,0
ENC00260,v1,0.12579360676567947,0.052984980572668365,0.8212214134522339
ENC00263,v1,0.12066862002015113,0.07130036799858014,0.8080310106277466
ENC00264,v1,0.14065476238161703,0.06577524481506287,0.7935699926146979
ENC00267,v1,0.1540502239128246,0.054519712449024045,0.7914300639839733
ENC00270,v1,0.12824326648678577,0.03818292408840547,0.8335738064537586
ENC00271,v1,0.13663476839795843,0.04888427229010844,0.8144809625170253
ENC00272,v1,0.10893281403928995,0.06745164196472615,0.823615540266037
ENC00275,v1,0.12165438165622099,0.06973132376026894,0.8086142991270338
ENC00289,v1,0.14044854357129052,0.05788409332079547,0.8016673593294052
ENC00291,v1,0.14775280078703706,0.06176884270382005,0.7904783533765124
ENC00292,v1,0.12485560512458774,0.07170643371490526,0.8034379574614512
ENC00294,v1,0.16316493184616168,0.046379314741352574,0.7904557541012764
ENC00296,v1,0.1357945964485407,0.05953972280956805,0.8046656799316406
ENC00298,v1,0.1523269702680409,0.05946771577000618,0.7882053151726722
ENC00304,v1,0.12390763735369084,0.058772920592067145,0.8173194466129182
ENC00306,v1,0.06125849291968804,0.08334539592839205,0.8553961066099314
ENC00310,v1,0.12696976732695475,0.06339821401707013,0.8096320172771811
ENC00319,v1,0.13380140040276778,0.06766237192399178,0.7985362278090583
ENC00323,v1,0.1699530448893021,0.04883287708347278,0.7812140789525263
ENC00326,v1,0.1141284572302687,0.0675865442073923,0.8182849926607949
ENC00327,v1,0.13945702951401473,0.06545973825501278,0.7950832343101502
ENC00329,v1,0.14249020502680823,0.05207533235439942,0.8054344597316924
ENC00330,v1,0.1395414603341903,0.051185912144969085,0.8092726224235126
ENC00336,v1,0.15798280237738146,0.0495841413022899,0.792433053528497
ENC00337,v1,0.13566879235693943,0.06487703609341026,0.7994541720203732
ENC00341,v1,0.11072834902145762,0.04857359649960269,0.8406980519599103
ENC00344,v1,0.1298335700822893,0.05729336430167043,0.8128730645475462
ENC00349,v1,0.13978872251297747,0.07877563677195992,0.7814356378146581
ENC00358,v1,0,0.155922488667644,0.844077508036907
ENC00359,v1,0.15392127016352283,0.05487388006101052,0.7912048512034946
ENC00360,v1,0.16777084901366593,0.057433679568106834,0.7747954720596097
ENC00362,v1,0.0457483519872074,0.1024075771593267,0.8518440687940234
ENC00368,v1,0.17580703399547443,0.042140252572872974,0.7820527140549788
ENC00372,v1,0.12421588474009411,0.06603871427296874,0.8097454029393484
ENC00376,v1,0.11392129637018035,0.0595664983744957,0.8265122137492216
ENC00381,v1,0.13484500034859306,0.06021366969339157,0.8049413279483193
ENC00382,v1,0.16246894390686697,0.055363426177317036,0.7821676348862441
ENC00386,v1,0.16504074038507846,0.048915455964071534,0.7860438015598518
ENC00389,v1,0.14129301010705958,0.05894000436468371,0.7997669885898459
ENC00390,v1,0.16061718470993497,0.05892138092645577,0.7804614384969075
ENC00392,v1,0.1440402491461663,0.052849862014963514,0.8031098927770343
ENC00393,v1,0.1294431887503903,0.04604569824917589,0.8245111158338644
ENC00402,v1,0.16990621880783388,0.051931113717728294,0.77816266939044
ENC00403,v1,0.15998268179515357,0.8392916590936722,0.0007256594685567243
ENC00405,v1,0.13145679980516434,0.06301537197065989,0.8055278300135224
ENC00413,v1,0.1582006387502314,0.05634491896840284,0.7854544383933745
ENC00414,v1,0.12430555589288195,0.0738453673912543,0.801849076681048
ENC00418,v1,0.14263902890399613,0.05454308064734756,0.8028178908701601
ENC00419,v1,0.13006825343920633,0.0686473855237057,0.8012843629816077
ENC00424,v1,0.14167904415754257,0.8583209564288458,0
ENC00428,v1,0.0529946089918284,0.0676237599434037,0.8793816346871225
ENC00432,v1,0.14035359580408444,0.8583162535320629,0.0013301514494246062
ENC00433,v1,0.15085265175862747,0.06414529767988081,0.7850020506165244
ENC00435,v1,0,0.179909657348286,0.8200903444579153
ENC00436,v1,0.13779737291079533,0.06223046758412561,0.7999721622165246
ENC00441,v1,0.13998611778521738,0.05287117659732574,0.807142705977464
ENC00443,v1,0.15921537759196427,0.061728986491087,0.779055637617906
ENC00444,v1,0.13709281919279484,0.056289131480334986,0.8066180474830397
ENC00451,v1,0.1713184058279186,0.06893262868239121,0.7597489612443107
ENC00453,v1,0.12927557738428866,0.06540995042477907,0.8053144740837591
ENC00456,v1,0.13555695576702848,0.058593481846056346,0.8058495661791634
ENC00457,v1,0.14667752641017992,0.05897019255078501,0.7943522749525128
ENC00459,v1,0.12582085735914184,0.06008458224965668,0.8140945601754073
ENC00461,v1,0.14521974219264938,0.046694671714623624,0.8080855859260933
ENC00444,v1,0.13709281919279484,0.056289131480334986,0.8066180474830397
ENC00449,v1,0.1480196875318424,0.8504725848276591,0.0015077313887418642
ENC00451,v1,0.1713184058279186,0.06893262868239121,0.7597489612443107
ENC00453,v1,0.12927557738428866,0.06540995042477907,0.8053144740837591
ENC00456,v1,0.13555695576702848,0.058593481846056346,0.8058495661791634
ENC00457,v1,0.14667752641017992,0.05897019255078501,0.7943522749525128
ENC00459,v1,0.12582085735914184,0.06008458224965668,0.8140945601754073
ENC00461,v1,0.14521974219264938,0.046694671714623624,0.8080855859260933
ENC00462,v1,0.13518327722946802,0.06420963194522292,0.8006070900445033
ENC00463,v1,0.15887263126071843,0.8402009647468041,0.0009264116360382417
ENC00464,v1,0.14658676939351217,0.07556509722459626,0.7778481384376427
ENC00465,v1,0.16846069114075768,0.06136340038551961,0.7701759021959187
ENC00469,v1,0.15833968872373755,0.054095005621837285,0.7875653071836992
ENC00471,v1,0.16053910463145285,0.07037548662041022,0.7690854090632815
ENC00474,v1,0.16017640351263945,0.05130099330418782,0.7885226070388289
ENC00475,v1,0.12315705080206195,0.05778777801509326,0.8190551728010178
ENC00477,v1,0.15102578691662627,0.054057408961407996,0.7949168014188185
ENC00478,v1,0.1541590673642026,0.05116173195031782,0.7946792046229044
ENC00479,v1,0.15886795571760126,0.0564257362857461,0.7847063064575195
ENC00482,v1,0.1725988887589086,0.03888184305238114,0.7885192628159667
ENC00489,v1,0.15316895647632955,0.04526778083351074,0.8015632665518558
ENC00490,v1,0.13758457706779495,0.04702707528908793,0.8153883488769205
ENC00492,v1,0.15719141591435823,0.8428085881930131,0
ENC00511,v1,0.16846697605573213,0.05409496161155403,0.7774380577298311
ENC00513,v1,0.14645903471570748,0.06196189854437342,0.7915790646504133
ENC00519,v1,0.16262998214026667,0.04932557593345783,0.7880444487310806
ENC00524,v1,0.15431549345676818,0.04888460893979233,0.796799891450432
ENC00529,v1,0.14838292445573542,0.06169371717712945,0.7899233566390144
ENC00538,v1,0.15977538645267486,0.840224609375,0
ENC00543,v1,0.12714865250350202,0.06480609547364914,0.808045249540829
ENC00548,v1,0.15370851502580157,0.0562081743126451,0.790083306320643
ENC00550,v1,0.13544419805997263,0.06141681393618306,0.8031389889893709
ENC00559,v1,0.12236605674427535,0.056971002977141846,0.8206629412514823
ENC00562,v1,0.14339409033591682,0.05613020382746047,0.8004757053143269
ENC00563,v1,0.1394322608606984,0.05161883399793596,0.8089489039748606
ENC00571,v1,0.14144876905317819,0.055902031976507886,0.8026491992530369
ENC00573,v1,0.158287579034056,0.047661309312319475,0.7940511147181193
ENC00575,v1,0.16487675666427,0.05366598875918545,0.7814572537556673
ENC00577,v1,0.1762638624697443,0.04976491481366177,0.77397121489048
ENC00580,v1,0.14999202698949846,0.8500079704869178,0
ENC00581,v1,0.16469005337267212,0.050275634390988734,0.7850343133464004
ENC00587,v1,0.14900188524472086,0.05351475390213493,0.7974833576302779
ENC00590,v1,0.1469345113556636,0.05461050032172352,0.7984549854931079
ENC00591,v1,0.12132721292701634,0.058106497094750104,0.8205662839340441
ENC00592,v1,0.14677798898028047,0.03636901772068501,0.8168529940131527
ENC00596,v1,0.14539145372976037,0.06445683922646638,0.7901517049710554
ENC00598,v1,0.1922209198501977,0.050586318284992805,0.7571927647699009
ENC00600,v1,0.11336323273809333,0.07365250934503581,0.8129842563679344
ENC00606,v1,0.1220066409971979,0.04723315248610797,0.8307602100902134
ENC00608,v1,0.1814928168727868,0.03675610752965229,0.7817510781080826
ENC00620,v1,0.16011472040007257,0.06029865639602654,0.7795866248954055
ENC00631,v1,0.15052844858863978,0.8494715517007031,0
ENC00637,v1,0.1371992763009045,0.056985040087825976,0.8058156829613906
ENC00640,v1,0.12210162429184448,0.07374930507844178,0.8041490694371666
ENC00643,v1,0.14512164429715363,0.07099962025180016,0.783878740697804
ENC00657,v1,0.1420937276383241,0.06343444616844257,0.7944718265533447
ENC00661,v1,0.13402654571752798,0.06016246193137608,0.8058109942235445
ENC00665,v1,0.16336655877530576,0.0637567252793815,0.7728767201304436
ENC00667,v1,0.15997816306782198,0.8390929623767063,0.0009288760465186988
ENC00671,v1,0.09588761421687463,0.08984904609182302,0.814263336798724
ENC00694,v1,0.14575664158705826,0.8542433564479535,0
ENC00696,v1,0.13588866521998988,0.05821991150693621,0.8058914269431162
ENC00697,v1,0.10810007066710998,0.0986177295103277,0.7932821998470708
ENC00711,v1,0.13158199339009383,0.06855511281173676,0.7998628958183176
ENC00717,v1,0.1412339181240116,0.05513480675290339,0.8036312758922577
ENC00720,v1,0.1363736869696575,0.8636263148694099,0
ENC00721,v1,0.14792334631783888,0.0762794161128113,0.7757972348481417
ENC00727,v1,0.11355379485386483,0.062281147091391875,0.8241650601650806
ENC00729,v1,0.15320442222918457,0.06536714528920129,0.7814284333815942
ENC00730,v1,0.17323666323568218,0.826763336903581,0
ENC00734,v1,0.10115107053587603,0.07602168850297499,0.8228272400623144
ENC00744,v1,0.11014769967184977,0.08125307671516464,0.8085992222421625
ENC00747,v1,0.17135307588374493,0.04834063824016562,0.7803062888764843
ENC00748,v1,0.16123788238599382,0.052596351367303694,0.7861657690727848
ENC00749,v1,0.14742663706818673,0.8525733588493034,0
ENC00752,v1,0.15414806165020256,0.07210055411355022,0.7737513824420816
ENC00753,v1,0.16614987406429355,0.05610445134628277,0.7777456739446619
ENC00757,v1,0.1408014384408792,0.06716929671665033,0.7920292647679646
ENC00759,v1,0.1658608170249794,0.05634744053329282,0.7777917407735994
ENC00762,v1,0.12610801751330747,0.049397934293295497,0.8244940512261149
ENC00765,v1,0.026984801202121635,0.06833794278403123,0.9046772554300834
ENC00771,v1,0.13340119046606416,0.0646783936086778,0.8019204135016194
ENC00772,v1,0.16155682250180028,0.042364681476134466,0.7960784944621
ENC00778,v1,0.16537656696283654,0.8346234364052342,0
ENC00787,v1,0.13376229864698422,0.06261845257817002,0.8036192474485953
ENC00788,v1,0.1479492142264332,0.056125541132095516,0.7959252425602504
ENC00792,v1,0.13463223109849626,0.06711258803908196,0.7982551761799388
ENC00797,v1,0.14887052045291305,0.07112539797209394,0.7800040846197014
ENC00801,v1,0,0.10090843103993852,0.8990915643202292
ENC00802,v1,0.17951810605163815,0.05616687614282098,0.764315019679975
ENC00807,v1,0,0.16379556730389594,0.8362044379115104
ENC00808,v1,0.1684900505265387,0.8315099495472295,0
ENC00812,v1,0.15842453433343998,0.06036411383404182,0.7812113509728358
ENC00813,v1,0.16289183272359273,0.05436689711981065,0.7827412647505602
ENC00815,v1,0.13538844232539554,0.05976696273537128,0.8048445968837529
ENC00830,v1,0.15752468104748166,0.8424753231160781,0
ENC00832,v1,0,0.1634149394929409,0.8365850627422333
ENC00838,v1,0.18951496506457802,0.04934144325830697,0.7611435835178082
ENC00845,v1,0.12894918182459864,0.06445464040102113,0.8065961793712948
ENC00848,v1,0.16639692716948365,0.054003388590543815,0.779599684736003
ENC00849,v1,0.13962215474910206,0.06339228232132478,0.7969855657882161
ENC00002,v2,0.12860814499855042,0.05368533265963197,0.8177065238952637
ENC00003,v2,0.14313459667292508,0.0519813807667092,0.8048840213303614
ENC00004,v2,0.15576087047656378,0.06516476976374785,0.7790743637084961
ENC00006,v2,0.17009689126695907,0.07042447277498277,0.7594786378053519
ENC00007,v2,0.1593639083482601,0.07374977883825332,0.7668863108128677
ENC00008,v2,0.11776331264493811,0.04732051968940685,0.834916164732387
ENC00013,v2,0.14600791583030387,0.05205682242000154,0.8019352529583306
ENC00014,v2,0.15278007487938242,0.0703446826472589,0.7768752464970339
ENC00017,v2,0.13814097845359988,0.06146461502952582,0.8003944080808888
ENC00022,v2,0.1574520747274605,0.04783714629897375,0.7947107775887446
ENC00023,v2,0.13747605312653263,0.05522146213310535,0.807302490027264
ENC00024,v2,0.12280383982828685,0.08167702023472105,0.7955191339765276
ENC00031,v2,0.11954378784589824,0.05637538476869287,0.8240808283998853
ENC00034,v2,0.15876529308465812,0.06250198406095687,0.7787327243731572
ENC00043,v2,0.11408783514432762,0.06461967093565939,0.8212924940245492
ENC00052,v2,0.15529077956753393,0.048200236761101314,0.7965089883855594
ENC00063,v2,0.1365969035125107,0.05565524165339153,0.8077478550989693
ENC00064,v2,0.1594590607124406,0.07240481966653385,0.7681361216682572
ENC00065,v2,0.14090481907129287,0.05874753949698061,0.800347644686699
ENC00067,v2,0.12069754759696397,0.07622118821706284,0.8030812642791054
ENC00080,v2,0.1413243665297826,0.8568991843859355,0.0017764447725494392
ENC00081,v2,0.12756629526615143,0.06024986475240439,0.8121838396787644
ENC00084,v2,0.16707443730053256,0.05356121850121072,0.7793643464476375
ENC00088,v2,0.15685004269590183,0.05641519066047709,0.7867347654842195
ENC00089,v2,0.15888675766027704,0.06213924326762861,0.7789739984638837
ENC00090,v2,0.16691350839708163,0.05360974395222476,0.7794767495082773
ENC00096,v2,0.13685303832431442,0.051153698330293006,0.811993262142811
ENC00098,v2,0.14033811850638328,0.07702936408923397,0.7826325184182276
ENC00103,v2,0.11006579175591469,0.07079550827506419,0.8191387016399234
ENC00106,v2,0.1449572133724807,0.05486818184870005,0.800174601253916
ENC00111,v2,0.12373268687062794,0.06245840601278124,0.813808904753791
ENC00113,v2,0.0,0.1262199142947793,0.8737800802503314
ENC00121,v2,0.12167132970083643,0.05226579556862513,0.8260628741096567
ENC00125,v2,0.13311575975198792,0.05039267931660672,0.8164915566174489
ENC00128,v2,0.15638572104713497,0.061514433199430216,0.7820998444276698
ENC00130,v2,0.12895617470308973,0.06196510380870857,0.8090787222097208
ENC00133,v2,0.16527091750297054,0.05545761433815391,0.779271466978665
ENC00143,v2,0.13986447889708045,0.05385680495100653,0.806278720880166
ENC00149,v2,0.15494714928074524,0.04653105292415533,0.798521797817487
ENC00151,v2,0.0,0.1223412689108115,0.8776587321208074
ENC00159,v2,0.11644303528913136,0.056924588341351556,0.8266323825408672
ENC00162,v2,0.12700068114595559,0.05310140300065791,0.8198979142057987
ENC00164,v2,0.11006205672254929,0.05106384275355735,0.8388741033581587
ENC00167,v2,0.09518113102257987,0.06359654476429209,0.8412223222814961
ENC00170,v2,0.14470873528625816,0.062263389365398325,0.7930278722196817
ENC00171,v2,0.13176617041851083,0.06358524787938222,0.8046485791603725
ENC00173,v2,0.12208906285321483,0.07149972172024158,0.8064112141728401
ENC00188,v2,0.1035633121981569,0.06148732176212513,0.8349493677201478
ENC00191,v2,0.16477941160923557,0.053225976861033,0.7819946063192267
ENC00192,v2,0.1533804226337987,0.07945576405344422,0.7671638122376274
ENC00193,v2,0.05062375865577732,0.06575010476036021,0.8836261343072962
ENC00202,v2,0.11592990272523214,0.055458064744016156,0.8286120370030403
ENC00208,v2,0.14314559864049609,0.07015872061972252,0.7866956815123558
ENC00209,v2,0.1382404135540128,0.040577362195472234,0.8211822260171175
ENC00210,v2,0.124854573690229,0.08756511304527521,0.7875803099738227
ENC00214,v2,0.0,0.13956544131545698,0.8604345614627257
ENC00217,v2,0.1485286656467394,0.07217396844992008,0.7792973641691536
ENC00237,v2,0.14697723610783522,0.054582915973919885,0.7984398558454694
ENC00238,v2,0.1391641183084325,0.06305341205052749,0.7977824739263027
ENC00250,v2,0.12213463276022613,0.06399597276961713,0.8138693932330969
ENC00255,v2,0.15449831888330082,0.06636223988216214,0.7791394421032497
ENC00256,v2,0.15465321991501785,0.08379085297787153,0.7615559268288496
ENC00259,v2,0.14299320326927972,0.8566493446729622,0.0003574440331518343
ENC00260,v2,0.12151760532768495,0.059112083397532274,0.8193703107877609
ENC00263,v2,0.11780016881863722,0.06525560615458682,0.8169442234414347
ENC00264,v2,0.13324323509420669,0.06548529679706434,0.8012714702255872
ENC00267,v2,0.15228675623182897,0.06004584809006364,0.7876673963334825
ENC00270,v2,0.12610592285969427,0.04201682725522135,0.8318772499050413
ENC00271,v2,0.13460738686597454,0.05232129689817012,0.8130713163223942
ENC00272,v2,0.10821251991120252,0.07233025665733625,0.8194572177800266
ENC00275,v2,0.11302744767025989,0.0776677907389753,0.8093047589063644
ENC00289,v2,0.1326830647462471,0.06266931501555849,0.8046476217833433
ENC00291,v2,0.14689811216002063,0.06113490223651752,0.7919669864433152
ENC00292,v2,0.11638145666660332,0.07321820235470446,0.8104003420690211
ENC00294,v2,0.15664071359417656,0.053116330125538465,0.7902429537339644
ENC00296,v2,0.13811682863604455,0.05688208190812951,0.8050010902541024
ENC00298,v2,0.14514814945869148,0.0719607629813254,0.782891084253788
ENC00304,v2,0.12424835027523444,0.05996352546966412,0.8157881250683691
ENC00306,v2,0.049451781605667135,0.07180596622996606,0.8787422520773751
ENC00310,v2,0.12173061678186059,0.06911698817774388,0.8091523982584476
ENC00319,v2,0.13893721625208855,0.05227842293243157,0.8087843586690724
ENC00323,v2,0.1690789253742837,0.04756995046219385,0.7833511242225989
ENC00326,v2,0.10220331183554214,0.07246056455474945,0.8253361258977725
ENC00327,v2,0.14134932684523244,0.05433228913974668,0.8043183838570869
ENC00329,v2,0.1361743279111882,0.058367798985758175,0.8054578686753909
ENC00330,v2,0.1330620371589535,0.06333765390966284,0.8036003087696276
ENC00336,v2,0.1590317426848092,0.052603870967037177,0.7883643859199115
ENC00337,v2,0.13489261869755056,0.05207065804417999,0.813036719011882
ENC00341,v2,0.10165423484919947,0.06011723794773975,0.8382285214677642
ENC00344,v2,0.1379163512850509,0.06964012839849673,0.792443524388706
ENC00349,v2,0.13194102176318043,0.07818040001745287,0.7898785746411273
ENC00358,v2,0.0,0.1315777129561141,0.8684222870978756
ENC00359,v2,0.1496499576088455,0.05944275877231525,0.7909072829617394
ENC00360,v2,0.16436264873007123,0.06415982960191156,0.7714775192494295
ENC00362,v2,0.03874835275089905,0.09277836804799104,0.8684732802843643
ENC00368,v2,0.16691791003241258,0.0505320995873889,0.7825499873201386
ENC00372,v2,0.11983511913567782,0.07272707160562276,0.8074378103017807
ENC00376,v2,0.10930470184209835,0.06341161702321954,0.8272836833115084
ENC00381,v2,0.13577550529347113,0.057680303764451914,0.8065441902726889
ENC00382,v2,0.15685421722499948,0.057904811071133926,0.7852409651404932
ENC00386,v2,0.15934363738545831,0.053308102574621166,0.7873482619816402
ENC00389,v2,0.13156577462860203,0.05818007371191858,0.8102541522148552
ENC00390,v2,0.1552720962890557,0.06269398406147957,0.7820339202880859
ENC00392,v2,0.13991110718676023,0.06182008860428091,0.7982688022183848
ENC00393,v2,0.12194688865228703,0.05385132789317715,0.8242017877729315
ENC00402,v2,0.1663745896318766,0.044683275091659834,0.7889421352251308
ENC00403,v2,0.1491402312729162,0.0523834693072767,0.798476302132164
ENC00405,v2,0.12569926320824004,0.06290849750036843,0.8113922435818738
ENC00413,v2,0.13954499036677787,0.0684108726044714,0.7920441369752627
ENC00414,v2,0.12834079667799553,0.05429902092269543,0.8173601829399497
ENC00418,v2,0.1428922787308693,0.04860042740178645,0.8085072944398786
ENC00419,v2,0.12351917300418198,0.07912233478602874,0.7973584906164423
ENC00424,v2,0.14248139715386093,0.04751037292122636,0.8100082278251648
ENC00428,v2,0.0477931219069526,0.07291540827076787,0.8792914717625349
ENC00432,v2,0.14244758354219716,0.0564761201570849,0.8010762956290118
ENC00433,v2,0.14899766353853777,0.0684322996667641,0.782570038356033
ENC00435,v2,0.0,0.1665020876152571,0.8334979096124339
ENC00436,v2,0.1331520351382454,0.060045244977966455,0.8068027194966091
ENC00441,v2,0.13599506691740504,0.055715262380043235,0.8082896681695149
ENC00443,v2,0.1564290256634967,0.07018547096251421,0.7733855018877003
ENC00444,v2,0.13686360012011967,0.06636292563922618,0.7967734720515108
ENC00451,v2,0.16721997019999169,0.07414603576283245,0.7586339943549212
ENC00453,v2,0.12007787157475514,0.06028365597373595,0.8196384684882895
ENC00456,v2,0.1335554794232185,0.0601997538375341,0.8062447700146083
ENC00457,v2,0.13883219028253163,0.05154378680206502,0.809624025625969
ENC00459,v2,0.12372364762534456,0.06220119800305039,0.8140751545022173
ENC00461,v2,0.14878667154370395,0.044407937654707214,0.8068053906125233
ENC00444,v2,0.13686360012011967,0.06636292563922618,0.7967734720515108
ENC00449,v2,0.14904366694390775,0.054671428298267224,0.7962849070628484
ENC00451,v2,0.16721997019999169,0.07414603576283245,0.7586339943549212
ENC00453,v2,0.12007787157475514,0.06028365597373595,0.8196384684882895
ENC00456,v2,0.1335554794232185,0.0601997538375341,0.8062447700146083
ENC00457,v2,0.13883219028253163,0.05154378680206502,0.809624025625969
ENC00459,v2,0.12372364762534456,0.06220119800305039,0.8140751545022173
ENC00461,v2,0.14878667154370395,0.044407937654707214,0.8068053906125233
ENC00462,v2,0.12383020153412452,0.05862333553243214,0.8175464604909604
ENC00463,v2,0.15722515561559178,0.05483781881546518,0.7879370220072635
ENC00464,v2,0.144794756232144,0.0712805324197783,0.7839247135372905
ENC00465,v2,0.16497265540485112,0.05365442935342215,0.7813729177106101
ENC00469,v2,0.16241010390583752,0.0515796148616061,0.7860102890764625
ENC00471,v2,0.1565370454572805,0.06855185981378845,0.7749110932397371
ENC00474,v2,0.15476388215750186,0.05525204197394552,0.7899840715769175
ENC00475,v2,0.11478619277477264,0.05984813657302696,0.8253656723997095
ENC00477,v2,0.14568487514874764,0.07015217671037785,0.7841629428522927
ENC00478,v2,0.14210829519656268,0.060660035014571095,0.7972316728549057
ENC00479,v2,0.1546575619080632,0.062146933432476424,0.7831955054371628
ENC00482,v2,0.1665058509079796,0.048118415939494626,0.7853757314609758
ENC00489,v2,0.1440333868894312,0.05219423469870982,0.8037723736329512
ENC00490,v2,0.13103914979100229,0.04977328017540276,0.8191875677108764
ENC00492,v2,0.15867132746121462,0.8413286756066715,0.0
ENC00511,v2,0.16284167428477472,0.05423214563027713,0.7829261842895957
ENC00513,v2,0.1364399679005146,0.05693441375412724,0.8066256184770604
ENC00519,v2,0.1651485052962716,0.057153735390434474,0.7776977608983333
ENC00524,v2,0.13208379903501208,0.0600813433609821,0.8078348623527275
ENC00529,v2,0.13183882204279052,0.05123964428775391,0.8169215341745797
ENC00538,v2,0.15788700617849827,0.061002107337117195,0.7811108874647241
ENC00543,v2,0.12300043540556779,0.0755772349173517,0.8014223274220241
ENC00548,v2,0.14693432586624267,0.0732477318812558,0.7798179432432703
ENC00550,v2,0.1262823686003685,0.07030871505490863,0.8034089157214531
ENC00559,v2,0.12362714040164764,0.05631264037667559,0.8200602169220265
ENC00562,v2,0.12893982950065816,0.051126402510539154,0.8199337641803586
ENC00563,v2,0.13717978085494703,0.05547208669250486,0.8073481354448531
ENC00571,v2,0.13402861862310342,0.06965085338535053,0.7963205329009465
ENC00573,v2,0.14247545693069696,0.05984145209658891,0.7976830929517746
ENC00575,v2,0.1545638946386484,0.061055915507798396,0.7843801898834033
ENC00577,v2,0.16433280238271814,0.05716412827224199,0.7785030666705781
ENC00580,v2,0.14329691253164234,0.05713018614470082,0.7995728969573974
ENC00581,v2,0.15979766590638203,0.05391575786629104,0.7862865806699874
ENC00587,v2,0.1458283789666756,0.06401406592724598,0.7901575537222736
ENC00590,v2,0.1425395778302724,0.06004253888871366,0.7974178865551949
ENC00591,v2,0.12199758947826922,0.055610856028839147,0.8223915579063552
ENC00592,v2,0.1477651512067692,0.04585462140476368,0.8063802275003171
ENC00596,v2,0.1458002219349146,0.06422208912670613,0.7899776899814606
ENC00598,v2,0.18192810688203978,0.050434901218553915,0.7676369981858336
ENC00600,v2,0.0991219242181008,0.05771876971508997,0.8431593036899964
ENC00606,v2,0.1196007349534885,0.04754065018199332,0.8328586129041818
ENC00608,v2,0.1697729321817557,0.054252907843329014,0.7759741549690564
ENC00620,v2,0.15558936847608631,0.06026707866283901,0.7841435545632819
ENC00631,v2,0.15288877618257646,0.06348970942457931,0.7836215148369471
ENC00637,v2,0.11876560641791332,0.06671468554784289,0.8145197101614692
ENC00640,v2,0.1168669257940871,0.07557736318349169,0.8075557083226321
ENC00643,v2,0.14516791788119715,0.07202091958663127,0.7828111613838418
ENC00657,v2,0.1408645218319219,0.05896514232027466,0.8001703380242638
ENC00661,v2,0.13321437618585044,0.06255814802121892,0.8042274719925337
ENC00665,v2,0.15753748926978844,0.07508777532105644,0.7673747386687841
ENC00667,v2,0.1562777963915357,0.05143256164457718,0.7922896411683824
ENC00671,v2,0.09104442655495028,0.09238829193409623,0.8165672879393507
ENC00694,v2,0.13770201993213982,0.05637471615375966,0.8059232655693503
ENC00696,v2,0.1280384840423702,0.06784083033280988,0.8041206873873229
ENC00697,v2,0.11321001856045408,0.07185951172077394,0.8149304678151895
ENC00711,v2,0.12534991550880173,0.06515492256827808,0.8094951541473469
ENC00717,v2,0.13613636109907673,0.062313494544898,0.801550140358367
ENC00720,v2,0.13351257998834956,0.05735988346013156,0.809127536686984
ENC00721,v2,0.14241884061518836,0.07913798725999453,0.7784431738011978
ENC00727,v2,0.11158219505758847,0.06453064142945497,0.8238871617644441
ENC00729,v2,0.1489412763880359,0.07775458911330335,0.7733041299713983
ENC00730,v2,0.17174031169734139,0.05310480063106271,0.7751548886299133
ENC00734,v2,0.09580755245781714,0.07032230944042245,0.8338701436596532
ENC00744,v2,0.12033612049203746,0.07900346121845805,0.8006604216536697
ENC00747,v2,0.16730642691254616,0.04487504359499058,0.7878185288578856
ENC00748,v2,0.15667178209709084,0.043387323091535465,0.7999408929244332
ENC00749,v2,0.15091171818521787,0.04908940452370652,0.7999988726849826
ENC00752,v2,0.15858403878907362,0.06317864912562073,0.7782373136944241
ENC00753,v2,0.16130650499645544,0.05908455664995221,0.7796089442408815
ENC00757,v2,0.14013466159813107,0.06805301375570708,0.7918123252689838
ENC00759,v2,0.16296274950609932,0.059861679402286115,0.7771755728540541
ENC00762,v2,0.12402087989878857,0.05584177700802684,0.8201373431642177
ENC00765,v2,0.0241950585753383,0.06815544956856791,0.907649491815006
ENC00771,v2,0.13277764255868507,0.05846341812183093,0.8087589420728235
ENC00772,v2,0.15511774976870843,0.051952525945602075,0.7929297252779915
ENC00778,v2,0.16071087451917784,0.06776156766074044,0.7715275594166346
ENC00787,v2,0.132487460651568,0.059867874805682474,0.8076446635382516
ENC00788,v2,0.1373012924741488,0.054899843264138326,0.8077988652512431
ENC00792,v2,0.1272271596776542,0.05705404431829529,0.8157187969453873
ENC00797,v2,0.15288316038250924,0.06338140619825572,0.7837354321479797
ENC00801,v2,0.0,0.08316816780540459,0.9168318302001593
ENC00802,v2,0.17580205301955804,0.05987313376336368,0.7643248119305089
ENC00807,v2,0.0,0.15427930526276853,0.8457207007611052
ENC00808,v2,0.16548533041803343,0.8335658964121117,0.0009487730926336537
ENC00812,v2,0.15701532671944454,0.06276982097188011,0.7802148547310096
ENC00813,v2,0.15364626781748875,0.06307694927367959,0.7832767856972558
ENC00815,v2,0.13205885084138977,0.06735273270557324,0.8005884190400442
ENC00830,v2,0.15610953431357355,0.06249527224595202,0.7813951910710802
ENC00832,v2,0.0,0.14181774242648057,0.8581822546465057
ENC00838,v2,0.18016036490684953,0.04586115276645709,0.7739784804911449
ENC00845,v2,0.12664982280198564,0.06842767719694591,0.8049225008234064
ENC00848,v2,0.15829553633508547,0.06394831830320853,0.7777561436236744
ENC00849,v2,0.12782078269702285,0.0724944149269097,0.7996848029876823
ENC00002,v3,0.11420069763606244,0.07113409103317694,0.8146652107889002
ENC00003,v3,0.13157279622357557,0.06373185908545137,0.8046953485292547
ENC00004,v3,0.14303538785981282,0.07097070678137243,0.785993909410068
ENC00006,v3,0.16077739426977614,0.08321125461505009,0.7560113469759623
ENC00007,v3,0.16474971067659633,0.07103107540301748,0.7642192127778358
ENC00008,v3,0.11612057356724462,0.07276163809453544,0.8111177914350935
ENC00013,v3,0.1306840908403198,0.07907527968442689,0.7902406324942907
ENC00014,v3,0.14802194439520047,0.08565816672621515,0.7663198859672847
ENC00017,v3,0.1323800092239095,0.08047850853156137,0.7871414824672367
ENC00022,v3,0.15006002609152347,0.06986911539934226,0.7800708585418761
ENC00023,v3,0.12470813619351029,0.06616264462464005,0.8091292237876949
ENC00024,v3,0.10779486490606234,0.08633719595823565,0.8058679360767891
ENC00031,v3,0.11794798114690287,0.0673648548933367,0.8146871568142683
ENC00034,v3,0.1453589919906158,0.0763071068780279,0.7783338946181458
ENC00043,v3,0.10227351788749066,0.07617461022220609,0.8215518727783084
ENC00052,v3,0.1366966936554088,0.06920797723635543,0.7940953285967718
ENC00063,v3,0.11206202694504964,0.09035457592060575,0.7975834021802808
ENC00064,v3,0.1462067175307311,0.0782449420876219,0.775548342615366
ENC00065,v3,0.12802695762366056,0.07290809488855303,0.7990649574995041
ENC00067,v3,0.10535597280228048,0.07495817915655505,0.8196858485838524
ENC00080,v3,0.13276197540539283,0.07208016629756232,0.7951578556755443
ENC00081,v3,0.11839166521891817,0.08021375822188619,0.8013945715921419
ENC00084,v3,0.15479381365659542,0.06760642229040202,0.7775997640495014
ENC00088,v3,0.1496153607045951,0.06345153500466313,0.7869331028363477
ENC00089,v3,0.15942116043177143,0.0663975374251283,0.77418130276532
ENC00090,v3,0.15526783314568024,0.07190941737671555,0.7728227548025273
ENC00096,v3,0.11713717470608526,0.06269601920138161,0.8201668055380805
ENC00098,v3,0.13458864857452085,0.0890051197034843,0.7764062327567978
ENC00103,v3,0.10267703416637886,0.08492780474818543,0.8123951605242542
ENC00106,v3,0.14018281299009253,0.06587921970162484,0.7939379642258829
ENC00111,v3,0.1166323428766595,0.12361974683072832,0.7597479124863943
ENC00113,v3,0.0,0.0898448478934976,0.9101551506254408
ENC00121,v3,0.11462836556136607,0.08014942646492272,0.8052222061157227
ENC00125,v3,0.12257330722752072,0.06607273870280811,0.8113539502734229
ENC00128,v3,0.15220619734944935,0.06768662997884518,0.7801071764048884
ENC00130,v3,0.10790620338585642,0.09968191710197263,0.7924118783738878
ENC00133,v3,0.1482701369245118,0.06924725802393135,0.7824826071021753
ENC00143,v3,0.12583373894891406,0.06158815269488134,0.812578106605554
ENC00149,v3,0.1361398449293653,0.07310405161224753,0.7907561041358718
ENC00151,v3,0.0,0.10731317923735764,0.892686819120989
ENC00159,v3,0.1140584172779008,0.06713146357061832,0.818810120381807
ENC00162,v3,0.10407940562918921,0.08322549385897746,0.8126951032709853
ENC00164,v3,0.11073530385891596,0.09224889919161797,0.7970157941182454
ENC00167,v3,0.09047834548567023,0.0682170967885046,0.8413045631379498
ENC00170,v3,0.13178211892699146,0.08613951138865489,0.7820783722531665
ENC00171,v3,0.12962643805076368,0.07399726839139475,0.7963762925937772
ENC00173,v3,0.11239545876687428,0.07085428794892798,0.8167502535214214
ENC00188,v3,0.08160559737700082,0.12167716132743019,0.7967172414064407
ENC00191,v3,0.13911173545888492,0.07207287071339254,0.7888153961726597
ENC00192,v3,0.14999876953661442,0.08735278541377435,0.7626484473546346
ENC00193,v3,0.023344368823385295,0.08642558352765414,0.890230050327581
ENC00202,v3,0.10977513654322564,0.08063353013978163,0.8095913378498222
ENC00208,v3,0.13500453557214168,0.08710125477140786,0.7778942095927703
ENC00209,v3,0.13602300694251393,0.04739426790860358,0.8165827272655247
ENC00210,v3,0.12370509428105184,0.08505996831393402,0.791234938693898
ENC00214,v3,0.0,0.07531635175374421,0.9246836511248891
ENC00217,v3,0.13626379604192124,0.08434142156494494,0.7793947802376502
ENC00237,v3,0.14101656579126523,0.06955636707757872,0.7894270621885465
ENC00238,v3,0.12843342010791486,0.08208291887582003,0.7894836598700219
ENC00250,v3,0.11271320945686764,0.07944804857726451,0.8078387451392633
ENC00255,v3,0.15157400937967522,0.0699416677532501,0.7784843174524085
ENC00256,v3,0.1453631061774034,0.09494273998559667,0.7596941527265769
ENC00259,v3,0.14220627209293507,0.05515294436313142,0.802640785680753
ENC00260,v3,0.1124709955386577,0.07249057896795773,0.8150384256916662
ENC00263,v3,0.11332582899378342,0.07876745078857374,0.8079067202447687
ENC00264,v3,0.1290343372949532,0.06963595455468055,0.8013297024227324
ENC00267,v3,0.140008347416387,0.07511430783468542,0.7848773401917764
ENC00270,v3,0.1222562115131454,0.06863044619659019,0.8091133440082724
ENC00271,v3,0.1222044775328998,0.07215716649911233,0.8056383585291249
ENC00272,v3,0.1054933754503727,0.0664394212141633,0.8280672030448913
ENC00275,v3,0.10863616129437696,0.07812946213825235,0.813234377833246
ENC00289,v3,0.12342594621909989,0.07999962377189486,0.7965744301124855
ENC00291,v3,0.12769343358549204,0.07953176710077307,0.7927748008207841
ENC00292,v3,0.10626675993684799,0.08514794388846043,0.808585294472274
ENC00294,v3,0.1382087454199791,0.07185143870724874,0.7899398099292408
ENC00296,v3,0.12197682710615455,0.06653952747187082,0.8114836473836966
ENC00298,v3,0.1336890940211321,0.08236325934137169,0.7839476528920626
ENC00304,v3,0.11245486895562312,0.07970218005837924,0.8078429491148083
ENC00306,v3,0.049867125251625156,0.0942778771012267,0.8558550024334388
ENC00310,v3,0.1209346330165863,0.07427834415435791,0.8047870254516601
ENC00319,v3,0.12256272005684235,0.08081298407182849,0.7966242968535223
ENC00323,v3,0.1543171115282203,0.05914528585359955,0.7865376036708095
ENC00326,v3,0.10235656628868094,0.07979122337160839,0.8178522101155034
ENC00327,v3,0.1378623317136909,0.07169751021916969,0.7904401620229086
ENC00329,v3,0.12349378950893879,0.07587339003673858,0.8006328284740448
ENC00330,v3,0.13279098665939187,0.07462706278904148,0.7925819467823461
ENC00336,v3,0.15419147198470376,0.06484862567736305,0.7809599020498262
ENC00337,v3,0.125137709118057,0.07441488296568098,0.800447403794468
ENC00341,v3,0.10589288026094437,0.07715716906601475,0.8169499522163755
ENC00344,v3,0.1306498559685994,0.080595619567879,0.7887545294907629
ENC00349,v3,0.12619229722512912,0.10117628785130912,0.7726314116830695
ENC00358,v3,0.0,0.10462851735642394,0.89537148302748
ENC00359,v3,0.13383091208338738,0.07362165447324515,0.7925474352836609
ENC00360,v3,0.16324234849542651,0.06962128127540607,0.7671363676359894
ENC00362,v3,0.03313921337636808,0.08947975668900957,0.877381032705307
ENC00368,v3,0.1406364171550824,0.08950007114953433,0.7698635143729357
ENC00372,v3,0.10920358654753916,0.07961283103916152,0.8111835815783205
ENC00376,v3,0.09234649883583188,0.06731266456966599,0.8403408358494441
ENC00381,v3,0.12781836989646156,0.06488495720550418,0.8072966744502386
ENC00382,v3,0.1504424617302661,0.0732918240757165,0.7762657093758486
ENC00386,v3,0.1578335124378403,0.056225600318672755,0.7859408860405286
ENC00389,v3,0.11896901777700374,0.09271778615289612,0.7883131949525131
ENC00390,v3,0.1525222186079557,0.061554723492950845,0.7859230577516899
ENC00392,v3,0.129767634767901,0.07351033845743923,0.7967220307500275
ENC00393,v3,0.10865978314171708,0.09852628557691498,0.7928139311926705
ENC00402,v3,0.15328453363015734,0.07610707607377191,0.7706083914329266
ENC00403,v3,0.11776569586499293,0.08250304258295468,0.7997312617481203
ENC00405,v3,0.12534543352366304,0.06252580474536283,0.8121287624041239
ENC00413,v3,0.1312468768746564,0.07900034134850056,0.7897527837994123
ENC00414,v3,0.10778293255134486,0.08061699659447186,0.8116000760346651
ENC00418,v3,0.11871383875608445,0.08009956690948457,0.8011866039037705
ENC00419,v3,0.1206634146778771,0.07988735949725248,0.799449226159728
ENC00424,v3,0.13386027145953405,0.05766596534688558,0.808473763579414
ENC00428,v3,0.038694130196236076,0.07572267743293196,0.8855831927061081
ENC00432,v3,0.10807828000850148,0.08773220439131062,0.8041895184251997
ENC00433,v3,0.13633657513408487,0.08914002799215394,0.7745233949171294
ENC00435,v3,0.0,0.1711118246614933,0.8288881754875184
ENC00436,v3,0.1256297854334116,0.05801073643378914,0.816359481215477
ENC00441,v3,0.11542094089459665,0.0818552483186716,0.8027238143552647
ENC00443,v3,0.14585076396663985,0.07250104489115378,0.7816481932997703
ENC00444,v3,0.13326587643818694,0.0696786724700115,0.7970554468010654
ENC00451,v3,0.16331231411622496,0.07605148174286801,0.7606362067923254
ENC00453,v3,0.11368694086559117,0.07003958939094446,0.8162734685465693
ENC00456,v3,0.10968198362043348,0.08723397931020896,0.8030840390819615
ENC00457,v3,0.1324528044609873,0.07437332856326222,0.7931738630071417
ENC00459,v3,0.11018501650893463,0.08488974261167899,0.8049252370618424
ENC00461,v3,0.14103312216395017,0.06427628596726691,0.7946905962058476
ENC00444,v3,0.13326587643818694,0.0696786724700115,0.7970554468010654
ENC00449,v3,0.1283021750527301,0.06931846044192623,0.8023793606885842
ENC00451,v3,0.16331231411622496,0.07605148174286801,0.7606362067923254
ENC00453,v3,0.11368694086559117,0.07003958939094446,0.8162734685465693
ENC00456,v3,0.10968198362043348,0.08723397931020896,0.8030840390819615
ENC00457,v3,0.1333512156712313,0.06490944176708369,0.8017393411511052
ENC00459,v3,0.11018501650893463,0.08488974261167899,0.8049252370618424
ENC00461,v3,0.14059076490766795,0.06851520792251109,0.7908940240017419
ENC00462,v3,0.12190693198838307,0.062449554244468686,0.8156435112006791
ENC00463,v3,0.1544118197214219,0.06385815013049831,0.7817300308135248
ENC00464,v3,0.13358047584805524,0.0830127123644519,0.7834068148425131
ENC00465,v3,0.14653790134581782,0.08790404064070788,0.7655580583072844
ENC00469,v3,0.1506348404666928,0.05964177914849315,0.7897233870185789
ENC00471,v3,0.13903134543862608,0.09982096091178912,0.7611476944552528
ENC00474,v3,0.15292164845311124,0.07072906836570389,0.7763492840787639
ENC00475,v3,0.11033717995243413,0.07325011800738081,0.8164127033854288
ENC00477,v3,0.139095770068128,0.08679857706143097,0.7741056524894454
ENC00478,v3,0.12355297067586113,0.0917102068224374,0.7847368226331823
ENC00479,v3,0.14058750450611116,0.06987587770447135,0.7895366163253784
ENC00482,v3,0.15379727881793914,0.06588203323343278,0.78032068398438
ENC00489,v3,0.1345103589781359,0.06524791643084361,0.8002417258966982
ENC00490,v3,0.1359230889198936,0.06158306133698359,0.8024938490903266
ENC00492,v3,0.13754466579896268,0.07462574471937161,0.7878295890638761
ENC00511,v3,0.13831722795838067,0.07545904988156897,0.7862237241087842
ENC00513,v3,0.12810786328229465,0.06300087788565036,0.8088912591338158
ENC00519,v3,0.1390324697519342,0.08972421459232767,0.7712433114647865
ENC00524,v3,0.1305548892538438,0.06869530617312967,0.8007498075222147
ENC00529,v3,0.13074793132103008,0.05681128614460645,0.81244078459947
ENC00538,v3,0.1452247209035524,0.07127092942816786,0.7835043468097649
ENC00543,v3,0.11300743284978365,0.07591999810385076,0.8110725685169823
ENC00548,v3,0.14422296046041974,0.07186737715942311,0.7839096673563415
ENC00550,v3,0.1292105898760336,0.06666682313734032,0.804122585611245
ENC00559,v3,0.10982668231807503,0.0926303838050979,0.7975429366616642
ENC00562,v3,0.12824535848234186,0.07577935770280998,0.7959752854975787
ENC00563,v3,0.12130460797286616,0.0824960644955073,0.7961993309540477
ENC00571,v3,0.12025026898316252,0.08068126995434485,0.7990684615887278
ENC00573,v3,0.14371207991773768,0.07137249636124501,0.7849154241325319
ENC00575,v3,0.15470593669136665,0.06304945436103228,0.7822446074700893
ENC00577,v3,0.13281156310830453,0.09737531801290585,0.7698131239775455
ENC00580,v3,0.1356911931473475,0.07278377267046489,0.7915250363512936
ENC00581,v3,0.14518073193576872,0.08231607272422739,0.7725031947603032
ENC00587,v3,0.14224295315367205,0.06927165445630197,0.7884853901686492
ENC00590,v3,0.12903504808699445,0.0806640430486628,0.7903009073010513
ENC00591,v3,0.11454800843465619,0.0803448767287702,0.8051071123379033
ENC00592,v3,0.13796705863577255,0.05318934303305462,0.8088436004117872
ENC00596,v3,0.1402188237859971,0.07268044642922986,0.7871007273594538
ENC00598,v3,0.16690429521061606,0.05865603603690989,0.7744396677461721
ENC00600,v3,0.09875030025582889,0.08178853395330751,0.8194611658310068
ENC00606,v3,0.11080127347098745,0.08019992927143323,0.8089988045934318
ENC00608,v3,0.15352803468704224,0.07256151610412277,0.7739104464813903
ENC00620,v3,0.1527468383989551,0.07851833963597363,0.7687348268248818
ENC00631,v3,0.14275035561404675,0.0782725827402284,0.7789770634765298
ENC00637,v3,0.11277596607352748,0.07692800632518049,0.8102960261431608
ENC00640,v3,0.11277184270970199,0.09326681427900559,0.7939613416143085
ENC00643,v3,0.13964667774382092,0.0744033932042796,0.7859499236894032
ENC00657,v3,0.12049348729298166,0.09508852554363725,0.7844179862219355
ENC00661,v3,0.1184862261321747,0.08145036477648285,0.8000634149560388
ENC00665,v3,0.13142220415477832,0.0720374519611156,0.7965403412415729
ENC00667,v3,0.146519162461289,0.07143749870582779,0.7820433424069331
ENC00671,v3,0.07518967495204132,0.10615677886999378,0.8186535428617602
ENC00694,v3,0.1222129546701908,0.07063772930204869,0.8071493148803711
ENC00696,v3,0.11676872975658625,0.08752994205375823,0.7957013268023729
ENC00697,v3,0.09590030767139979,0.07833914498769445,0.8257605470716953
ENC00711,v3,0.12143252695937759,0.06209348114569065,0.8164739967549889
ENC00717,v3,0.11937168974083723,0.08030645654911232,0.800321857953809
ENC00720,v3,0.1182251761632937,0.0813522752960799,0.8004225492477417
ENC00721,v3,0.13261269408780918,0.08224085138995299,0.7851464553216917
ENC00727,v3,0.10833166167140007,0.06695132193974508,0.8247170134865004
ENC00729,v3,0.1433130147041015,0.08342739305775261,0.773259589694581
ENC00730,v3,0.15675492977554148,0.07890452991493724,0.7643405459143898
ENC00734,v3,0.09112375418052954,0.08113891132833327,0.8277373370002298
ENC00744,v3,0.10862848659356435,0.07480897785474856,0.8165625405107808
ENC00747,v3,0.1530523269954655,0.06713942180698117,0.7798082570234934
ENC00748,v3,0.13127979797220998,0.062093906290829184,0.8066262971970343
ENC00749,v3,0.13749476723372936,0.06599187428597361,0.796513352394104
ENC00752,v3,0.1367442695572313,0.08437577801946122,0.7788799500043413
ENC00753,v3,0.13918171801823911,0.06599356259060342,0.794824717006063
ENC00757,v3,0.11603348352537866,0.08898632633581496,0.7949801903021964
ENC00759,v3,0.15611728646101491,0.05964063719335583,0.7842420808730587
ENC00762,v3,0.11568620905153833,0.0613029986083255,0.8230107866101346
ENC00765,v3,0.02253072742522428,0.08899226279131003,0.888477012515068
ENC00771,v3,0.1299866037670432,0.06909211373763023,0.8009212798461681
ENC00772,v3,0.14225866706592255,0.06738629808312217,0.7903550369986172
ENC00778,v3,0.1450151028264253,0.079733947887406,0.7752509507976595
ENC00787,v3,0.10905389189720154,0.09348674578964711,0.7974593639373779
ENC00788,v3,0.1301119680961837,0.07529325452025817,0.7945947745571966
ENC00792,v3,0.10909195285704401,0.10629972400945714,0.7846083206435045
ENC00797,v3,0.14553006513501113,0.07693595317728326,0.7775339810353405
ENC00801,v3,0.0,0.10077372546877386,0.8992262690970041
ENC00802,v3,0.15679948174216773,0.09019946774174825,0.7530010476540984
ENC00807,v3,0.0,0.08291718656646795,0.9170828124572491
ENC00808,v3,0.15244735600334583,0.06668567445387344,0.7808669728807883
ENC00812,v3,0.1506125390991684,0.06996312550478434,0.7794243323710538
ENC00813,v3,0.15893321577459574,0.060573303503089496,0.7804934771791581
ENC00815,v3,0.12512530357791826,0.09095160189705591,0.7839230979100252
ENC00830,v3,0.14087389929350033,0.08791486618953735,0.7712112353291622
ENC00832,v3,0.0,0.14519194247467176,0.854808051975406
ENC00838,v3,0.1529849025705629,0.06854539101343017,0.7784697083402271
ENC00845,v3,0.1193678235033835,0.08126345005869044,0.7993687250482755
ENC00848,v3,0.16037905737034325,0.07123646606664055,0.768384476888527
ENC00849,v3,0.12107942119622842,0.08798497238268073,0.7909356103493617
ENC00002,v4,0.10526673261214185,0.09160609791676204,0.8031271751280185
ENC00003,v4,0.13033528010727782,0.0711018516484535,0.7985628698811387
ENC00004,v4,0.14642482757461156,0.06988874029890775,0.7836864337646704
ENC00006,v4,0.15797074911368153,0.08815351409334553,0.7538757372076494
ENC00007,v4,0.15391773560503186,0.0794742099328229,0.7666080550059376
ENC00008,v4,0.10293314636995395,0.09041751853914724,0.8066493388679292
ENC00013,v4,0.12209732759258021,0.09323137412252633,0.7846713045369024
ENC00014,v4,0.14087912523084217,0.10437525372015453,0.7547456221273768
ENC00017,v4,0.1225197914549533,0.08456751378253102,0.7929126988438999
ENC00022,v4,0.13449320350847546,0.07677636271904385,0.7887304330629016
ENC00023,v4,0.1254130454747368,0.07891646886525823,0.7956704853249968
ENC00024,v4,0.10666469144276701,0.0970239038220965,0.7963114048425968
ENC00031,v4,0.11713550082754855,0.06745333388886031,0.8154111644800972
ENC00034,v4,0.1554586227531686,0.06386826905266692,0.7806731087691856
ENC00043,v4,0.0964113193399766,0.0937271085293854,0.8098615668400997
ENC00052,v4,0.13670885387175488,0.08278710026083128,0.7805040450590961
ENC00063,v4,0.10716057451147783,0.12006072643163958,0.7727787017822265
ENC00064,v4,0.14524142021934192,0.08710917654550737,0.7676494022210439
ENC00065,v4,0.1254197122212851,0.08131673052297823,0.793263556447419
ENC00067,v4,0.09904700389657266,0.07784934064898735,0.8231036562186022
ENC00080,v4,0.13056484927181844,0.07546620549243173,0.7939689453737235
ENC00081,v4,0.09628437495686942,0.12198350174973409,0.7817321212755309
ENC00084,v4,0.14623352778809412,0.0802654628816964,0.7735010098693962
ENC00088,v4,0.14210849061232655,0.08710706574419717,0.7707844446687138
ENC00089,v4,0.15274833725846332,0.07132731086938926,0.7759243529775869
ENC00090,v4,0.1393533058147481,0.08568348491841808,0.7749632096036951
ENC00096,v4,0.1144450986537877,0.06388130105709232,0.8216736021004324
ENC00098,v4,0.13755353508920937,0.07904723231921663,0.7833992355353349
ENC00103,v4,0.09668872139732772,0.09021476657052926,0.813096509614122
ENC00106,v4,0.13665594812482595,0.08401010443710467,0.7793339459281979
ENC00111,v4,0.12182866432850466,0.09225276673692952,0.7859185682902546
ENC00113,v4,0.0,0.08956811675354355,0.9104318781332537
ENC00121,v4,0.10264665363756426,0.09244932842218072,0.8049040169803643
ENC00125,v4,0.11954596574588489,0.07298022047466328,0.8074738142951843
ENC00128,v4,0.1406940706811919,0.08192619930325758,0.7773797323208044
ENC00130,v4,0.10612406474848589,0.09223004910474022,0.8016458849112192
ENC00133,v4,0.14802346987568815,0.07029457185417413,0.7816819595253985
ENC00143,v4,0.11892836865256814,0.08686251453233554,0.7942091195022358
ENC00149,v4,0.12369462262306895,0.09679804361340674,0.7795073324209684
ENC00151,v4,0.0,0.11776846233391908,0.8822315407962333
ENC00159,v4,0.11727670502538483,0.08207925798099798,0.8006440345197916
ENC00162,v4,0.10252677156763562,0.09596490407741423,0.8015083271568104
ENC00164,v4,0.10984689125325531,0.06547700669325422,0.8246761001646519
ENC00167,v4,0.08872198204820354,0.08752193716645706,0.8237560832252105
ENC00170,v4,0.12998032385812086,0.08662867799182149,0.7833910023464876
ENC00171,v4,0.1207763153486527,0.08488195956183167,0.794341725569505
ENC00173,v4,0.11161564334930964,0.06888110672327265,0.8195032481326173
ENC00188,v4,0.07472745698459189,0.12887666636981585,0.7963958819364679
ENC00191,v4,0.13395238600671291,0.08226776790805161,0.7837798506021499
ENC00192,v4,0.14248369291827484,0.0946042020259811,0.7629121090914752
ENC00193,v4,0.01926858782938395,0.10197007512369265,0.8787613333417819
ENC00202,v4,0.10434642742026826,0.07999700216139305,0.8156565707557055
ENC00208,v4,0.11781848280118146,0.10311737265694168,0.7790641456569006
ENC00209,v4,0.12978133990965932,0.056434858229554054,0.8137838003651195
ENC00210,v4,0.10548885699186548,0.08077954077443121,0.8137316015742769
ENC00214,v4,0.0,0.09859330817831286,0.9014066949035182
ENC00217,v4,0.13004980231485058,0.08931244187537701,0.7806377599316259
ENC00237,v4,0.13120025112149641,0.09059795398341934,0.7782017957303942
ENC00238,v4,0.11738593863804689,0.08741728814967563,0.7951967756399948
ENC00250,v4,0.103115919488247,0.09762565253509416,0.7992584277885129
ENC00255,v4,0.13956243375183217,0.08742696041839995,0.7730106030191694
ENC00256,v4,0.14081456327348724,0.09505679549411275,0.7641286401820362
ENC00259,v4,0.1375657983644064,0.05857651149709673,0.8038576933764672
ENC00260,v4,0.10298834629356861,0.10114682709628886,0.795864830233834
ENC00263,v4,0.10860636538945802,0.08342401586509872,0.807969613240497
ENC00264,v4,0.12794215589269134,0.07774313124019869,0.7943147154878979
ENC00267,v4,0.13641358722515148,0.08411056484127867,0.779475848222601
ENC00270,v4,0.1121137222856473,0.0788128672013427,0.809073409836763
ENC00271,v4,0.11257719237576513,0.07469900019521661,0.8127238071140122
ENC00272,v4,0.10180503205783599,0.08193702214043093,0.8162579483690515
ENC00275,v4,0.10038032580135214,0.09312560551791874,0.8064940658390013
ENC00289,v4,0.11852941104659327,0.08868318036612537,0.7927874097117671
ENC00291,v4,0.1224370289944176,0.08734561747306177,0.7902173512002342
ENC00292,v4,0.1061070769197411,0.09717450289883547,0.7967184278700087
ENC00294,v4,0.1402821163429278,0.07935576179177961,0.7803621236408982
ENC00296,v4,0.11948960871687012,0.06965340240045435,0.8108569885057116
ENC00298,v4,0.1198647954272774,0.10508919002359393,0.7750460134362275
ENC00304,v4,0.11494316965341568,0.08403666339193781,0.8010201652844747
ENC00306,v4,0.04929136382933292,0.09543990486611922,0.8552687320444319
ENC00310,v4,0.11461475066278341,0.09884142551026395,0.7865438258872842
ENC00319,v4,0.12079467153710913,0.0866377098962318,0.7925676130509192
ENC00323,v4,0.14478421563202618,0.07631639583162003,0.7788993862508996
ENC00326,v4,0.09452903455245161,0.09306594357764889,0.8124050213911823
ENC00327,v4,0.13158913585179635,0.07495314136630933,0.7934577237558729
ENC00329,v4,0.11479832086412387,0.08990760846598737,0.7952940662701925
ENC00330,v4,0.12061070558685129,0.09740122507817002,0.7819880689344099
ENC00336,v4,0.14791229410415016,0.08618690757785083,0.7659008019581074
ENC00337,v4,0.10847215559028212,0.09155470330161272,0.7999731370660125
ENC00341,v4,0.09798105641662537,0.078835719401386,0.823183226692784
ENC00344,v4,0.11625419476745176,0.08631159505788602,0.7974342131147197
ENC00349,v4,0.11814910981142632,0.0950712855974926,0.7867796075678317
ENC00358,v4,0.0,0.09538719859220926,0.9046127981697487
ENC00359,v4,0.13513280168175698,0.0921101454179734,0.772757059931755
ENC00360,v4,0.14197045022791083,0.08302185212196124,0.7750076982710097
ENC00362,v4,0.0324129250818967,0.10479054540499216,0.8627965323351048
ENC00368,v4,0.13811583585209317,0.09177165008667443,0.7701125118467543
ENC00372,v4,0.0962901913693973,0.1107142782599038,0.7929955313400346
ENC00376,v4,0.09344822249209234,0.07489352991313551,0.8316582441329956
ENC00381,v4,0.1314580791116318,0.06703334446630885,0.8015085759563981
ENC00382,v4,0.14275597450746733,0.08019941627174955,0.7770446105436846
ENC00386,v4,0.15090098943222652,0.06959163946184245,0.7795073731379075
ENC00389,v4,0.12503406422079674,0.08381483143395078,0.7911511063575745
ENC00390,v4,0.1335910664577233,0.08635898052777786,0.7800499563826654
ENC00392,v4,0.11463697688634862,0.10501678552977818,0.7803462424229101
ENC00393,v4,0.09908692720226753,0.11701904693379617,0.7838940261266171
ENC00402,v4,0.15809265430146288,0.08771076003768455,0.7541965892381757
ENC00403,v4,0.11079196328794734,0.08302645927572751,0.8061815774218636
ENC00405,v4,0.11486498537032228,0.10121344463213494,0.783921566135005
ENC00413,v4,0.12374274755517642,0.09935677944372098,0.7769004742304484
ENC00414,v4,0.10684687096093382,0.07803637891719561,0.8151167528969901
ENC00418,v4,0.11508664218218703,0.09513638900887025,0.7897769658189071
ENC00419,v4,0.11920429230259176,0.08901911941275262,0.7917765922713698
ENC00424,v4,0.12911213679533257,0.06481742024372675,0.8060704406939054
ENC00428,v4,0.028674051322212273,0.09685282626781952,0.8744731204076247
ENC00432,v4,0.10625828986492337,0.08566976193032122,0.8080719490594501
ENC00433,v4,0.13692202123133004,0.08355280498359749,0.7795251798122487
ENC00435,v4,0.0,0.15506397004959718,0.8449360278417479
ENC00436,v4,0.10760778698297042,0.09161748295597169,0.800774724416013
ENC00441,v4,0.12063024029897078,0.0827367477404484,0.7966330129734791
ENC00443,v4,0.1384621081330503,0.09212442957990181,0.7694134594251713
ENC00444,v4,0.12077760582691745,0.08653931467744864,0.7926830762311032
ENC00451,v4,0.1585742155265095,0.08663875044474745,0.7547870308924944
ENC00453,v4,0.10517243444313848,0.0852695545181632,0.8095580131057801
ENC00456,v4,0.09831010656040391,0.10292971701027802,0.7987601771766757
ENC00457,v4,0.1262658280985696,0.08057537358919424,0.793158795684576
ENC00459,v4,0.11171538723926795,0.09603279276113762,0.7922518165487992
ENC00461,v4,0.13106871487005897,0.08161987580925874,0.7873114114222319
ENC00462,v4,0.11587520915211416,0.07904949108156942,0.8050752989217347
ENC00444,v4,0.12077760582691745,0.08653931467744864,0.7926830762311032
ENC00449,v4,0.1339459969731402,0.0768341801229341,0.7892198212875807
ENC00451,v4,0.15719797609894126,0.09261907118599157,0.7501829508188609
ENC00453,v4,0.10517243444313848,0.0852695545181632,0.8095580131057801
ENC00456,v4,0.10431703782559913,0.10200466368531372,0.7936782976727427
ENC00457,v4,0.12723338246806382,0.08018222140609142,0.7925843928278107
ENC00459,v4,0.11171538723926795,0.09603279276113762,0.7922518165487992
ENC00461,v4,0.12366500850190822,0.0962737403526787,0.7800612560252553
ENC00462,v4,0.11587520915211416,0.07904949108156942,0.8050752989217347
ENC00463,v4,0.14829932848612468,0.08482487863373189,0.7668757938203358
ENC00464,v4,0.12614829058490568,0.10882556971983384,0.7650261410212112
ENC00465,v4,0.13999395488988697,0.09198365551162893,0.7680223865771857
ENC00469,v4,0.14410688389176712,0.07407906621386458,0.7818140513018558
ENC00471,v4,0.13013054863834866,0.11672249312835689,0.7531469543369449
ENC00474,v4,0.14570927705713793,0.0891164495474904,0.7651742696762085
ENC00475,v4,0.11122726688876092,0.09121597395424948,0.7975567624254046
ENC00477,v4,0.12721528937774046,0.10725399720653588,0.7655307127504932
ENC00478,v4,0.1182934885548654,0.08902440579590674,0.7926821017933783
ENC00479,v4,0.12023724362664266,0.08678449157181137,0.7929782665103947
ENC00482,v4,0.14798545023160323,0.08334487220605037,0.7686696750777108
ENC00489,v4,0.13865800073434567,0.07026916348118463,0.791072833640822
ENC00490,v4,0.12834141013974493,0.07670474475334314,0.7949538420547139
ENC00492,v4,0.13964670944377916,0.0774876160820553,0.782865679045336
ENC00511,v4,0.1314531129272963,0.07141205879076329,0.7971348284885583
ENC00513,v4,0.13007498343785603,0.06084138543965916,0.8090836282571157
ENC00519,v4,0.1296725308150053,0.09526806295849383,0.7750594115257263
ENC00524,v4,0.12700275231439334,0.0742030450850367,0.7987942036527854
ENC00529,v4,0.11724823606865746,0.0949248210926141,0.7878269456681751
ENC00538,v4,0.13659092106602408,0.08357853661910013,0.7798305437281415
ENC00543,v4,0.10466598332718466,0.09448852001999815,0.8008455006462155
ENC00548,v4,0.13509980281978323,0.07524090686306488,0.7896592920286614
ENC00550,v4,0.1251945163161434,0.07307252841484216,0.8017329542260421
ENC00559,v4,0.10862341204285622,0.097692432962358,0.7936841640472412
ENC00562,v4,0.12460417170429004,0.07775984005563243,0.7976359904937025
ENC00563,v4,0.1173097983271152,0.09235307403110168,0.790337127608222
ENC00571,v4,0.1095514983960217,0.09405735133576297,0.7963911458369224
ENC00573,v4,0.13637415916714446,0.08637611368140638,0.7772497266333624
ENC00575,v4,0.14611013110690904,0.07979653017070976,0.7740933385867517
ENC00577,v4,0.12382865856371579,0.11027956304080304,0.7658917759695361
ENC00580,v4,0.1338502000076602,0.10079477309729114,0.7653550264811275
ENC00581,v4,0.13184394459915524,0.09148189690646552,0.7766741591555472
ENC00587,v4,0.1307197759548823,0.08461003872521576,0.7846701831098587
ENC00590,v4,0.1229684897247822,0.0758664837768001,0.801165021234943
ENC00591,v4,0.10556844319447432,0.08632298855867127,0.8081085699619633
ENC00592,v4,0.13229864059400012,0.06354771678527917,0.8041536412166275
ENC00596,v4,0.14119482841342687,0.0755181239976082,0.7832870502024889
ENC00598,v4,0.1385726768796037,0.083455947006303,0.7779713789137398
ENC00600,v4,0.09433826254071476,0.10295360194188412,0.8027081339158745
ENC00606,v4,0.10918524925277304,0.08190502801131624,0.8089097244526023
ENC00608,v4,0.15709175287841637,0.07912914011035567,0.7637791026418455
ENC00620,v4,0.13472317494033428,0.09998167500820722,0.7652951432078072
ENC00631,v4,0.14073712909979932,0.07072587531148153,0.7885369968837534
ENC00637,v4,0.1053366387383111,0.09013296823738323,0.8045303941734375
ENC00640,v4,0.10973342880606651,0.0929620695848749,0.7973045032715129
ENC00643,v4,0.11970016068585639,0.11822026823910903,0.7620795717779195
ENC00657,v4,0.11998272896456866,0.08280128163262558,0.7972159871348629
ENC00661,v4,0.10772446890336436,0.11049168032115779,0.7817838494036649
ENC00665,v4,0.1335782350305422,0.07866320585153629,0.7877585575168515
ENC00667,v4,0.13700218453091018,0.08215002108327284,0.7808478018459009
ENC00671,v4,0.08661660507909562,0.0915762334816942,0.8218071578364623
ENC00694,v4,0.12404076427359272,0.08523986404071804,0.7907193722548308
ENC00696,v4,0.11620465878011851,0.08703552357499199,0.7967598176208036
ENC00697,v4,0.09088811054102426,0.09773902290328904,0.8113728669083234
ENC00711,v4,0.10847087817326669,0.08489525694054581,0.8066338637182789
ENC00717,v4,0.1164951712905782,0.09016660551169833,0.7933382218323864
ENC00720,v4,0.11915008208155632,0.08392882739380002,0.7969210891723633
ENC00721,v4,0.13580177148374228,0.07984438011995874,0.7843538518135365
ENC00727,v4,0.10457157537462265,0.09424897972342929,0.801179444402214
ENC00729,v4,0.13974492870537297,0.09218860479138259,0.7680664669190135
ENC00730,v4,0.1434106868013595,0.10605382135373007,0.750535493336835
ENC00734,v4,0.09707105683313834,0.08885571191943176,0.8140732275473105
ENC00744,v4,0.10404248601170601,0.09191213829304885,0.8040453747466758
ENC00747,v4,0.14549392560026148,0.08117813285910985,0.7733279361829652
ENC00748,v4,0.12423206874985754,0.0713241689660253,0.8044437633620368
ENC00749,v4,0.1284618254378438,0.08686684207059443,0.7846713322401047
ENC00752,v4,0.13547142401531145,0.09494772138582035,0.769580851127575
ENC00753,v4,0.13871970069797143,0.08425170981892101,0.7770285839619844
ENC00757,v4,0.11962992457612869,0.07338744517295591,0.806982631837168
ENC00759,v4,0.14741292604680598,0.07029056776116585,0.7822965059054674
ENC00762,v4,0.11567167635413184,0.06781222021369182,0.8165160992007324
ENC00765,v4,0.018599448945149307,0.1032673654299748,0.8781331898290899
ENC00771,v4,0.12001325760607247,0.08537663161955975,0.7946101137109705
ENC00772,v4,0.1214239324523708,0.08896698952307851,0.7896090731846066
ENC00778,v4,0.13014097148791337,0.11029756494248524,0.7595614632989607
ENC00787,v4,0.1069856529117476,0.09644972468587629,0.7965646250873593
ENC00788,v4,0.12821713669432533,0.09180278686854319,0.7799800817783062
ENC00792,v4,0.11123433369293548,0.07880971768642203,0.8099559465346978
ENC00797,v4,0.13536415921054154,0.09821193885040756,0.7664239038930876
ENC00801,v4,0.0,0.09318840538210177,0.906811593295811
ENC00802,v4,0.16296779266041186,0.07177721630756019,0.7652549909220802
ENC00807,v4,0.0,0.08118165324309043,0.9188183507749013
ENC00808,v4,0.14157141224209185,0.08334902645113458,0.7750795631282097
ENC00812,v4,0.14106837292260763,0.07354187860471915,0.7853897470462171
ENC00813,v4,0.14000110968808147,0.08673416244336099,0.7732647289739591
ENC00815,v4,0.12915030999049062,0.08597788173625226,0.7848718102260303
ENC00830,v4,0.13957406170666217,0.09385178738406726,0.7665741545813424
ENC00832,v4,0.0,0.13184214765323868,0.8681578477726707
ENC00838,v4,0.14821233041584492,0.08332128358073533,0.768466386795044
ENC00845,v4,0.11618905511798619,0.08445093672213366,0.7993600051180064
ENC00848,v4,0.14706856321613743,0.08881712356968871,0.7641143129681641
ENC00849,v4,0.12054862069856861,0.08480483928249906,0.7946465404137321
ENC00002,v5,0.10495137614366921,0.0742254573948334,0.8208231685075118
ENC00003,v5,0.11636170970374032,0.0817069580999056,0.8019313310322008
ENC00004,v5,0.13745467934379543,0.09140198777659216,0.771143335795057
ENC00006,v5,0.1521250060008418,0.1101975856969754,0.7376774081619837
ENC00007,v5,0.14626072445998387,0.09760871480162046,0.7561305621448828
ENC00008,v5,0.09464517741025179,0.11224912121977615,0.7931057029757006
ENC00013,v5,0.12249231320928852,0.10275604452867552,0.7747516480256926
ENC00014,v5,0.14207028921831538,0.11021291993466424,0.7477167874206732
ENC00017,v5,0.1263541805371642,0.09301611449569464,0.7806297039985657
ENC00022,v5,0.12109840449766587,0.08683067692001745,0.7920709166486385
ENC00023,v5,0.11607444416890797,0.08999676169413659,0.7939287964095417
ENC00024,v5,0.09792328605027957,0.11272213846514716,0.7893545733434018
ENC00031,v5,0.11772260032594203,0.06929215784184635,0.8129852489991621
ENC00034,v5,0.1495260332185443,0.080753411512158,0.7697205573025316
ENC00043,v5,0.09944759315641766,0.08713107170611196,0.8134213371033018
ENC00052,v5,0.13691541329026222,0.09109621866727653,0.7719883716624716
ENC00063,v5,0.10665423739137071,0.11997764521852286,0.7733681207955486
ENC00064,v5,0.13678957740294523,0.09664542541421693,0.7665649993666287
ENC00065,v5,0.12324514405594932,0.0831475747883125,0.7936072848201577
ENC00067,v5,0.09558941704923646,0.10620735561181056,0.7982032220614584
ENC00080,v5,0.13238174457103014,0.06497284153476357,0.8026454108953476
ENC00081,v5,0.09949433475290195,0.10905090796917973,0.7914547642858902
ENC00084,v5,0.13669544687637916,0.11020216422800261,0.7531023885195072
ENC00088,v5,0.13134382470188855,0.09818756234805996,0.770468614925848
ENC00089,v5,0.15264542963650587,0.06818268902385406,0.7791718836310956
ENC00090,v5,0.14970209644134366,0.06408867605878457,0.7862092287682775
ENC00096,v5,0.11523201946507801,0.0815906225068664,0.8031773556362499
ENC00098,v5,0.1304933086503297,0.09586329131707316,0.773643403314054
ENC00103,v5,0.09146017007529736,0.10126038378104568,0.8072794491052627
ENC00106,v5,0.1388893550143421,0.08104957354852574,0.7800610730413756
ENC00111,v5,0.10887994713360263,0.11292284407142189,0.7781972101619167
ENC00113,v5,0.0,0.1050385336910609,0.8949614681360376
ENC00121,v5,0.10119239570757815,0.09898993530388893,0.7998176731226099
ENC00125,v5,0.11270401396644794,0.0954634892882976,0.7918324979340158
ENC00128,v5,0.12945256708189845,0.08605318942240306,0.7844942371760096
ENC00130,v5,0.09901486454110076,0.09565609557567721,0.8053290413243928
ENC00133,v5,0.14530510969203095,0.07762030648581426,0.7770745857008572
ENC00143,v5,0.11761097029915878,0.09109992324707232,0.7912891047341483
ENC00149,v5,0.12298172996412936,0.11385819161806604,0.7631600773591789
ENC00151,v5,0.0,0.13058481799412724,0.8694151809646024
ENC00159,v5,0.11979187781421038,0.08625711112892112,0.793951014486643
ENC00162,v5,0.10355131078700898,0.08403105876740005,0.8124176309270373
ENC00164,v5,0.10452456337710221,0.08575032031217562,0.8097251200157664
ENC00167,v5,0.08941949599732955,0.0959144812465335,0.8146660258372624
ENC00170,v5,0.14215757420159275,0.07517955950258867,0.7826628629465281
ENC00171,v5,0.12047809156135095,0.09108738598898669,0.7884345236888601
ENC00173,v5,0.11174505123340372,0.08426467794924974,0.8039902737781183
ENC00188,v5,0.08504809823728376,0.0949570132464531,0.8199948870366619
ENC00191,v5,0.1310109388615404,0.0917889746526877,0.7772000869115193
ENC00192,v5,0.14309279966181604,0.09226502870897883,0.7646421643270962
ENC00193,v5,0.017370412837610476,0.09870188920126285,0.8839276988565186
ENC00202,v5,0.1145949390893047,0.07625207396670924,0.8091529889686687
ENC00208,v5,0.11781848280118146,0.10311737265694168,0.7790641456569006
ENC00209,v5,0.1140859572418556,0.06867722485356839,0.8172368209832793
ENC00210,v5,0.11907819641190906,0.08095352213771999,0.799968282843745
ENC00214,v5,0.0,0.1260906157610209,0.8739093853079755
ENC00217,v5,0.1341265019056571,0.09282144277363363,0.7730520563404055
ENC00237,v5,0.12778940928332946,0.08724919198121985,0.7849614032927681
ENC00238,v5,0.11775007831823567,0.09161153493914753,0.7906383930341058
ENC00250,v5,0.10998180792131255,0.09252383583019265,0.797494359775982
ENC00255,v5,0.14660488764444987,0.09510093549089063,0.7582941747847057
ENC00256,v5,0.13542623629847778,0.11204533152354573,0.752528434239545
ENC00259,v5,0.12792873740488409,0.07423733844074841,0.7978339271218169
ENC00260,v5,0.10276133830730731,0.10100507221829433,0.7962335879986103
ENC00263,v5,0.11128940447455361,0.07557286098599433,0.81313773223332
ENC00264,v5,0.1265773228108883,0.08229989025741816,0.791122784614563
ENC00267,v5,0.12636368949075832,0.09532574972356944,0.7783105574986514
ENC00270,v5,0.1138210454955697,0.08291302624203992,0.8032659306758787
ENC00271,v5,0.11252533770957084,0.07298681140238852,0.8144878512658413
ENC00272,v5,0.10724171419116788,0.07658330233123406,0.8161749817374954
ENC00275,v5,0.09986142087011383,0.09835888442690842,0.8017796908433621
ENC00289,v5,0.11711682832176737,0.09276274774598775,0.7901204215536872
ENC00291,v5,0.1135589526087608,0.08929730088116145,0.7971437511579046
ENC00292,v5,0.0998314725778376,0.10108113007542367,0.799087405204773
ENC00294,v5,0.1360130640808667,0.09553660343566509,0.7684503342503699
ENC00296,v5,0.114848298513714,0.07804343334453948,0.8071082701870039
ENC00298,v5,0.12137181436022122,0.10994476754247218,0.7686834164368089
ENC00304,v5,0.11449878512778217,0.07893813021817347,0.8065630859798856
ENC00306,v5,0.04991781628514464,0.09295623695796675,0.8571259465303507
ENC00310,v5,0.11532548786628814,0.09785124928291355,0.786823258513496
ENC00319,v5,0.1117240863869775,0.1033307189772011,0.78494519557593
ENC00323,v5,0.1399417687318996,0.08674611493353983,0.7733121157406333
ENC00326,v5,0.09409998021354633,0.09566301680336307,0.8102370026920523
ENC00327,v5,0.13109142048792405,0.08108107327822257,0.7878275036811828
ENC00329,v5,0.10747901583495348,0.09061803011952535,0.8019029591394508
ENC00330,v5,0.11314481683075428,0.09956113431188796,0.7872940487331814
ENC00336,v5,0.13661347723365586,0.08744056051143127,0.7759459622298615
ENC00337,v5,0.10474990134866073,0.09867581479444072,0.7965742914841093
ENC00341,v5,0.09669173076482755,0.08278617402538657,0.8205220960080624
ENC00344,v5,0.1249359382050378,0.07359522283343332,0.8014688413483756
ENC00349,v5,0.1127729957688202,0.11445971249232015,0.7727672978512292
ENC00358,v5,0.0,0.10320912400799755,0.8967908718868306
ENC00359,v5,0.13387065489844577,0.08658333921547585,0.7795460069082617
ENC00360,v5,0.15987620593625165,0.07215537260552603,0.7679684218906221
ENC00362,v5,0.02598359361610503,0.12133068472658302,0.8526857203128291
ENC00368,v5,0.1322833032093265,0.10337868994794601,0.7643380086284038
ENC00372,v5,0.09201788486934256,0.11794371397673399,0.7900384013680206
ENC00376,v5,0.09002972430048081,0.09866347077947396,0.8113068044185638
ENC00381,v5,0.1293539880193714,0.07126846940333682,0.7993775435856411
ENC00382,v5,0.13279611979005407,0.08986637725051745,0.7773375042433878
ENC00386,v5,0.14941587231081466,0.07013655863702298,0.7804475685824519
ENC00389,v5,0.11736648331443184,0.08740149201195446,0.7952320254106315
ENC00390,v5,0.14069477478865863,0.08636012294513433,0.7729451080568793
ENC00392,v5,0.11005870536901056,0.10691873772302643,0.7830225575715304
ENC00393,v5,0.11992616784267539,0.08026899041710642,0.7998048405008992
ENC00402,v5,0.14688598026239544,0.10276648313353914,0.7503475355445792
ENC00403,v5,0.11040364730558018,0.09078524220825696,0.7988111111449032
ENC00405,v5,0.10848890962855269,0.11433496442623436,0.7771761280794939
ENC00413,v5,0.12374749730030696,0.08513044312241531,0.7911220612980071
ENC00414,v5,0.1052901531968798,0.10810083301910081,0.7866090195519584
ENC00418,v5,0.11105779882880949,0.1078529201688305,0.7810892808821893
ENC00419,v5,0.12593556570745731,0.08179856115530659,0.7922658737558518
ENC00424,v5,0.13266602613493406,0.07673813447158422,0.7905958395088668
ENC00428,v5,0.02593084640466259,0.09829754533711821,0.8757716119289398
ENC00432,v5,0.10838429573178292,0.09359228265285492,0.7980234251022339
ENC00433,v5,0.13373624485346577,0.09008485587283728,0.7761788988305677
ENC00435,v5,0.0,0.1184728688634932,0.8815271272659302
ENC00436,v5,0.10731327306712046,0.08837292843963951,0.8043138021603227
ENC00441,v5,0.11942218942567706,0.08450317425269853,0.7960746340891894
ENC00443,v5,0.139080879203547,0.10140187758952379,0.7595172421685581
ENC00444,v5,0.1284400154288639,0.0784485590248711,0.7931114246740061
ENC00451,v5,0.15774692665293533,0.09534538821053673,0.746907686287502
ENC00453,v5,0.10625550068846536,0.08983598593109791,0.8039085148671351
ENC00456,v5,0.09831010656040391,0.10292971701027802,0.7987601771766757
ENC00457,v5,0.13190457801500413,0.07795557465838039,0.7901398466057974
ENC00459,v5,0.11083472929610551,0.08907311991255247,0.8000921470518331
ENC00461,v5,0.12502950693616707,0.09784332938031869,0.7771271674820547
ENC00462,v5,0.11924561717067704,0.08593427533086276,0.7948201036814487
ENC00444,v5,0.1284400154288639,0.0784485590248711,0.7931114246740061
ENC00449,v5,0.1288470866610155,0.0750389373931808,0.7961139742172125
ENC00451,v5,0.1571796559522637,0.0927337509357428,0.7500865881421924
ENC00453,v5,0.10625550068846536,0.08983598593109791,0.8039085148671351
ENC00456,v5,0.10431703782559913,0.10200466368531372,0.7936782976727427
ENC00457,v5,0.12660725127289615,0.08301801945808834,0.7903747323929794
ENC00459,v5,0.11083472929610551,0.08907311991255247,0.8000921470518331
ENC00461,v5,0.12119742571983648,0.10678176665881081,0.7720208096763362
ENC00462,v5,0.11924561717067704,0.08593427533086276,0.7948201036814487
ENC00463,v5,0.1526539114228687,0.07942884368532747,0.7679172439604812
ENC00464,v5,0.13170589437171565,0.09281186393783086,0.7754822390227668
ENC00465,v5,0.13481960003107987,0.10430152079202985,0.7608788745515298
ENC00469,v5,0.14368346403005408,0.08485283435030437,0.7714637028637217
ENC00471,v5,0.1415306625385133,0.0890374472475655,0.7694318890571594
ENC00474,v5,0.1391793530729177,0.11045788755814592,0.750362760300259
ENC00475,v5,0.11091865417273605,0.08827660684199894,0.800804737034966
ENC00477,v5,0.13209543758092968,0.09302066708389754,0.7748838940957435
ENC00478,v5,0.10695451090686789,0.10049514773641234,0.7925503382058902
ENC00479,v5,0.12880227933911717,0.08664623991353437,0.7845514841816005
ENC00482,v5,0.14876884955447167,0.08915805938158883,0.7620730884373188
ENC00489,v5,0.13387152755802328,0.0852092350550899,0.7809192327537922
ENC00490,v5,0.1294155136747345,0.08578143729739318,0.7848030510981372
ENC00492,v5,0.13104519665798295,0.0861524968782318,0.782802307717154
ENC00511,v5,0.13160848767261638,0.08771039920241058,0.7806811115452063
ENC00513,v5,0.1253289773044261,0.08454127569090236,0.7901297477158633
ENC00519,v5,0.1287057054412626,0.09013735364959405,0.7811569440973937
ENC00524,v5,0.11368932755826747,0.08461510103412913,0.8016955707837077
ENC00529,v5,0.11600988660708512,0.10129004851499997,0.7827000606178057
ENC00538,v5,0.12177848077572144,0.09550012195868804,0.7827213986499889
ENC00543,v5,0.10891809090971946,0.09953008624059813,0.7915518221401033
ENC00548,v5,0.13427370531009694,0.09231561290867188,0.7734106738193363
ENC00550,v5,0.11491256399500754,0.09453915900761081,0.790548276516699
ENC00559,v5,0.11005005656071931,0.09162395950483758,0.7983259809903862
ENC00562,v5,0.12446183107104622,0.07249132181838655,0.8030468455883635
ENC00563,v5,0.1228898692144347,0.10140444920814064,0.7757056743970939
ENC00571,v5,0.11676716021481592,0.07975421328643326,0.8034786228921004
ENC00573,v5,0.12997056946561142,0.083598395117332,0.7864310338690474
ENC00575,v5,0.14983144758836084,0.08432695679231614,0.7658415942088418
ENC00577,v5,0.1272836463857991,0.11541524151152419,0.7573011129401451
ENC00580,v5,0.14455941133201122,0.0824310434963404,0.7730095453800694
ENC00581,v5,0.13219500491113373,0.09886307785089946,0.7689419162995887
ENC00587,v5,0.13989288732409477,0.08154277106408368,0.7785643425854769
ENC00590,v5,0.11427956336509373,0.09269981656886511,0.7930206206895537
ENC00591,v5,0.10420169118935099,0.07741221412568568,0.8183860933551421
ENC00592,v5,0.13163431373181617,0.0648969891748041,0.8034686947324473
ENC00596,v5,0.1285305842757225,0.08965082519635972,0.7818185943696234
ENC00598,v5,0.1463494860853245,0.09885866704451687,0.7547918472414702
ENC00600,v5,0.08795299991255714,0.11077405010305699,0.8012729565302531
ENC00606,v5,0.09973712561883195,0.08603471575345653,0.8142281592327313
ENC00608,v5,0.1518157361518769,0.08312849854784353,0.7650557722364153
ENC00620,v5,0.13320119642502778,0.09472582894344847,0.7720729758689454
ENC00631,v5,0.14215253827472527,0.09146296695495645,0.7663844956292046
ENC00637,v5,0.10434271535855166,0.10956411063671112,0.7860931705455391
ENC00640,v5,0.11200287425429514,0.09801743262548848,0.7899796880117738
ENC00643,v5,0.11874204290644177,0.12166147067580584,0.7595964861365984
ENC00657,v5,0.11200618457335693,0.0918537289314493,0.7961400880680217
ENC00661,v5,0.10336618888096546,0.11561765158035624,0.781016166285267
ENC00665,v5,0.12308214279236616,0.08948747283192697,0.7874303813333865
ENC00667,v5,0.13589131313243083,0.09026695989970383,0.7738417312502861
ENC00671,v5,0.0847860822766464,0.09183711883097147,0.8233767970008139
ENC00694,v5,0.10826819513126143,0.08704861222733078,0.804683193564415
ENC00696,v5,0.11341845632220308,0.0924132022773847,0.7941683386762937
ENC00697,v5,0.09622448009498623,0.10303057234631766,0.8007449507713318
ENC00711,v5,0.10853004533882168,0.08422888365087354,0.8072410699996081
ENC00717,v5,0.11244499601505614,0.10926601664255281,0.7782889892766763
ENC00720,v5,0.10489186246459391,0.09797464505604961,0.7971334895666908
ENC00721,v5,0.13672199657371453,0.08932012447936309,0.773957875934807
ENC00727,v5,0.10500953723921587,0.08696052125704132,0.8080299375088591
ENC00729,v5,0.14078680326029197,0.10681563291276239,0.7523975611961994
ENC00730,v5,0.1454000433155319,0.09993714997708275,0.7546628070505041
ENC00734,v5,0.08562399360694384,0.10221631993588648,0.8121596819476078
ENC00744,v5,0.0969395948573947,0.09376986810627083,0.8092905357480049
ENC00747,v5,0.1463075742026828,0.06884190678867876,0.7848505192245079
ENC00748,v5,0.12542709354953518,0.08084758000994294,0.7937253271711284
ENC00749,v5,0.11295560533956935,0.09710911808845897,0.7899352771540483
ENC00752,v5,0.13315555099135554,0.09450145234340723,0.7723429937597731
ENC00753,v5,0.13132629543542862,0.09676631031907164,0.7719073928892612
ENC00757,v5,0.1162822865700537,0.09269467892139688,0.7910230381544247
ENC00759,v5,0.1436638348117596,0.09410481855367162,0.7622313454371541
ENC00762,v5,0.11867354109179316,0.07350583259368271,0.8078206261311929
ENC00765,v5,0.01915654145572758,0.12003055947240103,0.8608129038052126
ENC00771,v5,0.11104311875027159,0.09577682306585104,0.7931800601275071
ENC00772,v5,0.12132403396174941,0.0864382321474103,0.7922377330316624
ENC00778,v5,0.13330384685856397,0.10337487543307122,0.7633212780366179
ENC00787,v5,0.11221695705144494,0.1068515588650135,0.7809314838162175
ENC00788,v5,0.12064125653993976,0.09943378268246043,0.779924961897704
ENC00792,v5,0.11266922780445644,0.1000535632084523,0.7872772063527789
ENC00797,v5,0.135661902034591,0.09960280456740794,0.7647352932856001
ENC00801,v5,0.0,0.09164378384015014,0.9083562167309924
ENC00802,v5,0.1546265538005779,0.0975652230263222,0.7478082248320183
ENC00807,v5,0.0,0.08322979266790145,0.9167702073719413
ENC00808,v5,0.12746117568534354,0.0941662952101425,0.7783725318701371
ENC00812,v5,0.13989060623289057,0.07986999888001292,0.7802393919590748
ENC00813,v5,0.1290428621657923,0.10023036902295608,0.7707267748374566
ENC00815,v5,0.126917015761137,0.09029212381716792,0.782790857178348
ENC00830,v5,0.1379480789213077,0.08340901875787456,0.7786429047584533
ENC00832,v5,0.0,0.11132012127387908,0.888679878686064
ENC00838,v5,0.14601064566522837,0.07186545984893057,0.7821238938915102
ENC00845,v5,0.11330406036973,0.10018182165920735,0.7865141220092774
ENC00848,v5,0.14612624761277596,0.09219445802469169,0.761679296999906
ENC00849,v5,0.1184208966711516,0.08227874257511669,0.7993003674732742
ENC00002,v6,0.1230402488813356,0.05004438218649155,0.8269153730368909
ENC00003,v6,0.1381194017288324,0.04249468003093314,0.8193859222688173
ENC00004,v6,0.17071559307751832,0.037301902507370484,0.7919825043207334
ENC00006,v6,0.19139431853337116,0.03751117540189469,0.7710945038681486
ENC00007,v6,0.17461311649740413,0.04749683191047542,0.7778900506791104
ENC00008,v6,0.1177604728937149,0.04229527352776911,0.8399442553520202
ENC00013,v6,0.15791524772158289,0.0326615208058662,0.8094232305297702
ENC00014,v6,0.16263684448954974,0.055411083252202974,0.781952073228174
ENC00017,v6,0.13691000931642272,0.04801815950248221,0.8150718304243955
ENC00022,v6,0.1661261957599206,0.038506744539344245,0.7953670584083943
ENC00023,v6,0.1350093383251167,0.0407668207749361,0.8242238416904356
ENC00024,v6,0.12176537121976576,0.06170177300791106,0.8165328571873326
ENC00031,v6,0.1268776685186902,0.041602702303233104,0.8315196299702866
ENC00034,v6,0.16339542982522506,0.036923694413438526,0.7996808764530204
ENC00043,v6,0.1261194704457577,0.04365939973887307,0.8302211288961104
ENC00052,v6,0.15602402585930158,0.03980002549737499,0.8041759476142843
ENC00063,v6,0.1388584798087879,0.04780936648603529,0.8133321526099224
ENC00064,v6,0.16131628192258332,0.04924264519567654,0.7894410721535953
ENC00065,v6,0.14540961455878382,0.03505153253363422,0.8195388510019452
ENC00067,v6,0.12395020507686182,0.046562637428864156,0.8294871556102683
ENC00080,v6,0.14979834829986358,0.03144813472885097,0.8187535187221309
ENC00081,v6,0.12946686376656952,0.041262555696323096,0.8292705820038401
ENC00084,v6,0.1729300998249768,0.04266258577471558,0.7844073197390015
ENC00088,v6,0.15894727548584342,0.04064820495204913,0.8004045167472214
ENC00089,v6,0.1602759190105103,0.04465173449585432,0.7950723479996931
ENC00090,v6,0.16702727246227447,0.038331617190141644,0.7946411077485701
ENC00096,v6,0.14400024245401005,0.038881012690151213,0.8171187452562563
ENC00098,v6,0.15446451781912052,0.04852320539438106,0.7970122752037454
ENC00103,v6,0.11720261980707829,0.046817632146905035,0.8359797476575925
ENC00106,v6,0.15944930061893173,0.038971182989875695,0.8015795160068695
ENC00111,v6,0.14528801270267544,0.04523755825139622,0.8094744331696454
ENC00113,v6,0.0,0.14333153685602623,0.8566684669409043
ENC00121,v6,0.13332040572949977,0.041652566970855065,0.825027026201078
ENC00125,v6,0.1328762677376685,0.045923992573027164,0.8211997432121332
ENC00128,v6,0.16758473607478663,0.032931315802670724,0.7994839516468346
ENC00130,v6,0.12800753722239655,0.042229271914581194,0.8297631890453093
ENC00133,v6,0.17539253087660062,0.03997784501701159,0.7846296218413751
ENC00143,v6,0.14312675685505383,0.03941858106645668,0.8174546591471881
ENC00149,v6,0.15430911517930482,0.037094073598536684,0.8085968123292023
ENC00151,v6,0.0,0.15470818526529032,0.845291810816732
ENC00159,v6,0.11725554942705069,0.045521637194961974,0.837222812282052
ENC00162,v6,0.12415830028919399,0.04973350205165594,0.8261081996908043
ENC00164,v6,0.12446034543556296,0.038856187427640576,0.8366834682053056
ENC00167,v6,0.10339038352342858,0.051295308473830424,0.845314310199913
ENC00170,v6,0.156131891973994,0.04214936428788033,0.8017187443646517
ENC00171,v6,0.14543077564583376,0.047086278621393904,0.8074829460909734
ENC00173,v6,0.12911683204583824,0.048022459511412305,0.8228607068459193
ENC00188,v6,0.10226621115032364,0.04605308376553961,0.8516807047759786
ENC00191,v6,0.15854728599198353,0.04068144877256157,0.800771265457838
ENC00192,v6,0.16821721997276873,0.06454647270822486,0.7672363066040309
ENC00193,v6,0.035336380817001516,0.046084378622634724,0.9185792391383371
ENC00202,v6,0.1257899653895822,0.044062940450631596,0.8301470929352694
ENC00208,v6,0.15330074396398333,0.04767176088083674,0.7990274948102457
ENC00209,v6,0.13050716703030515,0.03979190123232609,0.8297009311895319
ENC00210,v6,0.12589879018358058,0.05446471095826753,0.8196365010959131
ENC00214,v6,0.0,0.16462852894550278,0.8353714753711035
ENC00217,v6,0.1532304234157397,0.05444111760089716,0.7923284581327062
ENC00237,v6,0.150347572808363,0.04114789752722053,0.8085045291452991
ENC00238,v6,0.1482965968195991,0.035966940205604446,0.8157364633576624
ENC00250,v6,0.12469362007204894,0.04873431865185215,0.826572060585022
ENC00255,v6,0.16597915017376833,0.0504896641566413,0.7835311909190944
ENC00256,v6,0.15962490034813911,0.06326049772886844,0.7771146021141911
ENC00259,v6,0.14406026729557198,0.030066623501170398,0.8258731092792004
ENC00260,v6,0.12416058105807151,0.049663546890701335,0.8261758739589363
ENC00263,v6,0.12245472139447411,0.04871293579933444,0.8288323376220086
ENC00264,v6,0.14426064043157344,0.04183293534172834,0.8139064211200401
ENC00267,v6,0.15685472754495486,0.04618564355852348,0.7969596329189482
ENC00270,v6,0.1265833738947933,0.036381300660458644,0.8370353238067435
ENC00271,v6,0.12982219747209456,0.030056952850827656,0.8401208480354398
ENC00272,v6,0.11759461512538924,0.05163678204043032,0.8307686056663741
ENC00275,v6,0.12002760799767825,0.0421999521398296,0.8377724396231029
ENC00289,v6,0.14002217102097347,0.04323735868183576,0.8167404709383845
ENC00291,v6,0.14004562843230464,0.05210183552736717,0.8078525389394452
ENC00292,v6,0.12250662428154126,0.04169543158385178,0.8357979493443243
ENC00294,v6,0.16029118407517673,0.03809978132368997,0.8016090339422226
ENC00296,v6,0.1405306271179605,0.03935482032154558,0.8201145539626232
ENC00298,v6,0.15087367658399872,0.0485323625526184,0.8005939599540498
ENC00304,v6,0.13542118528857827,0.04324603911754821,0.821332776453346
ENC00306,v6,0.0496289207564656,0.054864676356075975,0.8955064025538707
ENC00310,v6,0.12789485698158387,0.04977657758536225,0.8223285684362054
ENC00319,v6,0.1350067718231295,0.04045426242528521,0.8245389641049397
ENC00323,v6,0.16315795979462563,0.04900445955281611,0.787837578728795
ENC00326,v6,0.11013447179865207,0.049122067913002776,0.8407434616319933
ENC00327,v6,0.13626634105457924,0.0634175785980915,0.8003160739317536
ENC00329,v6,0.13766031561053207,0.035921493345179044,0.8264181909398136
ENC00330,v6,0.13879170960330584,0.03898240529506051,0.822225883603096
ENC00336,v6,0.15931381728452973,0.04417855613216569,0.7965076256401932
ENC00337,v6,0.13039314703262866,0.04646825932952119,0.8231385946273804
ENC00341,v6,0.1121729153789868,0.039824050780416606,0.848003031140533
ENC00344,v6,0.1378715964080381,0.04495167519997282,0.8171767274702876
ENC00349,v6,0.13920186199648407,0.05115395840332513,0.8096441812412714
ENC00358,v6,0.0,0.16511214727705176,0.834887847033414
ENC00359,v6,0.13996027757861337,0.04273403612433711,0.8173056817845087
ENC00360,v6,0.1690052917401772,0.03878679335321067,0.7922079165000468
ENC00362,v6,0.028128898535582304,0.06532462062596371,0.9065464816310189
ENC00368,v6,0.17025927700102328,0.03708373976580333,0.7926569843292236
ENC00372,v6,0.12152519521450028,0.045733083001701966,0.8327417204222703
ENC00376,v6,0.11418044774864729,0.045274955042912506,0.8405445993710787
ENC00381,v6,0.13665258687658188,0.041212075881851024,0.8221353371938069
ENC00382,v6,0.15758725446919916,0.04151695030963137,0.8008957953049393
ENC00386,v6,0.1625720494602983,0.045359543628512404,0.7920684073422406
ENC00389,v6,0.14122549235457327,0.047901238178516305,0.8108732678541323
ENC00390,v6,0.15838877574703789,0.0490142925258326,0.7925969308379006
ENC00392,v6,0.14464539547094066,0.04248287998700505,0.8128717212534663
ENC00393,v6,0.12522793362109824,0.04532430861038209,0.8294477558684075
ENC00402,v6,0.1690940920899554,0.03741924328865801,0.7934866634810843
ENC00403,v6,0.1464514383865941,0.0405955413476594,0.8129530183730587
ENC00405,v6,0.13191170107501632,0.04570501031076464,0.822383290873124
ENC00413,v6,0.15098886275795145,0.036572975119654565,0.8124381625596346
ENC00414,v6,0.12105875364795793,0.03992379695682757,0.8390174475498497
ENC00418,v6,0.1376338169728158,0.04105600925608808,0.8213101734776469
ENC00419,v6,0.13073435029701183,0.05731604089470286,0.8119496091416007
ENC00424,v6,0.14459821749307694,0.036198888404974115,0.8192028928240505
ENC00428,v6,0.031174847153916715,0.04571003910724915,0.9231151130891615
ENC00432,v6,0.13494936439551805,0.04205987759939346,0.8229907575406527
ENC00433,v6,0.1550953292336122,0.046370013713450786,0.798534657375746
ENC00435,v6,0.0,0.15638529201006068,0.8436147077330227
ENC00436,v6,0.12812930283447108,0.0359808106625837,0.8358898822750364
ENC00441,v6,0.13816150032142374,0.045033208597352374,0.8168052923172078
ENC00443,v6,0.17099424539348826,0.038997294871548474,0.7900084598133197
ENC00444,v6,0.13443288532650377,0.057011544275442215,0.8085555673584225
ENC00451,v6,0.17703688808251172,0.05238440509856446,0.7705787038430572
ENC00453,v6,0.12563883708789944,0.05064897521166131,0.823712188899517
ENC00456,v6,0.12852555695140072,0.05199259257830319,0.8194818508721167
ENC00457,v6,0.1418596331316691,0.03934467284964809,0.8187956927487483
ENC00459,v6,0.11977132894609073,0.05101010484831433,0.8292185668259451
ENC00461,v6,0.14713634676075873,0.040474339055873575,0.8123893148121349
ENC00444,v6,0.13443288532650377,0.057011544275442215,0.8085555673584225
ENC00449,v6,0.14007021899326383,0.038525216708995544,0.8214045654390459
ENC00451,v6,0.17703688808251172,0.05238440509856446,0.7705787038430572
ENC00453,v6,0.12563883708789944,0.05064897521166131,0.823712188899517
ENC00456,v6,0.12852555695140072,0.05199259257830319,0.8194818508721167
ENC00457,v6,0.1418596331316691,0.03934467284964809,0.8187956927487483
ENC00459,v6,0.11977132894609073,0.05101010484831433,0.8292185668259451
ENC00461,v6,0.14713634676075873,0.040474339055873575,0.8123893148121349
ENC00462,v6,0.1326431294730982,0.0418593638425912,0.8254975085498906
ENC00463,v6,0.1603263386694545,0.04577437905192545,0.7938992801037702
ENC00464,v6,0.15750641682843783,0.04518727656788968,0.7973063024516883
ENC00465,v6,0.16626842001998665,0.03887553143225648,0.7948560540122215
ENC00469,v6,0.16692547500133514,0.03849656890890622,0.7945779589849098
ENC00471,v6,0.15942484062554232,0.057482392874671454,0.7830927674450091
ENC00474,v6,0.16528143467399004,0.039362956746916554,0.7953556040737116
ENC00475,v6,0.11634794769831645,0.04967829764297485,0.8339737550711926
ENC00477,v6,0.15230060263817746,0.04989556468365389,0.7978038345537488
ENC00478,v6,0.1387411030488355,0.03730883984161275,0.8239500594139099
ENC00479,v6,0.16409712004310945,0.04266586767180878,0.7932370129753562
ENC00482,v6,0.1746596254369351,0.036406877317773034,0.7889334933920057
ENC00489,v6,0.1460206159739242,0.035207882421993804,0.8187715025200193
ENC00490,v6,0.13932321262881928,0.04300287706998283,0.8176739123678699
ENC00492,v6,0.15646859815667483,0.03630397364705001,0.8072274295259113
ENC00511,v6,0.1633506267785262,0.03988716923373027,0.7967622033041767
ENC00513,v6,0.1416622046381235,0.053292037528609074,0.8050457541981051
ENC00519,v6,0.16324720185636823,0.037993877442920064,0.7987589210760399
ENC00524,v6,0.14667877697502263,0.032626967124997464,0.820694254245609
ENC00529,v6,0.13355348793623958,0.04510563448515199,0.8213408770361496
ENC00538,v6,0.16289094534434684,0.04220308273016437,0.7949059744403787
ENC00543,v6,0.12719024499232062,0.04798464790195683,0.8248251059225628
ENC00548,v6,0.1419053769537381,0.053458456279613174,0.8046361633709499
ENC00550,v6,0.13716671815200243,0.042354301525847404,0.8204789804294705
ENC00559,v6,0.1278990941500524,0.039550293941829295,0.832550612045452
ENC00562,v6,0.13908631177331907,0.03429341998252821,0.8266202668261423
ENC00563,v6,0.14046366893106105,0.04407325458800644,0.8154630754630603
ENC00571,v6,0.1324697951724132,0.04287471987927954,0.8246554843584697
ENC00573,v6,0.16178765903096393,0.03507835699911166,0.8031339823390564
ENC00575,v6,0.17060991107456147,0.03869637594438128,0.7906937099272205
ENC00577,v6,0.17017710653179494,0.036453775108265155,0.793369112688987
ENC00580,v6,0.16322499358960027,0.035598605954354365,0.8011764013873679
ENC00581,v6,0.16016343471454214,0.04118112952163723,0.7986554336671384
ENC00587,v6,0.1465824830904603,0.04648597361403518,0.8069315439462662
ENC00590,v6,0.13797882115229582,0.03655546236042984,0.8254657152371528
ENC00591,v6,0.12064405170639166,0.04180382203275079,0.8375521245185268
ENC00592,v6,0.14524486948731086,0.03536340154623662,0.8193917312319317
ENC00596,v6,0.14896102868755098,0.05393664520933455,0.7971023309958373
ENC00598,v6,0.1810500599089123,0.03469071749575613,0.7842592270601363
ENC00600,v6,0.1168093853809226,0.04713182834921799,0.8360587831300038
ENC00606,v6,0.1214229254197682,0.039032419582008704,0.8395446536472305
ENC00608,v6,0.17340469343124787,0.037738151440526106,0.7888571547635029
ENC00620,v6,0.16170962550471316,0.04807296927206515,0.7902174075092889
ENC00631,v6,0.15346258593218348,0.03925662927838721,0.8072807836198361
ENC00637,v6,0.12581091789326754,0.04906419199661363,0.8251248903303261
ENC00640,v6,0.12949681011628983,0.05383321139157802,0.8166699760456375
ENC00643,v6,0.14202476312455378,0.056535973654765835,0.8014392671529312
ENC00657,v6,0.13129144627600908,0.04891377771370268,0.819794776952929
ENC00661,v6,0.1364379434319085,0.05084620623371352,0.8127158533328425
ENC00665,v6,0.16208839363911573,0.045309973521815504,0.7926016355262083
ENC00667,v6,0.16645721530630475,0.03415975355975596,0.79938303232193
ENC00671,v6,0.09393053287838368,0.08218747680570851,0.8238819888297547
ENC00694,v6,0.1407293502580036,0.043591513645581226,0.8156791340221058
ENC00696,v6,0.12998579632868326,0.04270378847520322,0.8273104148289181
ENC00697,v6,0.11760441359309923,0.04483656608388715,0.8375590227899097
ENC00711,v6,0.1373337788077501,0.04399271797723113,0.8186735037045602
ENC00717,v6,0.1355123257394447,0.043944340184071035,0.8205433327098225
ENC00720,v6,0.13862417990511114,0.0334801070228092,0.8278957109559666
ENC00721,v6,0.15727670524102538,0.0384210326769088,0.8043022630226553
ENC00727,v6,0.11688181844049243,0.04918149675703257,0.8339366832728027
ENC00729,v6,0.15796342439716682,0.04741184729755332,0.7946247283834964
ENC00730,v6,0.16805888780138709,0.04736626115533514,0.7845748524473171
ENC00734,v6,0.1041031268396182,0.048855812418878486,0.8470410609152168
ENC00744,v6,0.11368482527525528,0.05709675153838876,0.8292184216172799
ENC00747,v6,0.16297023678035066,0.03745506260113802,0.7995747014095909
ENC00748,v6,0.1475541219482281,0.038179138276193826,0.8142667374587411
ENC00749,v6,0.14698824936931487,0.03410413491747022,0.8189076143316925
ENC00752,v6,0.16497233384972684,0.05202311432718501,0.7830045515007072
ENC00753,v6,0.15457573253123058,0.04333801340376366,0.8020862540757725
ENC00757,v6,0.13695037942379712,0.049024342095071914,0.8140252802520991
ENC00759,v6,0.16989616817999176,0.039837685180827975,0.7902661456567485
ENC00762,v6,0.12031608124179814,0.039323953004977694,0.8403599615450259
ENC00765,v6,0.019441561613508223,0.04822453428545946,0.9323339062732655
ENC00771,v6,0.13497059149242535,0.050414343899757415,0.8146150624109006
ENC00772,v6,0.14829715006053448,0.03728666342520977,0.8144161834436304
ENC00778,v6,0.17057179679211817,0.03532987643694995,0.7940983280800936
ENC00787,v6,0.1266743789481766,0.07279070637271028,0.8005349131191478
ENC00788,v6,0.13794208804352415,0.0441889457947885,0.8178689628839493
ENC00792,v6,0.1346891109322386,0.03846704802966764,0.8268438392672045
ENC00797,v6,0.15753498841339433,0.051553648968660076,0.7909113633240892
ENC00801,v6,0.0,0.12282734234345916,0.8771726547935863
ENC00802,v6,0.1816629533377071,0.04180295800521844,0.7765340943120967
ENC00807,v6,0.0,0.16246114671230316,0.8375388568097895
ENC00808,v6,0.16908875700028148,0.028704985145850515,0.8022062580566853
ENC00812,v6,0.16583013121169388,0.0396462131614323,0.7945236540154407
ENC00813,v6,0.16530865997920635,0.040597588232971035,0.7940937519556115
ENC00815,v6,0.12901206705976742,0.04199383222210448,0.8289940994456068
ENC00830,v6,0.1654012182612992,0.0436395700375794,0.7909592123670951
ENC00832,v6,0.0,0.15981618025950317,0.8401838232730997
ENC00838,v6,0.17964156863412686,0.042389295090937855,0.7779691361245655
ENC00845,v6,0.13164796488436722,0.05214555955012522,0.8162064781555762
ENC00848,v6,0.1706793751510872,0.038057815382814955,0.7912628121182398
ENC00849,v6,0.13899860925427296,0.04111368746167367,0.8198877052562993
ENC00403,v7,0.10540252464512984,0.10171461207016061,0.7928828607002895
ENC00405,v7,0.1142196435034275,0.08732060667127371,0.7984597449302673
ENC00413,v7,0.12119987823309437,0.0909893335373972,0.7878107896415136
ENC00414,v7,0.10140737646725029,0.10230834964113455,0.7962842741981149
ENC00418,v7,0.11608933731242344,0.09888306813868317,0.7850275925687842
ENC00419,v7,0.11561653390526772,0.09278689636425538,0.7915965687144887
ENC00424,v7,0.14156357639483988,0.05368690988019345,0.8047495153215196
ENC00428,v7,0.029483724670484664,0.11227596355974674,0.8582403163909912
ENC00432,v7,0.11016421038203122,0.0954375119985846,0.7943982714559974
ENC00433,v7,0.13910163975792167,0.07938228793051323,0.7815160721908381
ENC00435,v7,0.0,0.14751480519771576,0.8524851938088734
ENC00436,v7,0.10825340006187673,0.0850078372199458,0.8067387615451376
ENC00441,v7,0.11471965985342128,0.08263264910974463,0.802647694701054
ENC00443,v7,0.13266412792413423,0.10046260397923126,0.7668732706080662
ENC00444,v7,0.12925409881356067,0.08417481414385532,0.786571084556723
ENC00451,v7,0.1511488600196887,0.10490174564932074,0.7439493950532408
ENC00453,v7,0.10272120770812035,0.09164112669974565,0.8056376652717591
ENC00457,v7,0.12297240870261411,0.0841842378412775,0.7928433565918459
ENC00459,v7,0.10902310371562675,0.09448225677504644,0.796494640491821
ENC00461,v7,0.12043425260405792,0.09791576552057737,0.7816499779098912
ENC00462,v7,0.11819160515241486,0.07162646827683282,0.8101819281955417
ENC00444,v7,0.12925409881356067,0.08417481414385532,0.786571084556723
ENC00449,v7,0.12427345106476231,0.08324008134046668,0.7924864662320991
ENC00451,v7,0.15040929818695242,0.10599258714214418,0.7435981209832009
ENC00453,v7,0.10272120770812035,0.09164112669974565,0.8056376652717591
ENC00457,v7,0.12195867786476434,0.07773091255741055,0.8003104132069044
ENC00459,v7,0.10902310371562675,0.09448225677504644,0.796494640491821
ENC00461,v7,0.11917032444416875,0.10388054830407856,0.7769491269130899
ENC00462,v7,0.11819160515241486,0.07162646827683282,0.8101819281955417
ENC00463,v7,0.1458938884094727,0.0919667970435309,0.762139314954931
ENC00464,v7,0.1218948866557944,0.12113677178110395,0.7569683436509017
ENC00465,v7,0.13558641265739094,0.10086496770381928,0.7635486228899522
ENC00469,v7,0.14022331618304765,0.08413304844538548,0.7756436326674052
ENC00471,v7,0.14995296218472978,0.07881827653322068,0.7712287628872795
ENC00474,v7,0.1424230748391527,0.09990683863834134,0.7576700894851384
ENC00475,v7,0.10826296152340041,0.0990005992708676,0.7927364351020919
ENC00477,v7,0.12417704843812519,0.11281138131808903,0.7630115687847138
ENC00478,v7,0.11488650220891704,0.08908242211555657,0.7960310739019643
ENC00479,v7,0.132016456434651,0.08254700672576233,0.7854365351654234
ENC00482,v7,0.1446814470553911,0.10170065087857105,0.7536179019558814
ENC00489,v7,0.1286621932387352,0.07704918382689357,0.7942886176109314
ENC00490,v7,0.12574266266724296,0.07864823417876624,0.7956091017762491
ENC00492,v7,0.13870018209729876,0.08600568071539913,0.775294135865711
ENC00511,v7,0.13282470371513094,0.08912660790698938,0.7780486912023826
ENC00513,v7,0.12918978711140566,0.06634283623626006,0.8044673734697803
ENC00519,v7,0.1259710643140749,0.08441899995180382,0.7896099364620516
ENC00524,v7,0.11983391389935866,0.0878051631366727,0.7923609278667932
ENC00529,v7,0.1176929228088778,0.0996316121486218,0.7826754671076069
ENC00538,v7,0.12610262620543677,0.09469807102152752,0.7791993036156609
ENC00543,v7,0.10486539925650223,0.10596883351693756,0.7891657659687947
ENC00548,v7,0.13623175223668416,0.08433564878586265,0.779432604710261
ENC00550,v7,0.12611145087300915,0.08205131964426335,0.7918372288958667
ENC00559,v7,0.10970278905312482,0.09302812981370248,0.7972690784617474
ENC00562,v7,0.12805232500321553,0.06795197735983328,0.8039956962476011
ENC00563,v7,0.11274895157622195,0.10550727941438384,0.7817437689879845
ENC00571,v7,0.11046847300742989,0.09224987964826956,0.7972816451271968
ENC00573,v7,0.13459365216779037,0.08775166284725805,0.7776546864442422
ENC00575,v7,0.14087251379438068,0.08248662173181125,0.7766408622264862
ENC00577,v7,0.12038416126421814,0.11745356467295566,0.7621622733001051
ENC00580,v7,0.13586238633309092,0.09620193551693644,0.7679356728281294
ENC00581,v7,0.13278077678898206,0.09523928379460883,0.7719799383328512
ENC00587,v7,0.13353902934573766,0.08458658827718084,0.7818743816510899
ENC00590,v7,0.11596701235169231,0.10383007353595873,0.7802029110417508
ENC00591,v7,0.10254854077571317,0.08457925349081817,0.8128722034002606
ENC00592,v7,0.13532455343227445,0.05052445285547913,0.8141509927123602
ENC00596,v7,0.13077523378012454,0.09087469408585302,0.7783500731518839
ENC00598,v7,0.13723648686523307,0.10310860971078174,0.7596549040650669
ENC00600,v7,0.08737759541799413,0.11323089750998831,0.7993915017614973
ENC00606,v7,0.10177604120406436,0.08470188583270079,0.8135220742807155
ENC00608,v7,0.14930899862864222,0.07100064002064078,0.7796903631483861
ENC00620,v7,0.1338720923432937,0.09834626263294083,0.7677816450595856
ENC00631,v7,0.13866384509950877,0.09937475804239511,0.7619613969326019
ENC00637,v7,0.10784695080472427,0.09588582763104762,0.7962672241683145
ENC00640,v7,0.1150956641043156,0.08374764974242155,0.8011566832871504
ENC00643,v7,0.11322661218318072,0.1291654264046387,0.7576079598881982
ENC00657,v7,0.11755953863897223,0.09004320805324308,0.79239725094315
ENC00661,v7,0.10491352049367768,0.1112559167002993,0.7838305570185184
ENC00665,v7,0.1304478405402341,0.10254831661666752,0.7670038435437264
ENC00667,v7,0.13961848725632922,0.08344267128504873,0.7769388372335977
ENC00671,v7,0.08320087274490309,0.10006379357669964,0.8167353375884127
ENC00694,v7,0.1214186052102169,0.08150959223196025,0.7970718008871297
ENC00696,v7,0.11455520953644406,0.09873465452380854,0.786710135864489
ENC00697,v7,0.0951237540410937,0.10025251285998889,0.8046237303400939
ENC00711,v7,0.11073084273620655,0.0974957383678932,0.7917734201540026
ENC00717,v7,0.11629880111325872,0.0947843584316698,0.788916846297004
ENC00720,v7,0.11729953885915574,0.07945183715050559,0.8032486237836688
ENC00721,v7,0.12819559865727506,0.09314063510953866,0.7786637606291935
ENC00727,v7,0.10267375538786573,0.08882361702666047,0.8085026265152039
ENC00729,v7,0.1377507925710895,0.09990125608376481,0.7623479518023404
ENC00730,v7,0.1413699017734978,0.10615224116958502,0.7524778528476325
ENC00734,v7,0.09349663473489717,0.08237406379711909,0.8241292989160133
ENC00744,v7,0.10382563414648899,0.10128338592470561,0.7948909772252574
ENC00747,v7,0.13947748038552554,0.08159837704699706,0.7789241414444119
ENC00748,v7,0.12345185138542077,0.07452307391654829,0.8020250752054412
ENC00749,v7,0.12005162503541882,0.07885388654251477,0.8010944874232052
ENC00752,v7,0.13210402905408825,0.10949399545788766,0.7584019780158997
ENC00753,v7,0.13574908517193104,0.08818883374856407,0.7760620795298314
ENC00757,v7,0.1139186303897769,0.0975900052519169,0.788491366711338
ENC00759,v7,0.15190595018488545,0.08188106202344586,0.7662129864826069
ENC00762,v7,0.11530211780336685,0.07063978695805417,0.8140580910257995
ENC00765,v7,0.016613783536974444,0.11040713723509683,0.8729790744431521
ENC00771,v7,0.11869011315131428,0.09384557410999379,0.7874643152410333
ENC00772,v7,0.11640021422257026,0.09839030662206588,0.7852094791553639
ENC00778,v7,0.13316811571147905,0.11943108466134142,0.7474008024628482
ENC00787,v7,0.10194889944978058,0.10116696921509824,0.7968841370727334
ENC00788,v7,0.12073457991718349,0.09110133512351747,0.7881640836708528
ENC00792,v7,0.1116543309113314,0.10586442519701267,0.7824812439060951
ENC00797,v7,0.13553116763769477,0.09492426742023478,0.7695445650153689
ENC00801,v7,0.0,0.10070224748169249,0.8992977532986048
ENC00802,v7,0.15362279072224375,0.09638123012271273,0.749995980636183
ENC00807,v7,0.0,0.08567259229419616,0.914327409043408
ENC00808,v7,0.13465452622344246,0.0856346731185357,0.7797107950075349
ENC00812,v7,0.1443165076544156,0.08395471396176396,0.7717287765966879
ENC00813,v7,0.1394170079289413,0.07443169194057857,0.786151301570055
ENC00815,v7,0.11679339204870519,0.11065572449967029,0.7725508771245442
ENC00830,v7,0.13559759910637087,0.09014313479184831,0.7742592665033603
ENC00832,v7,0.0,0.12618902046233416,0.8738109757334499
ENC00838,v7,0.13919919296059496,0.09511407758217565,0.7656867282335148
ENC00845,v7,0.11662847111661603,0.09688458393701888,0.7864869457530225
ENC00848,v7,0.13408655621284662,0.0957165494517878,0.7701968966528426
ENC00849,v7,0.11312465332857854,0.09228106323056497,0.7945942872173184
