encounter_id,version,image_avg,text_avg,sink_avg
ENC00002,v1,0.028890792158294896,0.9650508551324,0.006058347419087515
ENC00003,v1,0.03168634848580474,0.9650571022714888,0.0032565471206215165
ENC00004,v1,0.0348304562146465,0.9630441498756409,0.0021254012772503
ENC00006,v1,0.030300539018226273,0.967788099240856,0.001911359657181286
ENC00007,v1,0.03275273203228911,0.9655154916975234,0.0017317687206539428
ENC00008,v1,0.03248148956474396,0.9631495517079193,0.00436895431738605
ENC00013,v1,0.030438523115765937,0.9678086475381311,0.0017528343151701298
ENC00014,v1,0.017106729790125744,0.9807543559829788,0.0021389129826347207
ENC00017,v1,0.02894320303755926,0.9691359466168938,0.0019208505868957173
ENC00022,v1,0.034269062367578346,0.9624014680584272,0.0033294634195044637
ENC00023,v1,0.023729381334109633,0.9742188909474541,0.002051733084383658
ENC00024,v1,0.021606128734464828,0.9762841784037076,0.002109700797770459
ENC00031,v1,0.025980260385119396,0.9720490963562675,0.001970635695413322
ENC00034,v1,0.040153113760701985,0.9554431386615919,0.0044037459647633895
ENC00043,v1,0.019521138551304253,0.9780404669482533,0.002438397285891924
ENC00052,v1,0.03347875072620809,0.9647221088409423,0.0017991388001246378
ENC00063,v1,0.026233174377942786,0.9716523324742037,0.002114495755556752
ENC00064,v1,0.02399516119948474,0.6191600179463103,0.35684481969005183
ENC00065,v1,0.033791471383359174,0.9645151431017583,0.0016933879740121268
ENC00067,v1,0.03184645596700601,0.9646535164270645,0.0035000307163080345
ENC00080,v1,0.04218475251797248,0.9532980586994778,0.00451718480061655
ENC00081,v1,0.028155280879753476,0.9697424811475417,0.0021022384554859907
ENC00084,v1,0.030872981781598,0.9691270203863989,0
ENC00088,v1,0.02866047483725034,0.9697557469693626,0.0015837832863207877
ENC00089,v1,0.03530930710787123,0.9586051382801749,0.006085554622537033
ENC00090,v1,0.031829820142994666,0.9629526912480936,0.005217492933674106
ENC00096,v1,0.03272752011091345,0.9609675815811863,0.006304901098634151
ENC00098,v1,0.031254499906762725,0.9687454984301612,0
ENC00103,v1,0.01762420548210767,0.9801674463532187,0.002208351887318052
ENC00106,v1,0.022675867777508803,0.975300058340415,0.0020240789259939143
ENC00111,v1,0.020799169880013135,0.9772524591102156,0.0019483683877191398
ENC00113,v1,0,0.9973426132517702,0.002657386422095656
ENC00121,v1,0.02864270858689506,0.9692691803997399,0.0020881071602169457
ENC00125,v1,0.031918605770915744,0.9665998953580857,0.0014814946393016727
ENC00128,v1,0.03924298140230358,0.9561364560998896,0.0046205619269961955
ENC00130,v1,0.03631371646049884,0.9636862809115118,0
ENC00133,v1,0.036329036162180056,0.9619682592504165,0.0017027059282340548
ENC00143,v1,0.030187197645210613,0.9658777567289644,0.003935045095050107
ENC00149,v1,0.031046277088554283,0.9623571697034334,0.0065965521100320315
ENC00151,v1,0,0.9971679644506486,0.002832027936552758
ENC00159,v1,0.018153219467162023,0.9797410127662477,0.0021057605793300483
ENC00162,v1,0.030627879035407608,0.9643297547841594,0.005042368206229523
ENC00164,v1,0.029290586083124463,0.9677747711539268,0.002934648538379966
ENC00167,v1,0.021390811778191063,0.9761153750949436,0.0024938093446609045
ENC00170,v1,0.03156010961120433,0.9642886426431913,0.0041512557832154295
ENC00171,v1,0.032781898346100305,0.9634502956996093,0.003767795324312976
ENC00173,v1,0.03252313973154036,0.9625758224604081,0.004901036181800752
ENC00188,v1,0.022024782339685432,0.9757422899531427,0.0022329307867379458
ENC00191,v1,0.0329251178385069,0.9602727591991425,0.006802124553360045
ENC00192,v1,0.02581895729743464,0.6250435155491496,0.34913753250310586
ENC00193,v1,0.015399427921791753,0.9823613252984472,0.0022392433405999676
ENC00202,v1,0.0293971030907922,0.9688675355079562,0.0017353612090309346
ENC00208,v1,0.019769520059913056,0.9781116343092644,0.002118844783131633
ENC00209,v1,0.04343956564035681,0.9547998999792432,0.0017605317707565273
ENC00210,v1,0.03339507811599308,0.9629129376676347,0.0036919863325440222
ENC00214,v1,0,0.9968932166695594,0.0031067874893778934
ENC00217,v1,0.022393051885506686,0.9756562800968395,0.0019506723154336214
ENC00237,v1,0.03885301145223471,0.9550234606632819,0.0061235325433349665
ENC00238,v1,0.032550578477320735,0.965553521335899,0.0018959008497427907
ENC00250,v1,0.026255110961695513,0.9719841314686669,0.0017607534310728726
ENC00255,v1,0.029442603477155386,0.9683748632669449,0.002182527316187549
ENC00256,v1,0.023990036437994446,0.9703246204332373,0.00568534433038841
ENC00259,v1,0.03811849131449765,0.9618815107672822,0
ENC00260,v1,0.03338327205309005,0.9628371676402305,0.003779562138917564
ENC00263,v1,0.019766847168405852,0.9781181319554647,0.0021150197686317066
ENC00264,v1,0.0393477974671729,0.9556656162950057,0.004986592014379139
ENC00267,v1,0.020378436708329794,0.9777496360680636,0.0018719325620194843
ENC00270,v1,0.03763365331040302,0.9570798433162797,0.005286511327271206
ENC00271,v1,0.027978339970850193,0.9700720444455877,0.001949619125314728
ENC00272,v1,0.024258784148842097,0.9739488691091538,0.0017923596780747176
ENC00275,v1,0.017904267027708035,0.9795946981225695,0.0025010324648714493
ENC00289,v1,0.029774408743140243,0.9681140666916257,0.0021115244222095326
ENC00291,v1,0.028021897322365215,0.9680323763327165,0.003945725802150736
ENC00292,v1,0.023641287362281705,0.9741858798013606,0.0021728249447105427
ENC00294,v1,0.038214864876742166,0.9587033743659655,0.0030817599938018246
ENC00296,v1,0.032035250142216684,0.9626221227645874,0.005342621299205348
ENC00298,v1,0.03750726343132556,0.9605753257870674,0.0019174194407241885
ENC00304,v1,0.034187459800806314,0.961987090489221,0.0038254473825901866
ENC00306,v1,0.021593727601262238,0.9762724234507634,0.0021338468954826776
ENC00310,v1,0.027196299386559986,0.9688351140357554,0.003968585188886209
ENC00319,v1,0.04338555964123872,0.954794618818495,0.0018198163072358714
ENC00323,v1,0.029301974336327665,0.9640340065133983,0.006664018528054243
ENC00326,v1,0.020952344567952107,0.9771739037669435,0.0018737490095283684
ENC00327,v1,0.02690757980570197,0.971114187836647,0.001978230529348366
ENC00329,v1,0.03578459276329903,0.96259408110664,0.0016213279505748125
ENC00330,v1,0.02945810677816293,0.9686369544693402,0.0019049398470087908
ENC00336,v1,0.027294766858493517,0.9708926398819739,0.0018125946858872173
ENC00337,v1,0.028566583373543362,0.9694336153890776,0.001999800052979718
ENC00341,v1,0.028489667466504776,0.9696013724550288,0.0019089568442258826
ENC00344,v1,0.029619596855238427,0.9643743948418965,0.00600601086761196
ENC00349,v1,0.022245378725762877,0.9755054312092918,0.0022491959979691143
ENC00358,v1,0,0.9972972308213894,0.0027027707032035463
ENC00359,v1,0.038432598962552016,0.9595643566714392,0.002003045460312731
ENC00360,v1,0.029961693742013764,0.9682656953919608,0.0017726046592216797
ENC00362,v1,0.010728125815235433,0.9867262435810906,0.0025456263461992854
ENC00368,v1,0.024202079959507062,0.9740882839743547,0.0017096372710826888
ENC00372,v1,0.024454392346901346,0.9732277199446436,0.0023178855344338947
ENC00376,v1,0.022105730445230308,0.9755993349642693,0.0022949374964625776
ENC00381,v1,0.024803981760908898,0.973090681590532,0.0021053322921752147
ENC00382,v1,0.03829018357614784,0.9596479697071988,0.002061846690080331
ENC00386,v1,0.02147261193022132,0.9766229798014348,0.0019044037762796506
ENC00389,v1,0.02887774801588264,0.9689802315043307,0.0021420270746477462
ENC00390,v1,0.023501311020836944,0.9746016133399237,0.0018970778073361587
ENC00392,v1,0.042471111636786234,0.9505786055610294,0.006950279693340972
ENC00393,v1,0.022714197540939864,0.9753893972453425,0.0018964018337270718
ENC00402,v1,0.03351230783543239,0.964391669879357,0.0020960248463476696
ENC00403,v1,0.04337106599041852,0.9552079503254224,0.0014209822417982924
ENC00405,v1,0.02619112662419125,0.9721372977451042,0.0016715766859878957
ENC00413,v1,0.03685800520231925,0.9613160031387605,0.001825990795623511
ENC00414,v1,0.030661138923507983,0.9672970398564205,0.0020418213544387337
ENC00418,v1,0.03693175276516583,0.9611384868621826,0.0019297655064668827
ENC00419,v1,0.023827453072254475,0.9740816210652445,0.0020909274916758166
ENC00424,v1,0.03826117138723256,0.9617388242924655,0
ENC00428,v1,0.021417391908011937,0.9765007351574145,0.002081871381348097
ENC00432,v1,0.03173258269036358,0.963655348257585,0.004612067080399191
ENC00433,v1,0.025620747230608355,0.9725985592061823,0.0017806862338065085
ENC00435,v1,0,0.99685512528275,0.003144874311560257
ENC00436,v1,0.02766974522626098,0.9702888289584389,0.002041426266225267
ENC00441,v1,0.030221670083388563,0.96549303792104,0.004285293584298186
ENC00443,v1,0.023616009197818737,0.9736270432670912,0.0027569482643027892
ENC00444,v1,0.020379848448992377,0.9775181388614154,0.0021020159944938966
ENC00451,v1,0.029148041355338963,0.9662034418675807,0.004648514232574055
ENC00453,v1,0.03456052116773747,0.9584915582780484,0.006947917768869687
ENC00456,v1,0.03561914600797143,0.9579880323285371,0.006392815482066153
ENC00457,v1,0.03552076582693391,0.958562069469028,0.005917167996592594
ENC00459,v1,0.03409316929102671,0.9640798874017669,0.0018269445338263744
ENC00461,v1,0.02557617543703493,0.9701760902124292,0.004247737653535225
ENC00444,v1,0.020379848448992377,0.9775181388614154,0.0021020159944938966
ENC00449,v1,0.03577733877086148,0.9594581403683141,0.004764523180729719
ENC00451,v1,0.029148041355338963,0.9662034418675807,0.004648514232574055
ENC00453,v1,0.03456052116773747,0.9584915582780484,0.006947917768869687
ENC00456,v1,0.03561914600797143,0.9579880323285371,0.006392815482066153
ENC00457,v1,0.03552076582693391,0.958562069469028,0.005917167996592594
ENC00459,v1,0.03409316929102671,0.9640798874017669,0.0018269445338263744
ENC00461,v1,0.02557617543703493,0.9701760902124292,0.004247737653535225
ENC00462,v1,0.033564164924124874,0.9643799927499559,0.0020558392808941953
ENC00463,v1,0.033224925730677174,0.963394128728187,0.0033809451182940224
ENC00464,v1,0.025079830561752444,0.972931478704725,0.0019886910374119103
ENC00465,v1,0.033208548459281895,0.9647730412306609,0.0020183935994282365
ENC00469,v1,0.029329766942696137,0.9687546803192659,0.0019155493037859824
ENC00471,v1,0.025027309723123156,0.9729843567116092,0.0019883412945394716
ENC00474,v1,0.03032200216231021,0.9676672831054561,0.0020107139168453426
ENC00475,v1,0.02584766944249471,0.9722714026769003,0.0018809255037922413
ENC00477,v1,0.019304075370813516,0.976045252160823,0.004650668478868109
ENC00478,v1,0.04114675385256608,0.9559061845143636,0.002947056420250899
ENC00479,v1,0.03009729163819238,0.9680673787468358,0.001835330825078448
ENC00482,v1,0.05328219345855442,0.9410027252002195,0.005715081328878913
ENC00489,v1,0.03440616151901207,0.9639137302986299,0.001680105479523502
ENC00490,v1,0.016010346862240735,0.9818211355779924,0.0021685161597978994
ENC00492,v1,0.028525983437131613,0.971474018616554,0
ENC00511,v1,0.029527867983023707,0.9685659024577874,0.001906232059319826
ENC00513,v1,0.031466176685614466,0.9618099897335737,0.0067238223870308735
ENC00519,v1,0.04144932795315981,0.9519716810505345,0.006578997003775582
ENC00524,v1,0.038628824620266976,0.9563633404421003,0.005007840074295325
ENC00529,v1,0.03082122021458215,0.9638092882103391,0.0053694917083097005
ENC00538,v1,0.03809174011150996,0.9619082554181417,0
ENC00543,v1,0.028739508340876657,0.9696331226709977,0.0016273694249656666
ENC00548,v1,0.023473827097312373,0.9746843056153442,0.0018418675394121053
ENC00550,v1,0.02901501158281924,0.9651025647208804,0.005882425348289193
ENC00559,v1,0.03535601771104017,0.9605415660355773,0.004102409536634306
ENC00562,v1,0.04030245333607938,0.9530108603271278,0.006686683313140797
ENC00563,v1,0.024096592677512553,0.9739060853466843,0.0019973190642441764
ENC00571,v1,0.02967758257208126,0.9682353621437436,0.0020870580559685117
ENC00573,v1,0.03513532645468201,0.9605929363341559,0.004271736132380154
ENC00575,v1,0.035403121871730454,0.9620872055872892,0.0025096757394166137
ENC00577,v1,0.03511132773072008,0.9629490543757716,0.001939618704660285
ENC00580,v1,0.02435383379900007,0.9756461644685397,0
ENC00581,v1,0.028504835375857473,0.9651969159492338,0.006298244815564367
ENC00587,v1,0.02959220145681971,0.9689391751038401,0.0014686259900611874
ENC00590,v1,0.04069404794197334,0.9576421618461609,0.0016637823489298554
ENC00591,v1,0.020795801447497472,0.977130104797055,0.002074097808229389
ENC00592,v1,0.045775487156422344,0.9490585767182728,0.00516593295005744
ENC00596,v1,0.030730456730028742,0.9650549816906004,0.004214561796446044
ENC00598,v1,0.037204192295162516,0.9567008932883089,0.006094921073368328
ENC00600,v1,0.01720809468901471,0.9806700537079259,0.0021218565923750007
ENC00606,v1,0.04055029654668437,0.9540295318320945,0.005420167984751364
ENC00608,v1,0.032606213151112846,0.9615568859853606,0.005836903886950534
ENC00620,v1,0.029166006124936618,0.9661649429900014,0.004669051046252378
ENC00631,v1,0.02648435622562193,0.9735156471289478,0
ENC00637,v1,0.02021580574276683,0.6310196545097854,0.3487645361449692
ENC00640,v1,0.016913586466505034,0.9810171468955714,0.0020692622574421055
ENC00643,v1,0.024264379109412728,0.9738801823984279,0.0018554391802777306
ENC00657,v1,0.031534664519131186,0.966648461818695,0.0018168853207801779
ENC00661,v1,0.02733237039493887,0.9682662079208776,0.004401418322844333
ENC00665,v1,0.02927454066229984,0.9685658633708953,0.0021595934231299907
ENC00667,v1,0.03492946725607187,0.9619950507138226,0.003075489273026317
ENC00671,v1,0.0120833655107109,0.9856366010273204,0.0022800349274321513
ENC00694,v1,0.02540839339637167,0.9745916095408764,0
ENC00696,v1,0.030536711594815982,0.9676073931031308,0.0018558993682036397
ENC00697,v1,0.02379121038278467,0.9739436075875634,0.0022651832137183334
ENC00711,v1,0.0334483742412618,0.964526669067495,0.0020249530421364505
ENC00717,v1,0.021539638035132418,0.9761507042816707,0.0023096602833123014
ENC00720,v1,0.03384467155401465,0.9661553268191181,0
ENC00721,v1,0.019998515061161015,0.9777073729783297,0.002294111378432717
ENC00727,v1,0.027077742743286046,0.9672135755102685,0.005708681275830307
ENC00729,v1,0.031162341196949665,0.9624293119861529,0.0064083498213081975
ENC00730,v1,0.03182689621000089,0.9681731066971182,0
ENC00734,v1,0.026820842144187798,0.9712752318659494,0.0019039307737203186
ENC00744,v1,0.02422400378737222,0.9738697570361449,0.0019062492143613905
ENC00747,v1,0.04260490080053659,0.955739067387335,0.0016560356394320574
ENC00748,v1,0.033740074341667106,0.964338934969628,0.001920991062705844
ENC00749,v1,0.0379302121239574,0.9620697882077466,0
ENC00752,v1,0.02589485064313254,0.9719194235170588,0.002185722829274121
ENC00753,v1,0.021502500896311397,0.9766084754860008,0.0018890264839353551
ENC00757,v1,0.023068525170286496,0.9747209294637045,0.002210542356284956
ENC00759,v1,0.038336189675934704,0.9585020187534864,0.0031617922337042
ENC00762,v1,0.020316066472964772,0.6163832393743224,0.3633006890699015
ENC00765,v1,0.01862490109667398,0.9790295811666958,0.0023455120634921973
ENC00771,v1,0.026341042701360277,0.9673529314243887,0.006306026105248318
ENC00772,v1,0.04056483662094582,0.956503091617064,0.002932073717767542
ENC00778,v1,0.031347593292593956,0.9686524092334591,0
ENC00787,v1,0.018924733411662186,0.9788536859464042,0.0022215707621042013
ENC00788,v1,0.03204733848913896,0.9662458379657901,0.0017068278803537618
ENC00792,v1,0.022259026765823364,0.9754150915477011,0.002325880957262901
ENC00797,v1,0.017897320326226644,0.9799799384214939,0.002122740794578169
ENC00801,v1,0,0.9973648813393738,0.0026351151372272486
ENC00802,v1,0.03422654688924174,0.9638843189311933,0.0018891388700709125
ENC00807,v1,0,0.9970909595489502,0.0029090392781654373
ENC00808,v1,0.03513132011757629,0.9648686759542711,0
ENC00812,v1,0.02404845550727959,0.973677009344101,0.002274534683517861
ENC00813,v1,0.03209881926886737,0.9657645517339309,0.0021366287025254374
ENC00815,v1,0.023339985225063104,0.9747996310611348,0.001860388917950811
ENC00830,v1,0.025232392673691113,0.9747676095541786,0
ENC00832,v1,0,0.9969148859381676,0.0030851190589601175
ENC00838,v1,0.03592456360398741,0.9583560352797037,0.005719395085739402
ENC00845,v1,0.02884472746644979,0.966942437964937,0.0042128267257636335
ENC00848,v1,0.028710961665796196,0.9650894746832226,0.006199560631775175
ENC00849,v1,0.028016025756692722,0.9698763704962201,0.0021075989797181035
ENC00002,v2,0.027754089817404747,0.9664602298736572,0.005785679338499904
ENC00003,v2,0.03298383092300759,0.9617227430295463,0.005293435952155804
ENC00004,v2,0.03387191099425157,0.9638386106491089,0.002289479191725453
ENC00006,v2,0.027199916531342072,0.9708249202141395,0.001975165922476163
ENC00007,v2,0.030154739460551444,0.9656565792766618,0.004188681650837815
ENC00008,v2,0.02992383600013633,0.9658220247325734,0.004254138611583437
ENC00013,v2,0.027772175116014892,0.9703456194236361,0.0018821983740681075
ENC00014,v2,0.01603540431852769,0.9817516676430563,0.0022129279496916794
ENC00017,v2,0.026208448294631165,0.9719884142927502,0.001803132862930753
ENC00022,v2,0.03192484262051867,0.9608283936977386,0.007246768986458765
ENC00023,v2,0.022472841044267017,0.975632971585399,0.0018941881146865211
ENC00024,v2,0.019385125634393523,0.9784364461898803,0.002178426889336801
ENC00031,v2,0.02538999880752748,0.6273933961277917,0.34721660667232107
ENC00034,v2,0.0338984710092728,0.9594591745963463,0.006642347488265771
ENC00043,v2,0.016173620109579394,0.9815423658915928,0.002284010661390553
ENC00052,v2,0.03070929887834736,0.9674984434599517,0.0017922570514592832
ENC00063,v2,0.025674843314795866,0.9723541895183948,0.0019709661147992957
ENC00064,v2,0.023752509163239517,0.9745354072467701,0.0017120878171251231
ENC00065,v2,0.03241643096320331,0.9658093267679214,0.0017742471868405119
ENC00067,v2,0.03176922222430056,0.964854854887182,0.003375920373946428
ENC00080,v2,0.03833851769566536,0.957113889058431,0.0045475938062494
ENC00081,v2,0.025062443083152176,0.9729012078046799,0.002036356509197503
ENC00084,v2,0.028470528872399512,0.9693830245632237,0.0021464423448147286
ENC00088,v2,0.02718447571379595,0.9701138710489079,0.0027016476216428233
ENC00089,v2,0.03209473751485348,0.9617741819547148,0.00613107436992304
ENC00090,v2,0.030106546833058415,0.9633789801079294,0.006514482627845491
ENC00096,v2,0.030527646373053198,0.9633963333750234,0.006076021282707603
ENC00098,v2,0.02995041829734286,0.9682488728173172,0.001800713019557533
ENC00103,v2,0.01630525645233837,0.6420564996261223,0.3416382457111396
ENC00106,v2,0.019692588383789924,0.9783364949656315,0.001970915855710074
ENC00111,v2,0.018478143580809788,0.9795619219909479,0.001959941344174706
ENC00113,v2,0.0,0.997318664476985,0.002681329211641458
ENC00121,v2,0.025704117129660316,0.972350095709165,0.001945785150315647
ENC00125,v2,0.03052347654230752,0.9648816040102041,0.004594916149420348
ENC00128,v2,0.03726754300296307,0.9582072790931253,0.0045251722173655735
ENC00130,v2,0.03505254647397733,0.9632796435565739,0.0016678106551478197
ENC00133,v2,0.033380702571493795,0.9648641394130115,0.001755159157569167
ENC00143,v2,0.0283418552010742,0.9650206484346309,0.006637494489709791
ENC00149,v2,0.031060319241637793,0.9627201058543645,0.006219575906960437
ENC00151,v2,0.0,0.9971651554107666,0.002834845730103552
ENC00159,v2,0.01667872744066448,0.6380192644294651,0.34530200715037596
ENC00162,v2,0.028912434482392464,0.9663451136523531,0.00474246055108161
ENC00164,v2,0.026541309758053664,0.9709164729485145,0.0025422168820603895
ENC00167,v2,0.01908089682160888,0.6342294481065538,0.34668966355147185
ENC00170,v2,0.029986868748286117,0.6259390109529098,0.34407412353903055
ENC00171,v2,0.02869289554655552,0.9658455486098926,0.005461552289004127
ENC00173,v2,0.0278574546190122,0.9670705617620394,0.0050719902859642525
ENC00188,v2,0.01997328380568196,0.6430900116329608,0.3369367083777552
ENC00191,v2,0.034756466893381195,0.9584487632701272,0.0067947648955803165
ENC00192,v2,0.026461040929836387,0.6373051071868223,0.3362338502398309
ENC00193,v2,0.0135397366018115,0.984283200752588,0.0021770631112618213
ENC00202,v2,0.02763375817448832,0.9707548835625252,0.00161135892024807
ENC00208,v2,0.017471447396515447,0.9806192334402691,0.0019093146627049216
ENC00209,v2,0.040475807024631646,0.9573413643985986,0.0021828284778166564
ENC00210,v2,0.03117080226333605,0.9653865893681844,0.003442609317911168
ENC00214,v2,0.0,0.9971096333810838,0.0028903653758372795
ENC00217,v2,0.02063180258411957,0.9775165778467025,0.0018516296089958698
ENC00237,v2,0.03761358496750582,0.9564750723119052,0.0059113364627163085
ENC00238,v2,0.030289893745904482,0.9678009190136874,0.0019091871372553743
ENC00250,v2,0.025144371392224172,0.9732188323531488,0.0016367997482625975
ENC00255,v2,0.025447711810281798,0.9724207039640731,0.002131572221660157
ENC00256,v2,0.022565617532719198,0.9718376165483056,0.005596763184634832
ENC00259,v2,0.03804622603846448,0.960642935670152,0.0013108344666056372
ENC00260,v2,0.031991568043691306,0.9641607075656226,0.003847727660995421
ENC00263,v2,0.0181937818206177,0.6365203864119026,0.3452858312076397
ENC00264,v2,0.03615783799287616,0.9592366765956489,0.004605483439541897
ENC00267,v2,0.019611843364934125,0.9785228998572738,0.0018652556149323506
ENC00270,v2,0.0362060170820249,0.9587109088897705,0.00508307821499849
ENC00271,v2,0.026064185911904923,0.9720450223019693,0.00189078594217967
ENC00272,v2,0.021757606433873828,0.9766750075600364,0.0015673846085767515
ENC00275,v2,0.016285683535148993,0.981357158983455,0.0023571603977710336
ENC00289,v2,0.029383601356213065,0.9685870050029322,0.002029398065298499
ENC00291,v2,0.026742430636659265,0.9676599875092506,0.005597585573143858
ENC00292,v2,0.022761714144996028,0.9751747003415736,0.0020635806523808618
ENC00294,v2,0.036536435325714677,0.9591515763239427,0.004311990497676148
ENC00296,v2,0.03399903656293948,0.9593970139821371,0.0066039505636408214
ENC00298,v2,0.03459010865772143,0.9618755988776684,0.003534302010666579
ENC00304,v2,0.0319206279007272,0.9622985355451074,0.005780836675499736
ENC00306,v2,0.01741540803481917,0.9806087816154564,0.00197580516668405
ENC00310,v2,0.026079987225654935,0.9686540950621877,0.005265917851439943
ENC00319,v2,0.04213501363119576,0.955804300494492,0.002060677524696075
ENC00323,v2,0.026710624723180906,0.9667174660447818,0.006571915210919705
ENC00326,v2,0.019253994407201255,0.9788907523508426,0.0018552517824530325
ENC00327,v2,0.025254761884835632,0.9726804790796933,0.0020647530616554137
ENC00329,v2,0.03076370668131858,0.9673986598849297,0.0018376371731089118
ENC00330,v2,0.027538863147952054,0.9705179785427295,0.001943152380102363
ENC00336,v2,0.026648440955406322,0.9716527297028473,0.001698832366465857
ENC00337,v2,0.025482004271849754,0.9726281307992481,0.001889864354678947
ENC00341,v2,0.02573557746231179,0.972291692148281,0.001972740561748513
ENC00344,v2,0.03007193033893903,0.9643047539626851,0.005623319889327474
ENC00349,v2,0.020607196395040342,0.9773043150964537,0.002088490940973555
ENC00358,v2,0.0,0.9971327496611554,0.0028672461748879023
ENC00359,v2,0.03500097451938523,0.6258998692035675,0.3390991611613168
ENC00360,v2,0.02882285686019732,0.9694137780033812,0.0017633628657287253
ENC00362,v2,0.009416622593130726,0.6459197063567275,0.34466366823446953
ENC00368,v2,0.0224558983561622,0.975822021480368,0.001722083700441231
ENC00372,v2,0.020639759488403797,0.9772494280338287,0.002110814054030925
ENC00376,v2,0.019376125298889286,0.978459283529994,0.0021645835325884892
ENC00381,v2,0.023616539508414764,0.9744099148859581,0.0019735423969298913
ENC00382,v2,0.036535693783509106,0.9589149217856557,0.0045493835681363155
ENC00386,v2,0.019072014522158873,0.9790758378100846,0.0018521486776046244
ENC00389,v2,0.026072048829919703,0.9719111788163491,0.0020167769889834278
ENC00390,v2,0.020023550722925436,0.6749146370660691,0.3050618141889572
ENC00392,v2,0.04079009484049383,0.9521830998934232,0.007026804608528267
ENC00393,v2,0.022276698587168204,0.9758055153645967,0.0019177900817196228
ENC00402,v2,0.03293350281003188,0.9650929931580551,0.0019735042413689314
ENC00403,v2,0.03783798934027706,0.955770248604804,0.006391757151073555
ENC00405,v2,0.023673149607791245,0.9744802890843107,0.001846560952431373
ENC00413,v2,0.031154471399212205,0.9646758606304994,0.004169669944629376
ENC00414,v2,0.032487830794337445,0.9656971238427243,0.0018150431668322723
ENC00418,v2,0.03324176376441219,0.9648156898920653,0.0019425419340536121
ENC00419,v2,0.02491414634488433,0.638022576469973,0.3370632759059768
ENC00424,v2,0.03394786208662965,0.9627071208910111,0.0033450202072261397
ENC00428,v2,0.02031705505811633,0.6361185411612192,0.3435644045090064
ENC00432,v2,0.030087223062209324,0.96338513783649,0.006527636117771664
ENC00433,v2,0.023848097040957094,0.9742676446250841,0.001884254983594349
ENC00435,v2,0.0,0.997456855552141,0.0025431395936107567
ENC00436,v2,0.0266149120007673,0.9713963732290803,0.0019887181161118025
ENC00441,v2,0.028759120915341992,0.9651407733045775,0.006100105696783304
ENC00443,v2,0.02171361302216984,0.9754454175086871,0.0028409750076419074
ENC00444,v2,0.01932525187302595,0.9785913626352946,0.0020833828228247493
ENC00451,v2,0.028136526606976985,0.9672060573802275,0.004657417296103257
ENC00453,v2,0.030950255488065907,0.962280347399468,0.006769394247119661
ENC00456,v2,0.03326520333821709,0.9605514954876255,0.00618330279295962
ENC00457,v2,0.031626829794093744,0.9627754056631629,0.005597768532140042
ENC00459,v2,0.03213682836603101,0.9660941333305545,0.0017690327594897188
ENC00461,v2,0.024235490597504423,0.9700973612025268,0.005667144865063685
ENC00444,v2,0.01932525187302595,0.9785913626352946,0.0020833828228247493
ENC00449,v2,0.0318675226609533,0.9618007068832716,0.006331767231070747
ENC00451,v2,0.028136526606976985,0.9672060573802275,0.004657417296103257
ENC00453,v2,0.030950255488065907,0.962280347399468,0.006769394247119661
ENC00456,v2,0.03326520333821709,0.9605514954876255,0.00618330279295962
ENC00457,v2,0.031626829794093744,0.9627754056631629,0.005597768532140042
ENC00459,v2,0.03213682836603101,0.9660941333305545,0.0017690327594897188
ENC00461,v2,0.024235490597504423,0.9700973612025268,0.005667144865063685
ENC00462,v2,0.0319766066252039,0.6236667604400561,0.34435663587198806
ENC00463,v2,0.030929988871018093,0.9626545605358777,0.006415447404792717
ENC00464,v2,0.026342603377997875,0.6779881506771236,0.29566923867572437
ENC00465,v2,0.030203159863375267,0.9679467537493076,0.0018500898089391653
ENC00469,v2,0.026415953475945782,0.9693269527074203,0.004257096505488803
ENC00471,v2,0.02392530436673672,0.9744526006207608,0.0016220928761084554
ENC00474,v2,0.030191461194877152,0.9677345672169247,0.002073973522685166
ENC00475,v2,0.028121703938877845,0.9703153941657517,0.0015629018550728459
ENC00477,v2,0.019855999903354262,0.9757678008505276,0.004376193859830632
ENC00478,v2,0.0347340748216329,0.9619281794248002,0.0033377378817982554
ENC00479,v2,0.028151635551037862,0.9701838456478316,0.0016645225486238055
ENC00482,v2,0.04911735143060937,0.9451209365418463,0.005761704158926891
ENC00489,v2,0.029000832708646552,0.9693183664119605,0.0016807960810826508
ENC00490,v2,0.015251835204660892,0.9825100169181824,0.002238146351650357
ENC00492,v2,0.02556006487678079,0.9744399379281437,0.0
ENC00511,v2,0.030582951741809604,0.9658242879795427,0.0035927557658419766
ENC00513,v2,0.028237379400642835,0.6309692697091536,0.34079334787046067
ENC00519,v2,0.04041238353014565,0.9531583625536698,0.006429251759142902
ENC00524,v2,0.03166036044789867,0.9615692908947284,0.006770347700464529
ENC00529,v2,0.028151435888040872,0.9651569143190222,0.00669164894645939
ENC00538,v2,0.03662872949222985,0.9579921051075584,0.005379162624625391
ENC00543,v2,0.028854577980014715,0.9697317106000493,0.001413710581484052
ENC00548,v2,0.0223219300362658,0.9760381414535197,0.0016399234758709815
ENC00550,v2,0.026797002195738828,0.9661700551326459,0.0070329385988700845
ENC00559,v2,0.03497446084824892,0.9597720774320456,0.0052534596922879035
ENC00562,v2,0.03396214066757536,0.9596544157485573,0.006383439535465167
ENC00563,v2,0.021670494133744528,0.9764992026267229,0.0018303037321419214
ENC00571,v2,0.02802747461412634,0.9675118088722229,0.004460715174874557
ENC00573,v2,0.029146768082864583,0.9646690361201763,0.0061841934482799845
ENC00575,v2,0.03233684402389022,0.9639277305358496,0.0037354260462169084
ENC00577,v2,0.029765945875736992,0.9659671477511921,0.0042669030815049745
ENC00580,v2,0.021716891809859695,0.9764984130859375,0.001784704693401342
ENC00581,v2,0.02559094360047901,0.9682457688692454,0.006163280587307773
ENC00587,v2,0.02724754846356106,0.9711571723785041,0.0015952820595318698
ENC00590,v2,0.03609749199434494,0.9592869381109873,0.00461557561235774
ENC00591,v2,0.02023648238225308,0.9778978329684053,0.0018656850209351563
ENC00592,v2,0.043977808316840845,0.9492864976910984,0.0067356929876932915
ENC00596,v2,0.02862482742095987,0.9672656965255737,0.004109474734092752
ENC00598,v2,0.03464136965283491,0.9592014927308536,0.0061571363323521845
ENC00600,v2,0.013921125248695413,0.9841811762501796,0.0018976974867352208
ENC00606,v2,0.03547458215193315,0.9581386451120977,0.006386770546872663
ENC00608,v2,0.030708837268563608,0.961847360432148,0.007443801688107972
ENC00620,v2,0.027352238754827937,0.9681193272606665,0.004528432674588589
ENC00631,v2,0.02537905926712685,0.9727544497560572,0.0018664866845399418
ENC00637,v2,0.017268565314059906,0.6422681307250803,0.3404633081094785
ENC00640,v2,0.014847048071704888,0.6898862739627281,0.29526667916372923
ENC00643,v2,0.020897423061858683,0.9772351343654891,0.0018674276839236467
ENC00657,v2,0.03299592491036848,0.9602376358664554,0.006766436019223993
ENC00661,v2,0.026603067574161355,0.9691794412110442,0.004217483555167032
ENC00665,v2,0.02765581580117727,0.9679887256561182,0.004355458194951121
ENC00667,v2,0.0332654382671333,0.9594632166403311,0.007271344465186336
ENC00671,v2,0.01015661720742994,0.6455911943098394,0.3442521969356188
ENC00694,v2,0.023561121778515708,0.9719765121195497,0.004462367308153888
ENC00696,v2,0.03019820922805417,0.9680105370859946,0.0017912613800025836
ENC00697,v2,0.02346256643451832,0.9743760758703881,0.0021613613097252998
ENC00711,v2,0.029063113237498328,0.9690391204009453,0.0018977601733543754
ENC00717,v2,0.019767706177004102,0.9780527651309967,0.0021795227981989606
ENC00720,v2,0.02955189836634831,0.9684145320545543,0.002033568341919983
ENC00721,v2,0.016465847616029136,0.9814360878046822,0.0020980681594022933
ENC00727,v2,0.02516689341442258,0.9693375393456104,0.0054955610916401975
ENC00729,v2,0.02963231159374118,0.964123836490843,0.00624384842813015
ENC00730,v2,0.028627033750324146,0.9690582691759303,0.0023146924318954943
ENC00734,v2,0.025676619521872973,0.972432376236044,0.0018910010112449527
ENC00744,v2,0.023368206160257057,0.6848088600197617,0.29182293114005303
ENC00747,v2,0.041871461816424246,0.9549571141308429,0.0031714278579159988
ENC00748,v2,0.03335855299525935,0.9646396351897198,0.002001806742855874
ENC00749,v2,0.0344340157044946,0.9635118133616898,0.0020541696708192524
ENC00752,v2,0.025986081677385503,0.9719681130515204,0.002045816317614582
ENC00753,v2,0.01891520380384612,0.9792413091172978,0.0018434903871895252
ENC00757,v2,0.02141759746009484,0.9764830194413662,0.0020993846708734056
ENC00759,v2,0.03653203519179097,0.9605040082448646,0.0029639601059069363
ENC00762,v2,0.022655327764923794,0.6344022063885705,0.3429424680643163
ENC00765,v2,0.017608127792311065,0.9803049297893749,0.002086931906695313
ENC00771,v2,0.02487349846469076,0.9691012973753398,0.006025206321075359
ENC00772,v2,0.036869632601294486,0.9569991209677288,0.006131254884946559
ENC00778,v2,0.027728323212691714,0.9699993133544922,0.0022723657802479077
ENC00787,v2,0.01679093965462276,0.6335660156749544,0.3496430516242981
ENC00788,v2,0.030427813791902736,0.9660173556767404,0.0035548293053579982
ENC00792,v2,0.019557242522076253,0.9784861367235902,0.001956620774362036
ENC00797,v2,0.01679016648232937,0.628985445022583,0.3542243926525116
ENC00801,v2,0.0,0.9975639317395553,0.0024360740021363183
ENC00802,v2,0.028453337335863065,0.9698193423526803,0.0017273173218631407
ENC00807,v2,0.0,0.9974063736327151,0.002593622528056198
ENC00808,v2,0.03416108951534865,0.962679201701902,0.003159712091799966
ENC00812,v2,0.022130466039435796,0.9757033844406788,0.0021661456944107507
ENC00813,v2,0.028908493008375877,0.9689383180368514,0.0021531916434122693
ENC00815,v2,0.020519532816898493,0.9777059879567888,0.0017744827058373226
ENC00830,v2,0.024312241824672502,0.9737227629212772,0.001964992933733133
ENC00832,v2,0.0,0.9972751864365169,0.0027248091979085337
ENC00838,v2,0.03302349317176589,0.9611558025253231,0.005820710522098595
ENC00845,v2,0.027172348214353017,0.9687224848473326,0.004105171728681059
ENC00848,v2,0.02709288352077276,0.9670196956312153,0.005887422110544334
ENC00849,v2,0.024471782356389422,0.9734359899563576,0.0020922326288227715
ENC00002,v3,0.029413150462575935,0.964786524664272,0.005800319987941872
ENC00003,v3,0.028355292886879074,0.9655010060352438,0.0061436975443297445
ENC00004,v3,0.024987971197281564,0.6339980832168034,0.34101394595844403
ENC00006,v3,0.023400668596100602,0.9735388363528455,0.0030604940361510483
ENC00007,v3,0.027554290349950494,0.967178006147601,0.005267702859163899
ENC00008,v3,0.02755137176695958,0.9679171790197058,0.0045314508849682595
ENC00013,v3,0.02451350129364679,0.9720061500867208,0.0034803456374599287
ENC00014,v3,0.01468397088451531,0.6547339272311353,0.3305821013966883
ENC00017,v3,0.023833784927695018,0.9742793136316797,0.0018869006282487965
ENC00022,v3,0.03180074328702176,0.9613800174556673,0.00681923828960862
ENC00023,v3,0.020583609336132843,0.6366558101840485,0.3427605830637136
ENC00024,v3,0.017295988148142552,0.9807255458215187,0.001978457881266187
ENC00031,v3,0.023517746456909454,0.6309634947228706,0.34551875789960224
ENC00034,v3,0.03252607827111111,0.960661624933218,0.006812298337795905
ENC00043,v3,0.014152625128049259,0.6950123305468596,0.2908350464909576
ENC00052,v3,0.025497219342066616,0.9679705065781953,0.006532272085410039
ENC00063,v3,0.018743145813951728,0.6480947469101578,0.33316211097064563
ENC00064,v3,0.021509238744329195,0.9763997509144247,0.0020910101684421534
ENC00065,v3,0.029217696897685528,0.9689760637283326,0.0018062330351676793
ENC00067,v3,0.027572036181625566,0.968282599646346,0.0041453629536064044
ENC00080,v3,0.03430430397943214,0.9595629020973488,0.006132793129870185
ENC00081,v3,0.020313066476536495,0.9779522848558856,0.001734646723651839
ENC00084,v3,0.026701822442779865,0.9675180172561703,0.005780161592997331
ENC00088,v3,0.025963008276199642,0.9704321549363333,0.0036048376254979777
ENC00089,v3,0.033729328099509764,0.9604117238316042,0.005858951093677175
ENC00090,v3,0.02695020363252196,0.9666682779788971,0.006381521928469064
ENC00096,v3,0.02872511537714025,0.9653231036865105,0.00595178378753806
ENC00098,v3,0.025385042549007468,0.6380804024561487,0.33653455551224526
ENC00103,v3,0.014405364059230201,0.6423099708353353,0.34328466462783325
ENC00106,v3,0.01760980637688468,0.9803955127943808,0.0019946752425366596
ENC00111,v3,0.016618371816972892,0.6474749704202016,0.3359066577421294
ENC00113,v3,0.0,0.6559831214447817,0.3440168774169352
ENC00121,v3,0.02387968239374459,0.6436095941066742,0.3325107231736183
ENC00125,v3,0.026695719591918445,0.9674309951918466,0.005873294340978776
ENC00128,v3,0.029199571222445722,0.9651774334705482,0.00562299178889558
ENC00130,v3,0.030028948725925552,0.6887388514147864,0.28123220221863854
ENC00133,v3,0.031920661756751734,0.9664453782072855,0.001633967206185393
ENC00143,v3,0.023123160977199485,0.9709460999392256,0.005930736591697588
ENC00149,v3,0.026090479189796106,0.9676507034696135,0.006258818128363306
ENC00151,v3,0.0,0.716195406550068,0.2838045983748921
ENC00159,v3,0.016606326131640297,0.646040393804249,0.33735328520599167
ENC00162,v3,0.022253096913135498,0.9730653634695249,0.004681535907281197
ENC00164,v3,0.02270537198831638,0.9747374574343364,0.002557175289063404
ENC00167,v3,0.01745936768224501,0.6441542944129632,0.33838634451433103
ENC00170,v3,0.024975055173694433,0.6418016323676476,0.3332233094907069
ENC00171,v3,0.025695112221001182,0.9676915626041591,0.006613320992983063
ENC00173,v3,0.024938640354564355,0.9679323813450411,0.007128976279600237
ENC00188,v3,0.01775367009741742,0.696398933728536,0.2858473974324408
ENC00191,v3,0.02835266224740605,0.9654525396014962,0.006194790116361608
ENC00192,v3,0.024489273130893708,0.6402211492260297,0.33528957379360996
ENC00193,v3,0.011050554804093794,0.7269162688780268,0.2620331780352724
ENC00202,v3,0.027462028308854074,0.9710484856291662,0.0014894799273343215
ENC00208,v3,0.016567075680782143,0.6518584061891605,0.3315745171828148
ENC00209,v3,0.03872352216549061,0.9592147561220022,0.0020617255436295606
ENC00210,v3,0.028712568862829357,0.9677406416407653,0.0035467848054915
ENC00214,v3,0.0,0.7079446434297345,0.29205536046488717
ENC00217,v3,0.020213731492571916,0.9781638844726012,0.001622383891408015
ENC00237,v3,0.030855680639877564,0.9634748706667442,0.00566944936987042
ENC00238,v3,0.02736526917011201,0.9708704444078299,0.0017642786318262283
ENC00250,v3,0.02216392736968205,0.9759325004286237,0.0019035715145205526
ENC00255,v3,0.025658858560978673,0.9723721555499143,0.001968988266822254
ENC00256,v3,0.02250696135720668,0.9718735412909434,0.005619501043558837
ENC00259,v3,0.033121820304229437,0.9604726873825644,0.006405486394520675
ENC00260,v3,0.02899503918184388,0.9653801018191922,0.005624858773643932
ENC00263,v3,0.016596227884292603,0.9811981632871535,0.0022056118406590473
ENC00264,v3,0.03676533768219607,0.9583430278868902,0.004891633335500955
ENC00267,v3,0.017520275437137457,0.70732211140753,0.2751576148190545
ENC00270,v3,0.03103406644764949,0.9630042269374385,0.005961709086091794
ENC00271,v3,0.021777434648746357,0.9766151473990509,0.0016074105697043706
ENC00272,v3,0.01982414424419403,0.683519248008728,0.2966566061973572
ENC00275,v3,0.0137772121539032,0.9838926890521373,0.0023300988956815698
ENC00289,v3,0.02393439494901233,0.9741954264817414,0.0018701783217558705
ENC00291,v3,0.024544720123098655,0.9685510890050368,0.006904196044938131
ENC00292,v3,0.0172926367320601,0.9808013144359794,0.0019060443631143018
ENC00294,v3,0.03236942336979237,0.9615383765914224,0.006092204547233202
ENC00296,v3,0.027040396064044313,0.6787386354825176,0.2942209729911588
ENC00298,v3,0.030834643925098996,0.9644995839972245,0.004665770446636567
ENC00304,v3,0.033215103670954704,0.6286118003206516,0.338173096333075
ENC00306,v3,0.01521285111674025,0.9830641889873939,0.001722951732793988
ENC00310,v3,0.022499451853334903,0.9711458435058594,0.006354703126475215
ENC00319,v3,0.03820299130214864,0.9574865323154866,0.004310471153458064
ENC00323,v3,0.024348461906574352,0.9694077402603727,0.0062438008207201705
ENC00326,v3,0.015512440750306403,0.6980531237743519,0.2864344350441738
ENC00327,v3,0.023628845519263936,0.6361422725398131,0.34022888481014907
ENC00329,v3,0.0308475811034441,0.9675872425238291,0.0015651771915145218
ENC00330,v3,0.027406328357756138,0.9707113077055733,0.0018823603272464407
ENC00336,v3,0.022951806279019916,0.9754251876323343,0.0016230047452632044
ENC00337,v3,0.024572341702878475,0.9736739532782299,0.0017537148899887459
ENC00341,v3,0.023711782374552317,0.974395519778842,0.001892706147572469
ENC00344,v3,0.029562080164953153,0.6784556216123153,0.291982289175598
ENC00349,v3,0.018782695449174266,0.6533253111251413,0.32789198625577637
ENC00358,v3,0.0,0.7160931675488712,0.28390683427111796
ENC00359,v3,0.027071428745985032,0.9711805772781372,0.001747994517441839
ENC00360,v3,0.027313675082057988,0.9708936826898418,0.0017926381348734807
ENC00362,v3,0.008396296148809294,0.9894389654199283,0.0021647332677578865
ENC00368,v3,0.0188417395335049,0.9760658420049227,0.005092417169810058
ENC00372,v3,0.01835570443855149,0.9794183070289677,0.0022259946387654557
ENC00376,v3,0.01555509987132003,0.6869327912727992,0.29751210771501063
ENC00381,v3,0.020028846361674367,0.9779515340924263,0.002019620922510512
ENC00382,v3,0.03265120251560394,0.9656801083866431,0.001668688200879842
ENC00386,v3,0.019344695463466146,0.9789947092533111,0.0016605979995802044
ENC00389,v3,0.02229159528291539,0.6371852736724051,0.3405231303290317
ENC00390,v3,0.018108032670595662,0.9799630701970711,0.0019288932487515986
ENC00392,v3,0.03358189516735298,0.9599238567882113,0.006494252709671855
ENC00393,v3,0.016558268026167913,0.9813779762813023,0.0020637500389952155
ENC00402,v3,0.026459532738502684,0.6729570754643144,0.3005833903263355
ENC00403,v3,0.031204252538824438,0.9625990475927081,0.006196697410616211
ENC00405,v3,0.02174892374726177,0.9752497170247189,0.0030013631196173073
ENC00413,v3,0.03033475104644142,0.6378059772529987,0.331859279010031
ENC00414,v3,0.024456136918161064,0.9737185435369611,0.001825319595354813
ENC00418,v3,0.029227948617190122,0.9679378062486649,0.0028342436184175313
ENC00419,v3,0.024103167853998336,0.6423063191135278,0.3335905070050379
ENC00424,v3,0.03193296985257239,0.9633756359418233,0.004691391219828455
ENC00428,v3,0.021049659773707388,0.6389625871181488,0.33998774603009224
ENC00432,v3,0.02592406560563379,0.96753451956643,0.006541410968121555
ENC00433,v3,0.020250193501284364,0.9778107322684122,0.001939069254883488
ENC00435,v3,0.0,0.9976515388488769,0.0023484631720930337
ENC00436,v3,0.02273163012228906,0.975331779718399,0.0019365960801951587
ENC00441,v3,0.027951293809357847,0.9658365438480189,0.006212164698592802
ENC00443,v3,0.018936010838175813,0.6300494968891144,0.35101449166735016
ENC00444,v3,0.0147372896493483,0.6855242072033281,0.29973849967247296
ENC00451,v3,0.024444766276116883,0.9712471767347686,0.004308052420407078
ENC00453,v3,0.028581536338606384,0.9637582851573825,0.007660179671802325
ENC00456,v3,0.02764789301554783,0.6852737331794481,0.2870783712399208
ENC00457,v3,0.03063148251726284,0.9636392877982544,0.005729231068881246
ENC00459,v3,0.027548136628883065,0.9659387941630382,0.006513066266944527
ENC00461,v3,0.024415246020926505,0.970043453026791,0.005541291829122573
ENC00444,v3,0.0147372896493483,0.6855242072033281,0.29973849967247296
ENC00449,v3,0.03013584081782028,0.9637818703694003,0.006082290983093637
ENC00451,v3,0.024444766276116883,0.9712471767347686,0.004308052420407078
ENC00453,v3,0.028581536338606384,0.9637582851573825,0.007660179671802325
ENC00456,v3,0.02764789301554783,0.6852737331794481,0.2870783712399208
ENC00457,v3,0.030344255153008187,0.963995005527552,0.005660738833384575
ENC00459,v3,0.027548136628883065,0.9659387941630382,0.006513066266944527
ENC00461,v3,0.022872023718449676,0.9715452570359684,0.005582711767875454
ENC00462,v3,0.03115954637555903,0.9668635475726528,0.0019769032502667764
ENC00463,v3,0.027986883630435312,0.9657269827781185,0.0062861306187246115
ENC00464,v3,0.020462364946125133,0.6928674176786885,0.28667022366866923
ENC00465,v3,0.024846842894995853,0.6895401768741154,0.2856129789281459
ENC00469,v3,0.025970163403964432,0.9693423455855885,0.004687489937899299
ENC00471,v3,0.02164872420123882,0.9748893786990454,0.003461900513641359
ENC00474,v3,0.028137417091731575,0.9698508170203887,0.0020117675771673576
ENC00475,v3,0.021406674218024054,0.9753484853676387,0.003244839754650399
ENC00477,v3,0.016341293204194782,0.9798275537111543,0.0038311550200557
ENC00478,v3,0.03328669141320621,0.9624647378921509,0.00424857102745377
ENC00479,v3,0.02700859770178795,0.9709519839286804,0.0020394158519338817
ENC00482,v3,0.04369710537752038,0.9514437039431772,0.00485918906174208
ENC00489,v3,0.025357545676087244,0.9728659169346678,0.001776540464359439
ENC00490,v3,0.014892400903888395,0.6436498192983253,0.34145777985871395
ENC00492,v3,0.021375492315251973,0.976392217885668,0.0022322952706001213
ENC00511,v3,0.02704866639017558,0.969592552225129,0.003358775590342947
ENC00513,v3,0.0237960791840267,0.9697058969422391,0.006498027615874123
ENC00519,v3,0.03901875874726102,0.9548658163597187,0.006115424458888204
ENC00524,v3,0.03260128294256912,0.9607502235763374,0.006648494473968943
ENC00529,v3,0.02705966727403195,0.9663813964180324,0.006558936662243112
ENC00538,v3,0.030718324171139462,0.9636030987937851,0.005678575870922149
ENC00543,v3,0.027693500046275164,0.9705613199033235,0.0017451796809358423
ENC00548,v3,0.02340443786598888,0.9748221168331072,0.0017734457454507185
ENC00550,v3,0.02235466153024859,0.6806913875427443,0.29695394842587797
ENC00559,v3,0.028527176016759054,0.9669414343787175,0.00453138631521998
ENC00562,v3,0.03351540602108633,0.9598778106949546,0.006606780786321245
ENC00563,v3,0.01877131181716071,0.6974320775125085,0.28379661147671986
ENC00571,v3,0.02297592778667444,0.972783364416138,0.004240711524370846
ENC00573,v3,0.02783604722845462,0.9656334879786469,0.00653046866799452
ENC00575,v3,0.030754895887820793,0.9654001925224648,0.003844901694412014
ENC00577,v3,0.02966863861439204,0.9634817814586139,0.006849581596789637
ENC00580,v3,0.017610030602982156,0.9785038441674322,0.0038861226306384443
ENC00581,v3,0.023408752219865516,0.9704743246642911,0.006116919352539948
ENC00587,v3,0.02730452059595673,0.9710564807609275,0.0016390094555121053
ENC00590,v3,0.03213979406947536,0.9640255730066981,0.003834629168393024
ENC00591,v3,0.021062553082252057,0.6948584041944365,0.28407904560246117
ENC00592,v3,0.03868214147997663,0.9547979235649109,0.006519935329953301
ENC00596,v3,0.026764210921505258,0.6781557616260316,0.2950800239211983
ENC00598,v3,0.03118298227220016,0.962567864333169,0.006249153220994493
ENC00600,v3,0.012563182107285308,0.7045316634507015,0.28290515945389355
ENC00606,v3,0.037705249632236315,0.7141595348931741,0.24813521059526913
ENC00608,v3,0.02972490147042733,0.9629663759535485,0.007308724280037395
ENC00620,v3,0.024503990830006924,0.9713144714182074,0.00418154042404653
ENC00631,v3,0.021434690811249435,0.9751631688867879,0.0034021464490896873
ENC00637,v3,0.016066979339365104,0.649714677622824,0.3342183373793207
ENC00640,v3,0.015291534171885123,0.6905071061590443,0.2942013622302076
ENC00643,v3,0.021918384203066427,0.6383729250658126,0.3397086923794141
ENC00657,v3,0.023936174850424995,0.9696124733790107,0.006451351029049281
ENC00661,v3,0.023019128268198023,0.9726793659183214,0.004301506439487467
ENC00665,v3,0.0236517719364142,0.970883006972026,0.005465224877423872
ENC00667,v3,0.027367770098722898,0.966572053412087,0.006060173510151924
ENC00671,v3,0.010007677782570647,0.7023977174937168,0.2875946130707999
ENC00694,v3,0.01926221212744713,0.9754193272590638,0.005318462056107819
ENC00696,v3,0.02501080459721076,0.9694328388820092,0.005556364000464479
ENC00697,v3,0.01890737451685709,0.9790587075985968,0.002033912426668394
ENC00711,v3,0.02718203442478643,0.9711616155013297,0.0016563528350744287
ENC00717,v3,0.016330394567441696,0.9816491186004324,0.0020204857285806583
ENC00720,v3,0.02306769029409797,0.9718031656962854,0.005129146773402614
ENC00721,v3,0.014566985424607992,0.9833569083593589,0.002076100946952119
ENC00727,v3,0.024253211618433225,0.9700610493791515,0.005685744742894995
ENC00729,v3,0.028390709969724686,0.6262689778264964,0.34534031068379023
ENC00730,v3,0.02338861490345814,0.9739417157389901,0.0026696700137108565
ENC00734,v3,0.02198705128120149,0.6923542695886948,0.2856586820939008
ENC00744,v3,0.02131508939509463,0.6877934341756706,0.29089147285518485
ENC00747,v3,0.038068683859374786,0.9589285188251071,0.0030027960440040464
ENC00748,v3,0.027587916095170282,0.9702765864710654,0.0021355011902238815
ENC00749,v3,0.0316620943788439,0.9662740880250931,0.002063822507625446
ENC00752,v3,0.019796785478175215,0.6897224414665087,0.2904807697091482
ENC00753,v3,0.016351727269044738,0.9818358217797628,0.0018124476243643378
ENC00757,v3,0.01597565568150266,0.6947390902460667,0.2892852586350943
ENC00759,v3,0.03387064815408761,0.9619739867025806,0.004155364772304893
ENC00762,v3,0.019705542094879232,0.6449522749852326,0.33534218497195484
ENC00765,v3,0.016818066310536648,0.980930222641854,0.0022516991621592923
ENC00771,v3,0.024389656873919616,0.9691984755236928,0.0064118649674261485
ENC00772,v3,0.02992455754429102,0.9645443841301161,0.005531060226374017
ENC00778,v3,0.021423077718431098,0.6559528513032882,0.3226240763410193
ENC00787,v3,0.012212245717644692,0.985722469329834,0.00206528800772503
ENC00788,v3,0.024887964161841764,0.9721593561379805,0.0029526829031174596
ENC00792,v3,0.017438363626651052,0.9801932411889235,0.0023683935723965988
ENC00797,v3,0.016827184693747253,0.6473189209992031,0.33585389099031127
ENC00801,v3,0.0,0.997657402626519,0.002342601785395584
ENC00802,v3,0.024677165574655775,0.9736871672480294,0.0016356645638562655
ENC00807,v3,0.0,0.7034369776988851,0.2965630212734485
ENC00808,v3,0.029912111128099484,0.9626298670721526,0.007458018212772832
ENC00812,v3,0.02109705621391073,0.9767674161482227,0.002135527998393098
ENC00813,v3,0.02630212034789785,0.9716691028687262,0.0020287754131488563
ENC00815,v3,0.019889214386542637,0.7057549907610967,0.27435579953285366
ENC00830,v3,0.019672820701935264,0.9756214202836503,0.0047057600756890555
ENC00832,v3,0.0,0.9970787520311317,0.0029212569732371034
ENC00838,v3,0.02990459400606303,0.9644161039147495,0.005679301026638998
ENC00845,v3,0.023575889995306964,0.6485172167537719,0.3279068919382696
ENC00848,v3,0.024128710398974927,0.6599783706433565,0.3158929225021196
ENC00849,v3,0.021434596715829313,0.9766434079561478,0.001922000215227644
ENC00002,v4,0.025498066373445368,0.9680547062997464,0.00644722934898541
ENC00003,v4,0.02472459333666572,0.9691174490885301,0.0061579626494538825
ENC00004,v4,0.023639866827632024,0.6353026392648546,0.3410574982492186
ENC00006,v4,0.022588125885511838,0.974478518875846,0.0029333552751812514
ENC00007,v4,0.02389007904598077,0.6372929399445553,0.33881697608720535
ENC00008,v4,0.023015897617571883,0.9709615939193301,0.006022509161589874
ENC00013,v4,0.020471191827369773,0.6627025194790053,0.31682628898516946
ENC00014,v4,0.010533662629994557,0.6692789873184516,0.3201873466285349
ENC00017,v4,0.02034684187075233,0.9776833166970926,0.0019698404790046077
ENC00022,v4,0.029552378580861148,0.963818622486932,0.006629000362452297
ENC00023,v4,0.01685615141185925,0.6494099043256087,0.33373394404812684
ENC00024,v4,0.017306530266068876,0.6920676672687898,0.29062580331586874
ENC00031,v4,0.02337544936431097,0.6344123786570979,0.3422121699242031
ENC00034,v4,0.028734160643635376,0.9646643061529506,0.006601534822645287
ENC00043,v4,0.011811716928138953,0.706183296291768,0.28200498386090544
ENC00052,v4,0.022117541426406154,0.9713191294445181,0.006563315820388215
ENC00063,v4,0.01888661219885475,0.6571837713843898,0.32392962041654083
ENC00064,v4,0.01870378848010053,0.9793510890669292,0.0019451259716232825
ENC00065,v4,0.0228835287908057,0.973899171412366,0.003217295117518109
ENC00067,v4,0.023004173764433616,0.6427891624279511,0.33420666349239836
ENC00080,v4,0.03268196242918939,0.6343905204608117,0.3329275198924689
ENC00081,v4,0.018670443607132055,0.7056936414705383,0.27563591570489937
ENC00084,v4,0.020230009507639965,0.6675434381441963,0.31222655360860035
ENC00088,v4,0.02550133966504275,0.7023540890517355,0.27214457069625375
ENC00089,v4,0.027999851050908152,0.6223115547843602,0.3496885968291241
ENC00090,v4,0.026004321784018836,0.9668728918471234,0.007122786460503777
ENC00096,v4,0.02589988978359643,0.9685829009596757,0.005517209646306697
ENC00098,v4,0.022097208244087813,0.6392909988656744,0.33861179316377304
ENC00103,v4,0.014685765143757292,0.651238200314548,0.3340760314956718
ENC00106,v4,0.016470069905291453,0.6970099987405719,0.2865199307826432
ENC00111,v4,0.013110687057106937,0.6861137024261666,0.3007756086452952
ENC00113,v4,0.0,0.9977354535034725,0.002264547078226173
ENC00121,v4,0.019499316634438886,0.6586708678789666,0.3218298178691805
ENC00125,v4,0.02328335687077494,0.679030865751287,0.2976857780288624
ENC00128,v4,0.03121964780078961,0.9630106758363176,0.005769684917689992
ENC00130,v4,0.027587794040640195,0.6948836342493693,0.27752857565879824
ENC00133,v4,0.031534502023588054,0.9666939424431842,0.0017715498906276795
ENC00143,v4,0.021179213462507025,0.6874349899151746,0.29138579649083757
ENC00149,v4,0.022012999559474455,0.645869618886477,0.3321173839367829
ENC00151,v4,0.0,0.9980498011519269,0.0019501995715517097
ENC00159,v4,0.016206578172083635,0.6530548501759768,0.3307385762842993
ENC00162,v4,0.022941542947191303,0.970618682392573,0.006439777327922441
ENC00164,v4,0.018930966965854168,0.6234806030988693,0.3575884292833507
ENC00167,v4,0.017110526450172376,0.6536737668017546,0.329215703997761
ENC00170,v4,0.024420746952733573,0.6441851005834691,0.3313941519050037
ENC00171,v4,0.023432638503324527,0.6951767848088191,0.2813905765230839
ENC00173,v4,0.02419670094544722,0.6423348669974219,0.33346843541852683
ENC00188,v4,0.014075849831489653,0.699119014472797,0.28680513580811434
ENC00191,v4,0.02433949618600309,0.6865889418125153,0.2890715615451336
ENC00192,v4,0.022539947685357685,0.6469813757114582,0.33047868029491323
ENC00193,v4,0.008853944421459276,0.7320220430309956,0.2591240185384567
ENC00202,v4,0.024939442005920773,0.9732899659750412,0.0017705847793116178
ENC00208,v4,0.012380522167429738,0.6594451151856588,0.32817435948126905
ENC00209,v4,0.03309511675789262,0.9632000027113403,0.003704885181212267
ENC00210,v4,0.022636150397460333,0.9704709913106573,0.0068928548338004205
ENC00214,v4,0.0,0.7146979682373278,0.28530203113050173
ENC00217,v4,0.014747898812375723,0.7203663299160619,0.26488577281275105
ENC00237,v4,0.029123301713813825,0.6852035221365309,0.28567316851665064
ENC00238,v4,0.024344375765139467,0.9740258435185036,0.0016297812853531724
ENC00250,v4,0.020036634622198162,0.6451786377213218,0.334784724947178
ENC00255,v4,0.021092919192077324,0.6991719497101647,0.27973513265273403
ENC00256,v4,0.02065713791512793,0.7000427075794765,0.27930015448788953
ENC00259,v4,0.031622741342514984,0.9625107544337133,0.005866495865332179
ENC00260,v4,0.02781240961260416,0.965944172035564,0.006243419829248027
ENC00263,v4,0.014580555467654278,0.9834927851610845,0.0019266536063975701
ENC00264,v4,0.02797226135980738,0.9657168782446995,0.006310865633220465
ENC00267,v4,0.015769063306426436,0.7079778539723364,0.276253085840365
ENC00270,v4,0.0287799902592495,0.6921132320811034,0.2791067775647352
ENC00271,v4,0.017070353678290677,0.9810184244723881,0.001911224214007448
ENC00272,v4,0.019406625457042085,0.9788602158031633,0.0017331567934438157
ENC00275,v4,0.012408344751685603,0.9853277761712034,0.0022638892370841317
ENC00289,v4,0.02269162981322518,0.6891223651391488,0.2881860082900083
ENC00291,v4,0.023745180020092897,0.9698501779482915,0.00640464055702154
ENC00292,v4,0.017921236705862813,0.6536874029371473,0.32839136454794143
ENC00294,v4,0.028536569657866086,0.9652980978243819,0.0061653356511737695
ENC00296,v4,0.02674664733635764,0.683446684053966,0.28980666399002075
ENC00298,v4,0.020561866766814166,0.6970041038105322,0.28243403267935385
ENC00304,v4,0.029420313922067485,0.6376896289984385,0.332890056570371
ENC00306,v4,0.014636000188895397,0.6975834409395854,0.2877805605530739
ENC00310,v4,0.021246375006465416,0.9726145250617333,0.006139099033426423
ENC00319,v4,0.03458133110300053,0.6676281408746113,0.2977905324263166
ENC00323,v4,0.020394248042278493,0.6499059339242479,0.3296998155080468
ENC00326,v4,0.014270853660304412,0.7105187328062325,0.2752104149522068
ENC00327,v4,0.022637562250419883,0.9752244990290576,0.0021379319333314955
ENC00329,v4,0.027895638344531088,0.9704510398294733,0.0016533210519005426
ENC00330,v4,0.024227265939517045,0.9710793219586854,0.004693410560859227
ENC00336,v4,0.019022660596841354,0.6963273457637648,0.2846499958598032
ENC00337,v4,0.018939897654669694,0.9791902655460796,0.0018698372801796335
ENC00341,v4,0.02046993321965675,0.6395511960124111,0.3399788738639505
ENC00344,v4,0.02258080979991777,0.7099135407045776,0.2675056416614383
ENC00349,v4,0.017446488820921594,0.6567171427691094,0.3258363667214028
ENC00358,v4,0.0,0.9978641346590409,0.002135866782273357
ENC00359,v4,0.026537070851773023,0.6948533594608307,0.27860957220196725
ENC00360,v4,0.02479623020109203,0.9736229042814235,0.0015808656109694505
ENC00362,v4,0.008190985391761555,0.9897528207964368,0.0020561977370461035
ENC00368,v4,0.01633308897898705,0.9779068611286305,0.005760056354726355
ENC00372,v4,0.015961164926958024,0.6640564501285553,0.31998238378033345
ENC00376,v4,0.015257363770763541,0.6970858481503273,0.2876567943382633
ENC00381,v4,0.019368306550884916,0.9786660403848808,0.001965660683997846
ENC00382,v4,0.03041762469167059,0.9638822485100139,0.005700133021243594
ENC00386,v4,0.01785349823449823,0.9804810979149559,0.0016654086907775226
ENC00389,v4,0.022093631002852426,0.9762025283915656,0.0017038379519362934
ENC00390,v4,0.016432524340129213,0.9816457418570841,0.0019217311488674547
ENC00392,v4,0.03078306561393529,0.6358968547939026,0.33332007601089086
ENC00393,v4,0.016446587229625154,0.981594137656383,0.0019592738296920196
ENC00402,v4,0.023050997153829748,0.6920294126617574,0.28491958808676104
ENC00403,v4,0.03200642342870095,0.6444715894527316,0.3235219805877401
ENC00405,v4,0.020017029952846075,0.7068220301678306,0.2731609394675807
ENC00413,v4,0.02646645354727904,0.9668104982376099,0.006723049742480119
ENC00414,v4,0.021542062087073214,0.9767222668443407,0.0017356740648946946
ENC00418,v4,0.022991423328456127,0.6936895659095362,0.283319017291069
ENC00419,v4,0.02157169209564464,0.6478687618908129,0.3305595472716449
ENC00424,v4,0.028699063132271954,0.964635057407513,0.006665879691003315
ENC00428,v4,0.01657759366895665,0.7017261098731647,0.2816962991248478
ENC00432,v4,0.019593845027251335,0.6859680161445956,0.2944381427538546
ENC00433,v4,0.02060376799909781,0.9774590946258382,0.0019371338202684113
ENC00435,v4,0.0,0.9972246435453307,0.0027753602897853786
ENC00436,v4,0.01908522825863845,0.6487794895217104,0.33213528217572086
ENC00441,v4,0.022719015394521022,0.6379385251198372,0.33934246253793254
ENC00443,v4,0.018377871504829574,0.9791814821461836,0.0024406503574330904
ENC00444,v4,0.0156648427493086,0.9827753418370297,0.0015598056016882
ENC00451,v4,0.02186332245030974,0.97283212802349,0.005304549563015437
ENC00453,v4,0.02458228912901103,0.9678850028573013,0.007532701740510822
ENC00456,v4,0.02243254268771888,0.7192800626342679,0.2582873934764921
ENC00457,v4,0.028993080960520144,0.965152347194297,0.0058545696312129235
ENC00459,v4,0.027418258354852076,0.9662973498043261,0.006284391323692705
ENC00461,v4,0.021352232709203077,0.973513588698014,0.005134175885873644
ENC00462,v4,0.030135145794381115,0.6330190885300729,0.3368457622972189
ENC00444,v4,0.0156648427493086,0.9827753418370297,0.0015598056016882
ENC00449,v4,0.025581561129016817,0.9694559958355486,0.004962445598495893
ENC00451,v4,0.020793357142457017,0.9737930142127715,0.00541362351410695
ENC00453,v4,0.02458228912901103,0.9678850028573013,0.007532701740510822
ENC00456,v4,0.022270874384744666,0.7188591552369389,0.2588699754373527
ENC00457,v4,0.02956453135678756,0.964655256762947,0.005780210807324224
ENC00459,v4,0.027418258354852076,0.9662973498043261,0.006284391323692705
ENC00461,v4,0.020821349560907206,0.9740284853374835,0.00515016553006567
ENC00462,v4,0.030135145794381115,0.6330190885300729,0.3368457622972189
ENC00463,v4,0.026710277946577186,0.9668052837962196,0.006484432290086434
ENC00464,v4,0.017077111678545254,0.7179158223887622,0.26500706930281753
ENC00465,v4,0.021566823146885305,0.69591448250718,0.2825186954239222
ENC00469,v4,0.021690980552282548,0.9721416844461197,0.006167332964767247
ENC00471,v4,0.019783340755622,0.9752407925469535,0.0049758615157547955
ENC00474,v4,0.02125254090213658,0.6815177319865477,0.29722972322059305
ENC00475,v4,0.018437298855293285,0.9789050877469141,0.002657615269223849
ENC00477,v4,0.013200532873066105,0.7057534346775133,0.2810460303206833
ENC00478,v4,0.03121098128330206,0.962702101079103,0.006086919519823985
ENC00479,v4,0.02252645984531269,0.7080485492671301,0.2694249939207637
ENC00482,v4,0.03462709282258791,0.7038756757974625,0.2614972285926342
ENC00489,v4,0.027184789823689336,0.9709340637100154,0.0018811453473031648
ENC00490,v4,0.011772336620329456,0.6512026293711228,0.33702503727240996
ENC00492,v4,0.019023912194090973,0.6364816892037698,0.3444943981706549
ENC00511,v4,0.02233155621894148,0.9748184065155635,0.002850040723261306
ENC00513,v4,0.02377515869215131,0.6390723776817322,0.3371524652838707
ENC00519,v4,0.0342844165302813,0.9558444052934647,0.009871174939908087
ENC00524,v4,0.030706991862434033,0.9627882190621816,0.006504788296297193
ENC00529,v4,0.021701655794112457,0.6372658281099228,0.3410325159629186
ENC00538,v4,0.02643178763532347,0.9672664328888579,0.0063017858338861405
ENC00543,v4,0.02404935489352228,0.971426629207351,0.004524014621203991
ENC00548,v4,0.02017436933033822,0.9763962521887662,0.003429374565664483
ENC00550,v4,0.02313841617943948,0.6889776859367103,0.28788390424516463
ENC00559,v4,0.027400571070611477,0.7021833162307739,0.27041611838340757
ENC00562,v4,0.028545807370529423,0.9659413976489373,0.005512795867925545
ENC00563,v4,0.016436564404651657,0.9817721376547942,0.0017913022211769613
ENC00571,v4,0.020024861960161115,0.6507032547266253,0.3292718780857901
ENC00573,v4,0.024073785627322482,0.6390984934686825,0.3368277237904782
ENC00575,v4,0.027956518181825724,0.965593005847005,0.0064504736021739765
ENC00577,v4,0.024821688218282595,0.9688366488102944,0.006341662128350788
ENC00580,v4,0.01804883178850316,0.9753881993919912,0.006562965534006556
ENC00581,v4,0.019109097220543915,0.6937111597934752,0.2871797396481492
ENC00587,v4,0.02370228317551433,0.674740283262162,0.3015574316183726
ENC00590,v4,0.030922065543070917,0.9634909141448236,0.00558702300242599
ENC00591,v4,0.01928179178128738,0.6969205111560255,0.2837977009539557
ENC00592,v4,0.03850667686237179,0.9548927386298435,0.00660058501965672
ENC00596,v4,0.024514124006964268,0.7024745874106884,0.27301128366962074
ENC00598,v4,0.023661870503707265,0.6903301099451576,0.2860080224529999
ENC00600,v4,0.010750337682281421,0.7172626557751237,0.27198701219580995
ENC00606,v4,0.03688321608716427,0.7170707111928001,0.24604607406836837
ENC00608,v4,0.025697401306966197,0.9672854364475357,0.007017163303027922
ENC00620,v4,0.024013635503609528,0.6966779037807764,0.2793084557136793
ENC00631,v4,0.02123880288811654,0.6369072184760189,0.34185397730776546
ENC00637,v4,0.014041275709807392,0.6557725889067496,0.3301861353458897
ENC00640,v4,0.012533523512255644,0.6958814625428101,0.2915850118777462
ENC00643,v4,0.01764383066428017,0.6653260909161478,0.31703007938164585
ENC00657,v4,0.020190930206696562,0.6841127684822789,0.2956963014087559
ENC00661,v4,0.022143473307526595,0.6533691142056439,0.32448741602333814
ENC00665,v4,0.02072081795928103,0.9746015965938568,0.004677586809352592
ENC00667,v4,0.026597195162380835,0.96745651108878,0.005946292786630897
ENC00671,v4,0.00848168195654197,0.7008065318590716,0.2907117875783067
ENC00694,v4,0.01893327815492672,0.9748656998078028,0.006201021080077799
ENC00696,v4,0.022540867505273943,0.9718712378164818,0.0055879015678234785
ENC00697,v4,0.01925901472749351,0.657118117346347,0.32362287194983475
ENC00711,v4,0.02098383828096332,0.6390722470898782,0.33994391320213196
ENC00717,v4,0.015883350315350063,0.692235267856746,0.29188137957193316
ENC00720,v4,0.022181487627327443,0.9731875057220459,0.004631007040850818
ENC00721,v4,0.013056941491623338,0.6923550637868735,0.29458798926610213
ENC00727,v4,0.021186469614929784,0.6867017421295972,0.29211178543121835
ENC00729,v4,0.02617779345018789,0.630398368196828,0.34342384125505176
ENC00730,v4,0.020373443503258298,0.7006051540374756,0.2790214109767988
ENC00734,v4,0.020728362862624833,0.6946589441986771,0.28461269671852524
ENC00744,v4,0.020719675683519907,0.9774383389287524,0.0018419877424430862
ENC00747,v4,0.034659064876345486,0.9607961040276748,0.004544836319317775
ENC00748,v4,0.02445840544389262,0.6448304115990062,0.3307111893355111
ENC00749,v4,0.027124141165986656,0.6283833926916123,0.3444924683868885
ENC00752,v4,0.01578720640572538,0.6945727939729567,0.28964000292025605
ENC00753,v4,0.015937921250967876,0.9822894671688909,0.0017726096785222383
ENC00757,v4,0.015330420969234359,0.7005762346329227,0.2840933470956741
ENC00759,v4,0.03086757529857596,0.6313515905092454,0.3377808303346295
ENC00762,v4,0.01691795825836775,0.6455988935802294,0.33748314767212106
ENC00765,v4,0.014598728027902071,0.9832773170893705,0.0021239532963844322
ENC00771,v4,0.02173332941324056,0.972491873814179,0.0057748013159243375
ENC00772,v4,0.027610317554588863,0.694489077789577,0.2779006006445472
ENC00778,v4,0.0181561126652309,0.979917982704619,0.0019259020724954705
ENC00787,v4,0.011283309945295044,0.652936615419726,0.3357800747274507
ENC00788,v4,0.020983902005176257,0.7226978122678578,0.25631828708016974
ENC00792,v4,0.011298418237027107,0.699595476451673,0.28910611125460844
ENC00797,v4,0.014449970309283132,0.7197598480732641,0.26579018647425645
ENC00801,v4,0.0,0.6693465126144302,0.33065348874022077
ENC00802,v4,0.023139074140797473,0.97517046580712,0.0016904570038605016
ENC00807,v4,0.0,0.9978738746472767,0.002126131007597516
ENC00808,v4,0.024830483617178635,0.9686425423200151,0.006526973316923971
ENC00812,v4,0.015778318781382108,0.6424052805840215,0.34181640051965473
ENC00813,v4,0.021504662260761327,0.9766426671331174,0.001852672677117217
ENC00815,v4,0.0188323252894465,0.7076456181464656,0.27352206280795477
ENC00830,v4,0.020691586478746363,0.6485871502331325,0.3307212625231062
ENC00832,v4,0.0,0.673513456235958,0.3264865396143515
ENC00838,v4,0.02880186048336327,0.7063300377130508,0.26486810311675074
ENC00845,v4,0.02030542344792927,0.6496040975447182,0.3300904829939492
ENC00848,v4,0.023982890881597996,0.6755700229473833,0.30044708977330403
ENC00849,v4,0.01949992282923473,0.9788547171198804,0.0016453623962740455
ENC00002,v5,0.02304741045353944,0.9709408375883349,0.006011755107974373
ENC00003,v5,0.028172858876355907,0.9656972168830403,0.006129929646767937
ENC00004,v5,0.02151636111860474,0.6401447200256846,0.33833891617647116
ENC00006,v5,0.022890078534762704,0.7059577940612711,0.2711521319804653
ENC00007,v5,0.027029153957430805,0.650122346318498,0.3228485033828385
ENC00008,v5,0.023431931119198085,0.9704738088037775,0.006094260374084115
ENC00013,v5,0.020061947352621914,0.665626142384871,0.3143119066953659
ENC00014,v5,0.009978420698992263,0.6649480793211195,0.32507350350971576
ENC00017,v5,0.020663773058913648,0.6367305433750152,0.3426056855916977
ENC00022,v5,0.026057524796007044,0.6366194471464319,0.3373230324458268
ENC00023,v5,0.01759349012699647,0.661230581947881,0.3211759228227485
ENC00024,v5,0.015251563761870717,0.695847724642709,0.28890070388807315
ENC00031,v5,0.01970961568877101,0.62851433374665,0.35177605775269594
ENC00034,v5,0.030809484781826487,0.9626040482284999,0.006586474523243338
ENC00043,v5,0.010979065679500556,0.7046470174735243,0.28437391947954893
ENC00052,v5,0.02226886720922978,0.6889298765555673,0.2888012655403303
ENC00063,v5,0.017732516900081225,0.6563792168492019,0.3258882661660512
ENC00064,v5,0.017928295534361025,0.6473818692667731,0.33468983923566753
ENC00065,v5,0.021821409868672977,0.9751022602218429,0.0030763301537280866
ENC00067,v5,0.024540875932169064,0.6518891349173429,0.3235699892566915
ENC00080,v5,0.03290976731106639,0.6269769698381424,0.3401132565736771
ENC00081,v5,0.017123159044191684,0.7006639047424392,0.2822129376749001
ENC00084,v5,0.01981283737740551,0.6742969332979276,0.3058902337574042
ENC00088,v5,0.02179031624136684,0.7035926948083895,0.2746169892984016
ENC00089,v5,0.027467379359890232,0.622516824615945,0.3500157977394063
ENC00090,v5,0.023890760129512245,0.640712514297286,0.3353967290760866
ENC00096,v5,0.026982331402938476,0.9674076275392012,0.005610041479072111
ENC00098,v5,0.021334355627914192,0.647403568495065,0.3312620740616694
ENC00103,v5,0.01334854841697961,0.654698937535286,0.33195250779390334
ENC00106,v5,0.015119225459679359,0.6986578451415707,0.2862229262817802
ENC00111,v5,0.01305237213795584,0.688122701741034,0.29882492485546297
ENC00113,v5,0.0,0.9976853951243044,0.0023146079047156485
ENC00121,v5,0.01868965440493731,0.664077933053024,0.31723241235008676
ENC00125,v5,0.024836046007893433,0.6867644161712833,0.28839952892404264
ENC00128,v5,0.03172536234238318,0.6871409943061215,0.28113364508109434
ENC00130,v5,0.0239332221842704,0.6917814059849203,0.28428537512782714
ENC00133,v5,0.03066719201361311,0.9675355163113825,0.0017972911978020043
ENC00143,v5,0.02096188331821135,0.6904371610709599,0.2886009581387043
ENC00149,v5,0.02330902738081251,0.6531664047309821,0.32352457029356374
ENC00151,v5,0.0,0.997868454704682,0.0021315450952291335
ENC00159,v5,0.01504968982995846,0.6529146260940112,0.3320356852446611
ENC00162,v5,0.022934811387084805,0.6437317168308516,0.3333334719478074
ENC00164,v5,0.017572719418187287,0.6334375186242919,0.3489897575067437
ENC00167,v5,0.015040858054999263,0.6534337565302849,0.331525390346845
ENC00170,v5,0.02462290787942106,0.6335063406399318,0.3418707519954776
ENC00171,v5,0.022824557682822558,0.6977692438551217,0.27940619816957424
ENC00173,v5,0.023973888529937214,0.6461852909024082,0.3298408217839341
ENC00188,v5,0.012884216533312875,0.7019180775650086,0.28519770971709685
ENC00191,v5,0.025236706089760575,0.6920624233427501,0.28270086560930524
ENC00192,v5,0.021668677852637527,0.6407566105110057,0.3375747113124184
ENC00193,v5,0.007980682441596816,0.7300647419911844,0.26195457071801764
ENC00202,v5,0.020624063430807076,0.9761971207083883,0.0031788195837352024
ENC00208,v5,0.012380522167429738,0.6594451151856588,0.32817435948126905
ENC00209,v5,0.028758275287024154,0.9666228089362953,0.004618920742498509
ENC00210,v5,0.02507913826654355,0.6404073949932128,0.3345134716856387
ENC00214,v5,0.0,0.7258117344068444,0.27418826442697775
ENC00217,v5,0.014374126802558881,0.7217615246772766,0.2638643480782961
ENC00237,v5,0.027658810708945727,0.6855795247589841,0.28676166560719996
ENC00238,v5,0.023580759480271652,0.6411258422810099,0.3352933956877045
ENC00250,v5,0.020163881567727148,0.6475186864886664,0.332317435899667
ENC00255,v5,0.018944288692658857,0.7068286873045422,0.2742270221312841
ENC00256,v5,0.021280562776385,0.7063022736206795,0.2724171630965853
ENC00259,v5,0.02855779489904058,0.6735245071205438,0.2979176975056237
ENC00260,v5,0.026256633986933873,0.69342623261305,0.2803171313725985
ENC00263,v5,0.014426797220394725,0.9836480634553092,0.001925136686657511
ENC00264,v5,0.028052153147757053,0.9658994693756103,0.006048378948122263
ENC00267,v5,0.01478853715953472,0.7130475846283576,0.2721638833994375
ENC00270,v5,0.027849572568722978,0.6951381622291193,0.27701225949496755
ENC00271,v5,0.017020502279998746,0.6930149400009299,0.2899645605364686
ENC00272,v5,0.018294391922540683,0.696722350174323,0.2849832629798946
ENC00275,v5,0.014064350210201856,0.659208670258522,0.3267269805073738
ENC00289,v5,0.020730140042765965,0.6947648207918345,0.28450504052553244
ENC00291,v5,0.022274900236571173,0.6542295352467951,0.3234955629087844
ENC00292,v5,0.016190105331285547,0.6499491135279337,0.33386078011244535
ENC00294,v5,0.029899385479217933,0.9641745753377398,0.005926043302186321
ENC00296,v5,0.027181159531441974,0.6903954475533729,0.2824233925225688
ENC00298,v5,0.0209495117021508,0.697404755178348,0.28164573337218557
ENC00304,v5,0.02909272684741558,0.6359160906738706,0.3349911844771769
ENC00306,v5,0.014708555169269309,0.9836376798045527,0.001653765694255026
ENC00310,v5,0.020047058094115486,0.9739258505049206,0.006027086819743826
ENC00319,v5,0.03371283921571273,0.6767950777737599,0.2894920824833636
ENC00323,v5,0.019396557344380252,0.6516726845038865,0.3289307565567736
ENC00326,v5,0.013601859129266813,0.7097453113113131,0.27665283171726124
ENC00327,v5,0.023290036178447982,0.648279936205257,0.3284300288016146
ENC00329,v5,0.02635892772156259,0.6431060293446417,0.33053504358167235
ENC00330,v5,0.022006812267419365,0.9733279612329271,0.0046652264931860065
ENC00336,v5,0.02005535807413391,0.6966040873829322,0.28334055133635483
ENC00337,v5,0.01844235398035882,0.6556577399886888,0.3258999079979699
ENC00341,v5,0.01985237854699205,0.6408503529216562,0.3392972754580634
ENC00344,v5,0.01955558568239212,0.7122154944283622,0.26822892010211946
ENC00349,v5,0.014223827397251882,0.6517552681339597,0.3340209125025759
ENC00358,v5,0.0,0.9977166111532011,0.0022833907251448467
ENC00359,v5,0.024154629126736302,0.6879120541781913,0.28793332380492515
ENC00360,v5,0.024369117953548475,0.9738457976352601,0.0017850821015946124
ENC00362,v5,0.007594974784582269,0.6669339555151322,0.32547107441168205
ENC00368,v5,0.016103387852622705,0.717618963442558,0.2662776483238236
ENC00372,v5,0.015724083596048342,0.6690068114763019,0.3152691112167534
ENC00376,v5,0.014121450246490825,0.7056717729339232,0.2802067758658758
ENC00381,v5,0.01816274460993315,0.6494360167281072,0.33240124224720147
ENC00382,v5,0.02787620737895514,0.6306901597282262,0.3414336293935776
ENC00386,v5,0.01549493301173915,0.6409963338271432,0.3435087297273719
ENC00389,v5,0.019722458584863933,0.6440720309456476,0.3362055167877417
ENC00390,v5,0.014734312901463436,0.9835483715647743,0.0017173188666458287
ENC00392,v5,0.026446253998437898,0.6381364736706019,0.3354172743856907
ENC00393,v5,0.0171008982189645,0.6843637664487042,0.2985353392409527
ENC00402,v5,0.02040139319153007,0.6976691074327591,0.28192949869217127
ENC00403,v5,0.02776733371883449,0.6487311967989293,0.3235014683407981
ENC00405,v5,0.019638944970211014,0.7115476199736198,0.268813429089884
ENC00413,v5,0.02509663159116393,0.6367150318054926,0.3381883340222495
ENC00414,v5,0.02349959345957061,0.7021705352959513,0.2743298758228286
ENC00418,v5,0.0222114781518617,0.6952711907766198,0.2825173299799683
ENC00419,v5,0.02149219842233362,0.6501779247374431,0.3283298786756766
ENC00424,v5,0.026891837877312065,0.9672488433069888,0.005859320134386024
ENC00428,v5,0.015178690056927735,0.700007189065218,0.28481411875691265
ENC00432,v5,0.020305423870682716,0.6892896356582642,0.29040493834018705
ENC00433,v5,0.019786308429414225,0.9782356831335253,0.0019780045967631704
ENC00435,v5,0.0,0.9977951793670654,0.002204822917934507
ENC00436,v5,0.018989830663485918,0.9789953986182809,0.002014773730024899
ENC00441,v5,0.02245689803898773,0.6367286684758523,0.34081443278666806
ENC00443,v5,0.017505902941499292,0.9802127542166874,0.0022813365399976656
ENC00444,v5,0.013456200338516603,0.7086930971811799,0.2778507038293516
ENC00451,v5,0.021199759658215182,0.9733660237969093,0.005434219332253736
ENC00453,v5,0.0239506094810476,0.9681090526624557,0.007940341581786992
ENC00456,v5,0.02243254268771888,0.7192800626342679,0.2582873934764921
ENC00457,v5,0.0263535328630409,0.6937871167104538,0.2798593488253959
ENC00459,v5,0.025278709715104285,0.968678702379911,0.006042585095020992
ENC00461,v5,0.022468574104432978,0.972282740507233,0.005248682978929261
ENC00462,v5,0.028728341648468013,0.6299326063105555,0.3413390509332671
ENC00444,v5,0.013456200338516603,0.7086930971811799,0.2778507038293516
ENC00449,v5,0.025233104429913288,0.9691268332076796,0.005640062582890757
ENC00451,v5,0.020891999001655958,0.9737400438933246,0.005367961623582297
ENC00453,v5,0.0239506094810476,0.9681090526624557,0.007940341581786992
ENC00456,v5,0.022270874384744666,0.7188591552369389,0.2588699754373527
ENC00457,v5,0.024964611486011132,0.6887658355742927,0.2862695456724467
ENC00459,v5,0.025278709715104285,0.968678702379911,0.006042585095020992
ENC00461,v5,0.020522267122388534,0.657528149045032,0.3219495823849802
ENC00462,v5,0.028728341648468013,0.6299326063105555,0.3413390509332671
ENC00463,v5,0.025454617383085795,0.636488527985093,0.3380568548574211
ENC00464,v5,0.0157377603148126,0.7142097370772712,0.27005250440479
ENC00465,v5,0.020077454945035027,0.699244152379516,0.2806783927567053
ENC00469,v5,0.021136020963538938,0.6386451013942263,0.3402188791712718
ENC00471,v5,0.020145179267736183,0.9753715684489598,0.004483253313487189
ENC00474,v5,0.01998778510999551,0.6930770672482552,0.286935146764028
ENC00475,v5,0.015600608305676895,0.6977338990744423,0.28666549193508484
ENC00477,v5,0.012763650555695807,0.7080393886207638,0.2791969562159445
ENC00478,v5,0.030650988377839604,0.6425407963378407,0.3268082102882528
ENC00479,v5,0.02186475448680165,0.7110721517135116,0.2670630920020973
ENC00482,v5,0.03357006728765555,0.7057276112027466,0.2607023186283186
ENC00489,v5,0.024611987361703256,0.9735516020745942,0.0018364108706156563
ENC00490,v5,0.011654161975665647,0.6572157907637821,0.33113005054984124
ENC00492,v5,0.01813403773774332,0.6455930527125564,0.33627290954099637
ENC00511,v5,0.024362046758983735,0.7054929438038408,0.27014500612967485
ENC00513,v5,0.025146688283844428,0.6434166989543221,0.33143661591139706
ENC00519,v5,0.03298844547303271,0.6395240278139601,0.327487523755888
ENC00524,v5,0.0303409087191363,0.9633453887643166,0.006313701271016187
ENC00529,v5,0.021222408519744284,0.6404000898398975,0.3383774996393978
ENC00538,v5,0.02692659143022857,0.6462668293231243,0.3268065815036361
ENC00543,v5,0.021874860328223025,0.9735071204957508,0.004618021196109198
ENC00548,v5,0.01997825090645575,0.6385230416176366,0.3414987087541935
ENC00550,v5,0.023032600660958597,0.6988584033904537,0.27810899592855925
ENC00559,v5,0.02744252098462552,0.7041169739951773,0.26844050334997416
ENC00562,v5,0.02765156316938771,0.682681727309187,0.28966671291018736
ENC00563,v5,0.01635878047922493,0.6999505886009761,0.2836906344496778
ENC00571,v5,0.019297249116905175,0.6441133971426897,0.33658935737078355
ENC00573,v5,0.02228014459959357,0.637462812501031,0.34025704347201297
ENC00575,v5,0.027591530267365168,0.639550642258879,0.33285782604977704
ENC00577,v5,0.0227448407040779,0.6525224812271059,0.3247326786896979
ENC00580,v5,0.016369581301396173,0.6904145190792699,0.2932158978956361
ENC00581,v5,0.019079870050490805,0.6967242617498745,0.2841958695966186
ENC00587,v5,0.02299503387713974,0.675204025073485,0.3018009447238662
ENC00590,v5,0.03191285699574371,0.9645086001541655,0.0035785487300511133
ENC00591,v5,0.019271479964327928,0.6985217607938327,0.28220676000301653
ENC00592,v5,0.03738430517304475,0.9556788479446605,0.0069368458367812975
ENC00596,v5,0.024549224601489388,0.7055034157302644,0.2699473567513956
ENC00598,v5,0.023530610709213744,0.6950625485064936,0.28140683998079863
ENC00600,v5,0.009545586391219071,0.7162154419081551,0.2742389737140565
ENC00606,v5,0.038275582430354,0.7216943441516291,0.24003007213999755
ENC00608,v5,0.0287376071991665,0.6419100761413574,0.32935231838907514
ENC00620,v5,0.023089988573968826,0.6963033467739612,0.28060666424827974
ENC00631,v5,0.02075428435475462,0.6462545553843181,0.33299116326702966
ENC00637,v5,0.012756295193328845,0.6652562721651427,0.3219874327888294
ENC00640,v5,0.014187889242784517,0.697551171378334,0.28826094072053926
ENC00643,v5,0.01728896073171131,0.663669374753844,0.31904166388624117
ENC00657,v5,0.017973984272538365,0.6828152237238584,0.29921079130022676
ENC00661,v5,0.02110039563042911,0.6543987280740513,0.32450087708751046
ENC00665,v5,0.019617633200767967,0.6812073553050005,0.2991750085795367
ENC00667,v5,0.026374416400878026,0.6871191960360322,0.2865063887355583
ENC00671,v5,0.00792276719585061,0.7012604493532122,0.2908167833497065
ENC00694,v5,0.01757802196828249,0.690004752682788,0.29241721904171364
ENC00696,v5,0.021281263853112856,0.645961786309878,0.33275695132712524
ENC00697,v5,0.018024777096414236,0.6597084610834034,0.3222667607692404
ENC00711,v5,0.020182413739596748,0.6381272985176607,0.3416902850466696
ENC00717,v5,0.01376728960671104,0.691903089428996,0.29432962097964444
ENC00720,v5,0.020317502611992406,0.688729943598018,0.29095254882293586
ENC00721,v5,0.011231748406095681,0.6948678284078031,0.2939004246984516
ENC00727,v5,0.021298712156222838,0.6869486342919501,0.2917526504515033
ENC00729,v5,0.026951972020732372,0.6454519236210695,0.32759609956716756
ENC00730,v5,0.018380217205144857,0.6972229177491707,0.2843968652580914
ENC00734,v5,0.017816700315789174,0.6997820164027967,0.28240128504602535
ENC00744,v5,0.019344471992614368,0.6957197388013204,0.2849357852091392
ENC00747,v5,0.03319480422489493,0.6288314536707291,0.3379737477231499
ENC00748,v5,0.023248384562160433,0.6462128963963739,0.33053871963558523
ENC00749,v5,0.025704247362834092,0.6328246692816416,0.34147108532488346
ENC00752,v5,0.014278590623420519,0.6900995793476911,0.29562183091758004
ENC00753,v5,0.015474206622457132,0.6934179000556469,0.29110788758844136
ENC00757,v5,0.013771440830197214,0.7056869545648264,0.2805416074603103
ENC00759,v5,0.030877647827528103,0.6378672513641229,0.33125510511278106
ENC00762,v5,0.016702621177894863,0.6482361076385017,0.3350612710076054
ENC00765,v5,0.014989831955807114,0.9828770661895926,0.0021331091967030343
ENC00771,v5,0.02278780846087181,0.9714366683493489,0.005775527843861314
ENC00772,v5,0.02552228053034821,0.6955641839705723,0.27891353402339236
ENC00778,v5,0.017831102815136068,0.6840265935561696,0.2981423078501811
ENC00787,v5,0.010909113873451672,0.6572952104939355,0.33179567919837105
ENC00788,v5,0.02015188145912714,0.7212595510053205,0.25858856751038145
ENC00792,v5,0.011277530985396533,0.7059205611546834,0.28280190328756966
ENC00797,v5,0.013891236840522495,0.7192871621970472,0.2668215999829358
ENC00801,v5,0.0,0.6629371573911846,0.33706284219718113
ENC00802,v5,0.02336522043333389,0.9750365888079008,0.0015981938843954897
ENC00807,v5,0.0,0.9978406241233336,0.0021593752226862
ENC00808,v5,0.02460677218016075,0.9686496558396712,0.006743577102442151
ENC00812,v5,0.014896355403559,0.6465081689935742,0.33859547487262526
ENC00813,v5,0.01915505644865334,0.9789441449969423,0.001900797183671053
ENC00815,v5,0.015725190266055036,0.7084342307977743,0.27584058233908004
ENC00830,v5,0.017768276211522195,0.6416623835978301,0.34056934144185935
ENC00832,v5,0.0,0.6667440655410931,0.3332559333373142
ENC00838,v5,0.024789180588222257,0.6983871969737505,0.27682362820364925
ENC00845,v5,0.019952821545302868,0.6569174427986145,0.32312973868846895
ENC00848,v5,0.023077496236800093,0.6737700036141725,0.3031524976270389
ENC00849,v5,0.019257113187303467,0.6908946992248617,0.28984818471375334
ENC00002,v6,0.02589243752192016,0.9679411417908139,0.006166428313188163
ENC00003,v6,0.02765697049663255,0.9663080463283941,0.0060349880690122705
ENC00004,v6,0.02762932497088188,0.9702949832986902,0.002075692672050585
ENC00006,v6,0.02662255068075847,0.9701100046416203,0.0032674471682598034
ENC00007,v6,0.026649239598616457,0.9677755735563428,0.005575191334224819
ENC00008,v6,0.02892535396452461,0.9668752874646868,0.0041993535769038965
ENC00013,v6,0.023689290268464,0.9722324750554843,0.004078235462084266
ENC00014,v6,0.013843839273937626,0.6459036148273883,0.3402525480701516
ENC00017,v6,0.02200788188175383,0.975954206423326,0.0020379073732659557
ENC00022,v6,0.03253307109280081,0.6251606382011028,0.3423062940494398
ENC00023,v6,0.019276297271887705,0.6371920542019169,0.3435316487783339
ENC00024,v6,0.01621916653408158,0.684129310038782,0.2996515229825051
ENC00031,v6,0.023798515358295455,0.9717957077536193,0.004405777221955593
ENC00034,v6,0.03273456886258216,0.9608756073734217,0.006389822311187435
ENC00043,v6,0.015523049263814415,0.9822884847463104,0.0021884584865156428
ENC00052,v6,0.02549626031610632,0.9675493160060032,0.006954422403956942
ENC00063,v6,0.02287691737030994,0.6360088085033455,0.34111427447321463
ENC00064,v6,0.02114414265994334,0.6323864530279951,0.34646940540592625
ENC00065,v6,0.028424242167459236,0.9695139247846801,0.0020618322153220193
ENC00067,v6,0.026752938952194442,0.9690215448173908,0.004225516535871483
ENC00080,v6,0.03884904064845277,0.955081758257576,0.006069200394453587
ENC00081,v6,0.022518556472716916,0.9752650060530367,0.0022164322453418523
ENC00084,v6,0.025746768447139714,0.9685197632743399,0.005733464386043372
ENC00088,v6,0.023489129187510116,0.9728595768101513,0.003651297065516701
ENC00089,v6,0.03127789192807835,0.6234490176041921,0.34527308883162233
ENC00090,v6,0.02644445169182343,0.6224677882126074,0.35108776661482727
ENC00096,v6,0.02924280103480259,0.964881345138445,0.0058758589183236214
ENC00098,v6,0.02608469166257914,0.9667109888284764,0.007204321619281744
ENC00103,v6,0.014204965387202369,0.6469294377244436,0.3388655915713081
ENC00106,v6,0.015571086866756715,0.6828071274611627,0.3016217833783429
ENC00111,v6,0.015520265146611846,0.9822627742660237,0.0022169612541067646
ENC00113,v6,0.0,0.9974865042246305,0.002513488672542362
ENC00121,v6,0.025349648376410835,0.9723478077163159,0.0023025496673722153
ENC00125,v6,0.030032486621074488,0.9644569378832112,0.005510571579772817
ENC00128,v6,0.036314075616246555,0.9573692337144166,0.006316691422398435
ENC00130,v6,0.03346088062427197,0.9645089510588618,0.0020301649973275718
ENC00133,v6,0.03088074794617816,0.9673653042432174,0.0017539426109084444
ENC00143,v6,0.025350434312713332,0.9683741773478687,0.006275389465372427
ENC00149,v6,0.027752549497340368,0.9660649617325585,0.0061824878255994815
ENC00151,v6,0.0,0.9974821466824104,0.0025178480066423274
ENC00159,v6,0.01562625030055642,0.6346478116740087,0.34972594033001336
ENC00162,v6,0.028307557886059816,0.9644567110211716,0.007235731632888392
ENC00164,v6,0.021059694875773676,0.6269604393060771,0.35197986742767556
ENC00167,v6,0.014936365235339978,0.9828374029576094,0.0022262342320353693
ENC00170,v6,0.02743581439876421,0.6315260166471655,0.34103816720572383
ENC00171,v6,0.029481209702610683,0.9635994958762939,0.006919295500175884
ENC00173,v6,0.02546498323014627,0.6354694992303849,0.33906551798184714
ENC00188,v6,0.016566986793323475,0.9812387028161217,0.002194315112223301
ENC00191,v6,0.029970184971506778,0.623680789119158,0.3463490266257372
ENC00192,v6,0.025305209570127513,0.6430995952239079,0.3315951952100855
ENC00193,v6,0.011220337249078723,0.9867899133715519,0.001989752800084737
ENC00202,v6,0.024861566870222018,0.9719559310605286,0.0031825015438405216
ENC00208,v6,0.014794084661709214,0.9830361665398987,0.0021697451445140395
ENC00209,v6,0.03645125442348859,0.959760145707564,0.003788603229428278
ENC00210,v6,0.02932457803075926,0.6279995811206324,0.3426758424827346
ENC00214,v6,0.0,0.9970929669955421,0.002907032030634582
ENC00217,v6,0.019462765487805594,0.9786886000257777,0.0018486362761876538
ENC00237,v6,0.03670159473121926,0.9567704994459542,0.0065279050803819325
ENC00238,v6,0.026300076889034747,0.971747279937925,0.0019526464893715456
ENC00250,v6,0.02388540230050778,0.6388840428583181,0.33723055490642595
ENC00255,v6,0.023741592871931082,0.6403223963383117,0.335936009395318
ENC00256,v6,0.022227766023122316,0.972173114486088,0.0055991215569688784
ENC00259,v6,0.03426421174663119,0.9588884122204036,0.006847373635537224
ENC00260,v6,0.031339014965480055,0.9629348320986635,0.005726156010222371
ENC00263,v6,0.015378801472420465,0.6416817259237256,0.3429394712337869
ENC00264,v6,0.03247371777568175,0.9607358134311178,0.006790469333097554
ENC00267,v6,0.01838903351952987,0.6939428616137732,0.2876681047536078
ENC00270,v6,0.03513950620071223,0.9585479201383926,0.006312577631886131
ENC00271,v6,0.022526347427628934,0.9754824521951377,0.001991204006571934
ENC00272,v6,0.019798070919788004,0.6869964569955322,0.2932054706622119
ENC00275,v6,0.01339393236757444,0.984189876648182,0.0024161917412163854
ENC00289,v6,0.02321324735021335,0.972280950518325,0.004505805029111798
ENC00291,v6,0.024923862270530193,0.9681973814964294,0.00687875394378939
ENC00292,v6,0.01999782453969593,0.9778171087282276,0.0021850656419339256
ENC00294,v6,0.0331850588042289,0.9607163190841674,0.006098619875265285
ENC00296,v6,0.030112697686279676,0.6372317260141531,0.3326555742413958
ENC00298,v6,0.02975664893682632,0.9630903800328573,0.007152971871093743
ENC00304,v6,0.029628567721374566,0.6243282370269299,0.34604319609934464
ENC00306,v6,0.016054960071212716,0.981926933715218,0.002018104717870684
ENC00310,v6,0.02300849049424869,0.6756699273828417,0.30132158077321947
ENC00319,v6,0.03693586493277526,0.9560578003465889,0.007006336983487788
ENC00323,v6,0.024165824585361408,0.969678495079279,0.006155681348172948
ENC00326,v6,0.016258482488963572,0.6360603098302161,0.34768120583458617
ENC00327,v6,0.024528581961931195,0.6379152596928179,0.33755616238340735
ENC00329,v6,0.028520414888317514,0.9671165652764149,0.004363025274450103
ENC00330,v6,0.02481814534304307,0.9730364956120228,0.0021453608725928363
ENC00336,v6,0.024631437845528126,0.9712228250654438,0.004145742273193937
ENC00337,v6,0.021680861072456266,0.9762337261692007,0.0020854120988626668
ENC00341,v6,0.0235877834203864,0.9742210329566872,0.002191185479139837
ENC00344,v6,0.027798832840601768,0.6750802552897083,0.2971209144789325
ENC00349,v6,0.016661183986191947,0.9811069016815513,0.0022319180203065957
ENC00358,v6,0.0,0.9973180835897272,0.0026819105048409915
ENC00359,v6,0.031064077213571215,0.6264232367441799,0.3425126833974986
ENC00360,v6,0.025030114898981992,0.9708243212662637,0.004145559194967063
ENC00362,v6,0.007970274034464224,0.9897462596194913,0.0022834659853333966
ENC00368,v6,0.019406618101056664,0.9750874510407448,0.0055059317173436284
ENC00372,v6,0.018093349338806977,0.9796098845864311,0.0022967656439661904
ENC00376,v6,0.016723014835196618,0.633709389429826,0.34956759692002565
ENC00381,v6,0.017642645528301214,0.6377980745755709,0.3445592810710271
ENC00382,v6,0.029438940448459808,0.9647734114732692,0.005787648404110716
ENC00386,v6,0.01667606733059762,0.9813952405710478,0.0019286878228445563
ENC00389,v6,0.024017869477819014,0.973699663470431,0.0022824689786364438
ENC00390,v6,0.017952274123343537,0.6776423302747435,0.30440540072944877
ENC00392,v6,0.03461278400926003,0.95896284853048,0.0064243739772013465
ENC00393,v6,0.01773144824473166,0.9803250110012361,0.0019435477128584237
ENC00402,v6,0.02897618990391493,0.9688815236091614,0.002142287854661756
ENC00403,v6,0.036848108259139846,0.9566960613573751,0.006455830343428158
ENC00405,v6,0.020777143287257507,0.6787197415072185,0.30050311825023246
ENC00413,v6,0.028476357285125715,0.6260175898041523,0.34550605630370934
ENC00414,v6,0.027167860840563662,0.9709149249829352,0.0019172119436916546
ENC00418,v6,0.031019075630375974,0.9652589880503141,0.003721938398253371
ENC00419,v6,0.021661371624979532,0.6397410198261864,0.33859760871059014
ENC00424,v6,0.02869442605985961,0.965037685742072,0.006267889064241098
ENC00428,v6,0.016718824392169592,0.6296292218950487,0.3536519539212027
ENC00432,v6,0.026951626207875577,0.9669417889494645,0.00610657769598459
ENC00433,v6,0.02074430311521686,0.9772708601210697,0.0019848374478274072
ENC00435,v6,0.0,0.9974712503367457,0.002528752735213794
ENC00436,v6,0.02265815856859147,0.975270792605385,0.002071048899245123
ENC00441,v6,0.027819616234603713,0.9662148470574237,0.00596553166867531
ENC00443,v6,0.018792470746960204,0.6265724622286283,0.3546350695765935
ENC00444,v6,0.019127629975986292,0.9789533051918811,0.0019190651048378153
ENC00451,v6,0.022695459342988517,0.971768897647659,0.005535646182882677
ENC00453,v6,0.02859369308222085,0.9640100207924843,0.007396287632873282
ENC00456,v6,0.03100136497373422,0.9628322436924903,0.0061663929692229195
ENC00457,v6,0.03143767641337875,0.9629145425099593,0.005647779829674759
ENC00459,v6,0.030636283785921252,0.962140921044023,0.007222799042061175
ENC00461,v6,0.023549933982564802,0.9711632562831124,0.005286806665814138
ENC00444,v6,0.019127629975986292,0.9789533051918811,0.0019190651048378153
ENC00449,v6,0.0310668540709417,0.9621915909174447,0.0067415588315593725
ENC00451,v6,0.022695459342988517,0.971768897647659,0.005535646182882677
ENC00453,v6,0.02859369308222085,0.9640100207924843,0.007396287632873282
ENC00456,v6,0.03100136497373422,0.9628322436924903,0.0061663929692229195
ENC00457,v6,0.03143767641337875,0.9629145425099593,0.005647779829674759
ENC00459,v6,0.030636283785921252,0.962140921044023,0.007222799042061175
ENC00461,v6,0.023549933982564802,0.9711632562831124,0.005286806665814138
ENC00462,v6,0.029108702021204875,0.6247280370287535,0.34616325776867507
ENC00463,v6,0.03040510811842978,0.962536904622208,0.007057988124539737
ENC00464,v6,0.020769911859122154,0.6734553281233401,0.3057747656580793
ENC00465,v6,0.028478925271580618,0.6278705699275239,0.3436505058498094
ENC00469,v6,0.02148254214629322,0.9742136968073444,0.004303761294968948
ENC00471,v6,0.02282861777261567,0.9738524760772933,0.0033189061952671453
ENC00474,v6,0.027931749015593917,0.9700040285275361,0.0020642222474311768
ENC00475,v6,0.025103660173898125,0.9730142480061378,0.00188209443248199
ENC00477,v6,0.01735887353101538,0.978240769533884,0.004400357230758619
ENC00478,v6,0.0375575764477253,0.9559213638305664,0.006521057557048542
ENC00479,v6,0.027365796941825574,0.9706296338754542,0.002004564491182785
ENC00482,v6,0.04844755251253151,0.9458812038311784,0.005671243076042043
ENC00489,v6,0.02588368326606073,0.9722673501737318,0.001848967991295447
ENC00490,v6,0.01395703686074805,0.6407410551592246,0.3453019030929841
ENC00492,v6,0.01933421073712347,0.9783027625280963,0.0023630296030709105
ENC00511,v6,0.026480585706826203,0.9700574406191834,0.003461974209301874
ENC00513,v6,0.02698357157679575,0.6418917924165726,0.33112463607422765
ENC00519,v6,0.03828919709970554,0.9555040259178871,0.006206769870258257
ENC00524,v6,0.031481272821110906,0.9620631083380431,0.006455619606640539
ENC00529,v6,0.025911736755548972,0.9672850950850242,0.006803174327610363
ENC00538,v6,0.032742129830158735,0.9617615917774096,0.005496279400301307
ENC00543,v6,0.02605711266265384,0.9702359036523469,0.003706984147096851
ENC00548,v6,0.021021979637202117,0.9757338425555786,0.0032441795844427466
ENC00550,v6,0.025163777587295044,0.6300884569063783,0.3447477666195482
ENC00559,v6,0.03193330886642798,0.9629586250521243,0.005108067273795314
ENC00562,v6,0.03191039222600308,0.9620287247691386,0.006060880410899347
ENC00563,v6,0.020148351556909177,0.9778295546301996,0.002022097635397405
ENC00571,v6,0.02295006237924099,0.9728942143917084,0.004155726140209784
ENC00573,v6,0.029627653580512937,0.9641300482987278,0.006242299560937878
ENC00575,v6,0.030625881320766865,0.9631827754359091,0.006191344113059102
ENC00577,v6,0.028568260467107424,0.9642286791664655,0.007203060698497002
ENC00580,v6,0.01878591690495211,0.9792146171842303,0.001999466766002505
ENC00581,v6,0.023246341027859888,0.970929831111987,0.005823822429046575
ENC00587,v6,0.026530410833656787,0.9716700202226639,0.0017995704591157846
ENC00590,v6,0.033974778938751955,0.9599633131271753,0.006061908760322974
ENC00591,v6,0.016485760587771115,0.9813283097230646,0.002185931113163125
ENC00592,v6,0.0404026950438502,0.9531092441901958,0.006488065953519215
ENC00596,v6,0.026597174828950788,0.6741244653021226,0.2992783634455551
ENC00598,v6,0.03645454721880101,0.957065494855245,0.006479958390506605
ENC00600,v6,0.012720074871769892,0.9849498521250027,0.002330079258871802
ENC00606,v6,0.03703455895630053,0.7099106370666881,0.2530548031683321
ENC00608,v6,0.027670571558995743,0.9652641505175243,0.007065279359493211
ENC00620,v6,0.02680693757596665,0.6802735246915733,0.2929195399701068
ENC00631,v6,0.023512111641640698,0.9733142329153613,0.0031736590589448877
ENC00637,v6,0.015715377865336746,0.6428459204105009,0.34143870638077517
ENC00640,v6,0.013062697601254065,0.688892327589432,0.2980449773787242
ENC00643,v6,0.02004019122799499,0.6396379937902529,0.3403218148918877
ENC00657,v6,0.028008475252944563,0.967515241768625,0.004476285007614125
ENC00661,v6,0.02460097902449508,0.97083580493927,0.004563216735342783
ENC00665,v6,0.023291547295144377,0.9713525800143972,0.005355875296792125
ENC00667,v6,0.03262782033000674,0.6179131936459314,0.34945898822375704
ENC00671,v6,0.010606040446589707,0.6533920075876493,0.3360019490017113
ENC00694,v6,0.021258939221275575,0.9720196915395332,0.006721370025171023
ENC00696,v6,0.024353347772051323,0.6191611413388526,0.35648550913722504
ENC00697,v6,0.020383348497783855,0.9773618928023747,0.002254762243024916
ENC00711,v6,0.027575454340340234,0.9703040699928235,0.0021204780406640987
ENC00717,v6,0.01701219376219913,0.9806147866470869,0.002373015834830788
ENC00720,v6,0.027411966241726822,0.9666076489470222,0.005980384270448915
ENC00721,v6,0.013048257915052906,0.6747385565914324,0.31221318007701665
ENC00727,v6,0.02400081034909974,0.9703703827114516,0.005628810935122993
ENC00729,v6,0.02898801500487025,0.6215754093136638,0.349436575837899
ENC00730,v6,0.025353440699741395,0.969873741720662,0.004772820361805233
ENC00734,v6,0.020419947290065465,0.6331715194974095,0.3464085340965539
ENC00744,v6,0.019827642257871998,0.6784105624841608,0.3017617981556965
ENC00747,v6,0.03585893520268432,0.9576353190238016,0.006505744910270673
ENC00748,v6,0.028536244423995757,0.9693368030299107,0.0021269477036749496
ENC00749,v6,0.02651499886997044,0.971287728054449,0.0021972735867166193
ENC00752,v6,0.021031280419418028,0.640275977708243,0.33869274387826453
ENC00753,v6,0.017787545790217515,0.6810266472011632,0.30118580343406326
ENC00757,v6,0.016051923049963078,0.6381457496434451,0.3458023284561932
ENC00759,v6,0.03616271346307746,0.9593858166438777,0.004451467899787353
ENC00762,v6,0.01727096263132004,0.6308166636991753,0.35191237272093534
ENC00765,v6,0.01446770179945116,0.642548890886726,0.3429834067330256
ENC00771,v6,0.024631204446816345,0.9693069082078103,0.006061883676117015
ENC00772,v6,0.03375362604308654,0.9598326595390544,0.006413722217685598
ENC00778,v6,0.02259554738472951,0.9750826356180927,0.002321820686215927
ENC00787,v6,0.014763682497227017,0.642318744168562,0.3429175719618797
ENC00788,v6,0.026483123687406383,0.9691724472575718,0.004344424156523827
ENC00792,v6,0.017264530594859804,0.6294850830374092,0.3532503835967022
ENC00797,v6,0.01597467114921537,0.6449951579872991,0.3390301715040431
ENC00801,v6,0.0,0.9975823487764524,0.00241765058685646
ENC00802,v6,0.030191413253166918,0.9677399747115744,0.0020686084263837018
ENC00807,v6,0.0,0.9973430882800709,0.002656914441930977
ENC00808,v6,0.027643949622870423,0.9656488536857069,0.006707193838337844
ENC00812,v6,0.020010491810624666,0.9775558252606475,0.0024336851367894397
ENC00813,v6,0.025624121603393845,0.9722450201810613,0.0021308573784857144
ENC00815,v6,0.01737671009638274,0.6830971543140675,0.29952613810240397
ENC00830,v6,0.01998757902668092,0.9754502656739518,0.004562159217165669
ENC00832,v6,0.0,0.6687662724790902,0.33123372957624236
ENC00838,v6,0.03139940955277,0.9625431884612355,0.006057400942414201
ENC00845,v6,0.023648987353377088,0.6445564839261524,0.3317945278607882
ENC00848,v6,0.02491441054203486,0.657470277723322,0.3176153144104227
ENC00849,v6,0.022833600297297647,0.9749476275792937,0.002218774265734615
ENC00403,v7,0.030175279608617225,0.6504751925667127,0.31934953356782597
ENC00405,v7,0.01918558330088854,0.7006806969642639,0.2801337161064148
ENC00413,v7,0.027815184906445523,0.6416906003029116,0.3304942232626741
ENC00414,v7,0.02130381616007071,0.6998214526101947,0.27887473616283387
ENC00418,v7,0.024350179300584772,0.6985922606141718,0.2770575549419936
ENC00419,v7,0.02093652988022024,0.6512460789897225,0.32781739302656865
ENC00424,v7,0.028528259364917638,0.9651782805957492,0.0062934588603971026
ENC00428,v7,0.01686958918347955,0.6990940737724304,0.2840363402366638
ENC00432,v7,0.0215868604997915,0.687070093988403,0.2913430442170399
ENC00433,v7,0.019738567245687233,0.9782138382211144,0.002047594970115173
ENC00435,v7,0.0,0.9974727385573917,0.0025272551445393926
ENC00436,v7,0.019020184113836016,0.6487275284665232,0.33225228825143277
ENC00441,v7,0.022646894854050678,0.6384172610572127,0.33893584802013926
ENC00443,v7,0.018853066039135617,0.9787578515792161,0.002389084066400367
ENC00444,v7,0.013420731732551764,0.7096197533428221,0.2769595176205599
ENC00451,v7,0.022026567026136482,0.9726068669435929,0.005366574021350897
ENC00453,v7,0.024259763926267625,0.9680654859542847,0.007674757985398174
ENC00457,v7,0.028051772641889548,0.966347204435856,0.005601021328753014
ENC00459,v7,0.026992107935986675,0.9666073158547118,0.006400576339788981
ENC00461,v7,0.019783749029432474,0.6603629074598614,0.31985335208867727
ENC00462,v7,0.028868395185245456,0.6324569094095299,0.3386746917268355
ENC00444,v7,0.013420731732551764,0.7096197533428221,0.2769595176205599
ENC00449,v7,0.025320822931826116,0.969097352027893,0.005581826550003729
ENC00451,v7,0.021498280483288595,0.9730391418090975,0.005462574931284921
ENC00453,v7,0.024259763926267625,0.9680654859542847,0.007674757985398174
ENC00457,v7,0.027496372334166498,0.9666878349524884,0.005815799038256865
ENC00459,v7,0.026992107935986675,0.9666073158547118,0.006400576339788981
ENC00461,v7,0.01932568649639084,0.6606261977041611,0.32004811833001146
ENC00462,v7,0.028868395185245456,0.6324569094095299,0.3386746917268355
ENC00463,v7,0.0261768633730648,0.6439995095749532,0.3298236253586682
ENC00464,v7,0.01732087547757796,0.7263398452119513,0.25633927901367565
ENC00465,v7,0.020320254759016363,0.6990380883216858,0.28064165887507525
ENC00469,v7,0.019951611068764967,0.6349297876868929,0.3451186053454876
ENC00471,v7,0.01941123474042238,0.6406829638510757,0.33990580361822376
ENC00474,v7,0.018051651174451892,0.6813897129118912,0.3005586401449414
ENC00475,v7,0.017470113997761574,0.979692997617854,0.0028368878411129117
ENC00477,v7,0.01340328859579232,0.712839459710651,0.2737572494480345
ENC00478,v7,0.03001220487058163,0.6400980436283609,0.32988974542721455
ENC00479,v7,0.021367754299371017,0.7099250304320502,0.2687072129476638
ENC00482,v7,0.03715912389859397,0.7055541296159068,0.2572867485784715
ENC00489,v7,0.02469476643204689,0.9735842456817627,0.001720988464076072
ENC00490,v7,0.011517618028524001,0.6525459205808718,0.33593646615497336
ENC00492,v7,0.018360615477320694,0.6383541515895299,0.343285235053017
ENC00511,v7,0.019406687346149663,0.6973355402711963,0.2832577687795045
ENC00513,v7,0.023838670551776887,0.6412584107497643,0.33490292080517475
ENC00519,v7,0.028157947253136115,0.6317288937239811,0.340113155029971
ENC00524,v7,0.028385818957340443,0.9649962132004486,0.006617962797547038
ENC00529,v7,0.021198019982599046,0.6422880829676337,0.33651389602733695
ENC00538,v7,0.026816145058662172,0.6468967170942397,0.32628713867494036
ENC00543,v7,0.024084225777037366,0.9710909066740999,0.004824863024267186
ENC00548,v7,0.02001900833307041,0.6421529862615797,0.3378280018766721
ENC00550,v7,0.02210154272105596,0.6957233054180668,0.2821751506361243
ENC00559,v7,0.027337030078725594,0.7014916350967005,0.271171337189643
ENC00562,v7,0.026429071816325676,0.6849829559443427,0.2885879719110786
ENC00563,v7,0.01630167672731753,0.7036522763899002,0.2800460411556836
ENC00571,v7,0.018457249814727857,0.647129594390072,0.33441315424531254
ENC00573,v7,0.024465669077676788,0.6373446411649946,0.3381896913051605
ENC00575,v7,0.027748400426429252,0.9657243775284808,0.006527215771316348
ENC00577,v7,0.026249071671466888,0.6595351521311135,0.31421578264441985
ENC00580,v7,0.017001523019834642,0.7020030248732794,0.2809954488561267
ENC00581,v7,0.01820396697327781,0.6960937919525,0.2857022397220135
ENC00587,v7,0.02367423543721203,0.6746885297805305,0.3016372380528863
ENC00590,v7,0.03032801528046332,0.9658920558372347,0.003779922562448474
ENC00591,v7,0.017103004435959614,0.6977316774820027,0.2851653168075963
ENC00592,v7,0.03745794496241888,0.9562043997407691,0.00633765723087762
ENC00596,v7,0.02613584114551808,0.70891048211967,0.2649536751276624
ENC00598,v7,0.02287392827924596,0.6944020590553545,0.28272401286314613
ENC00600,v7,0.010676437513308322,0.718972883325942,0.27035068245010174
ENC00606,v7,0.035497458714128634,0.717528735719076,0.24697380331231328
ENC00608,v7,0.025023661185662415,0.6322042438410973,0.34277209339215775
ENC00620,v7,0.02318709512026264,0.695698883671027,0.2811140286234709
ENC00631,v7,0.0208999459259212,0.6544980561733246,0.32460199609398843
ENC00637,v7,0.014925423317851082,0.6594218548061779,0.32565271999072104
ENC00640,v7,0.0151149344755153,0.6970111685739436,0.2878738983835972
ENC00643,v7,0.01777367509732192,0.662319232117046,0.3199070891873403
ENC00657,v7,0.019207204493911976,0.6868248822841239,0.2939679110092474
ENC00661,v7,0.021250250383413265,0.6555959667478289,0.3231537818376507
ENC00665,v7,0.021470508350213188,0.6809796105831041,0.29754988726125947
ENC00667,v7,0.02729680827568944,0.6837757413949423,0.2889274508972478
ENC00671,v7,0.007935342278854906,0.7041258166644199,0.28793883816269805
ENC00694,v7,0.018832150139341145,0.6866500910001857,0.29451775766966
ENC00696,v7,0.02193882569407273,0.652732141692229,0.3253290347679697
ENC00697,v7,0.01736452214349553,0.653407798623139,0.3292276833979589
ENC00711,v7,0.020098219184499038,0.6412521992859087,0.33864957590897876
ENC00717,v7,0.016275406662713397,0.6944916551763362,0.2892329362305728
ENC00720,v7,0.02106499999991796,0.9745251596643684,0.004409840683651607
ENC00721,v7,0.011898217006217175,0.6951809818374699,0.2929208065415251
ENC00727,v7,0.020861024172195503,0.6890041260950027,0.29013484536159423
ENC00729,v7,0.027083012503995137,0.6356561368161981,0.3372608546506275
ENC00730,v7,0.018865982231896693,0.701128129414686,0.2800058938386872
ENC00734,v7,0.018240760436178897,0.6943944110645084,0.28736483417158054
ENC00744,v7,0.018391399617189344,0.7023605860552742,0.2792480129350736
ENC00747,v7,0.035040620997475055,0.9603926708885268,0.0045667074189302236
ENC00748,v7,0.02411765089451239,0.6395228788770478,0.33635947344631983
ENC00749,v7,0.02295010397566184,0.6236169297276563,0.3534329712163401
ENC00752,v7,0.015238555118308536,0.6974842199257442,0.2872772279594626
ENC00753,v7,0.013780876730933138,0.6872369720452074,0.2989821564676105
ENC00757,v7,0.014937945163553267,0.7083955396593145,0.27666651358646627
ENC00759,v7,0.03037496858074532,0.6349882858616489,0.3346367451277646
ENC00762,v7,0.016046522541728336,0.6502700354903936,0.3336834479123354
ENC00765,v7,0.015018502378477416,0.9830032248015798,0.001978274402229987
ENC00771,v7,0.023332951740935595,0.970520303104863,0.006146748343275653
ENC00772,v7,0.02642841305135301,0.69574084215694,0.2778307424375304
ENC00778,v7,0.016085475631086015,0.6846206019173807,0.29929392028655577
ENC00787,v7,0.011005313002637454,0.6571672191577298,0.3318274687709553
ENC00788,v7,0.021006526817616663,0.7194353247943678,0.2595581510909518
ENC00792,v7,0.011873391835928657,0.7088353476783101,0.27929126534813137
ENC00797,v7,0.01346996626213055,0.7210352001366792,0.26549483049247
ENC00801,v7,0.0,0.6697297426494392,0.33027025724987724
ENC00802,v7,0.023133706638073348,0.9754599864224354,0.001406303695992129
ENC00807,v7,0.0,0.9978497680401642,0.0021502310171842127
ENC00808,v7,0.02668048391368852,0.9661849692686281,0.0071345481347403865
ENC00812,v7,0.01899209422655068,0.6540259611499202,0.3269819454835342
ENC00813,v7,0.01902931739720024,0.97908518808644,0.0018854948443103189
ENC00815,v7,0.016117458908064736,0.7129657538164229,0.2709167900066527
ENC00830,v7,0.017833145395126364,0.6506896172094783,0.3314772375406475
ENC00832,v7,0.0,0.9977762072773303,0.0022237870424899066
ENC00838,v7,0.02760330665596696,0.7067074096480082,0.2656892799707346
ENC00845,v7,0.02199617083235754,0.6558947314427593,0.32210909944819655
ENC00848,v7,0.021790023232528637,0.6730054471381876,0.30520453650590984
ENC00849,v7,0.019427853841129897,0.6943271448324014,0.2862449936814361
