encounter_id,version,image_avg,text_avg,sink_avg
ENC00002,v1,0.028278039730169246,0.965992595817222,0.0057293714776055
ENC00003,v1,0.029765127687936738,0.9686508377393087,0.001584030728138584
ENC00004,v1,0.036290111877024175,0.958670969804128,0.005038920001437267
ENC00006,v1,0.028494160152783915,0.9669919249390354,0.0045139131854296105
ENC00007,v1,0.02864573969402247,0.966697233915329,0.004657021294244461
ENC00008,v1,0.029533417692573945,0.9636158016648623,0.006850782364588416
ENC00013,v1,0.03665514257824365,0.9589423885885274,0.004402469606402348
ENC00014,v1,0.013785401211664229,0.9813633336879239,0.004851271880163563
ENC00017,v1,0.0290514466625343,0.9661674434091987,0.004781103072540335
ENC00022,v1,0.03365481925041725,0.9609375258286794,0.005407656191770608
ENC00023,v1,0.026237853505995636,0.968812764859667,0.004949385575338395
ENC00024,v1,0.019724072358356073,0.9759423035841722,0.004333624669995446
ENC00031,v1,0.022672876027291237,0.9724073973686799,0.004919725822021618
ENC00034,v1,0.03664104809201714,0.9570904322292494,0.006268524051900359
ENC00043,v1,0.019602559722687412,0.9753661773553709,0.005031257728682604
ENC00052,v1,0.035248127076774834,0.9600801694393158,0.0046717008040286605
ENC00063,v1,0.028436364863506133,0.9666162378647748,0.00494739236036206
ENC00064,v1,0.020728363161253042,0.5874331253662444,0.39183851161546873
ENC00065,v1,0.026309201941078546,0.9691780038399271,0.004512796367490941
ENC00067,v1,0.02316801054164385,0.9712967133929586,0.005535279796657781
ENC00080,v1,0.04271759232506156,0.9544172788208182,0.0028651316285752478
ENC00081,v1,0.02750464194618604,0.9674209166975583,0.0050744361764587026
ENC00084,v1,0.02589780051016905,0.9741021971233556,0
ENC00088,v1,0.025686589402820523,0.9707656652946782,0.0035477521265213324
ENC00089,v1,0.03383625047281384,0.9596339745955034,0.006529773212969303
ENC00090,v1,0.03180882633374683,0.9623209786141056,0.005870200870237474
ENC00096,v1,0.02840995211240456,0.9651671361040186,0.0064229103434761915
ENC00098,v1,0.030770626118672744,0.9692293774513971,0
ENC00103,v1,0.01563325360502032,0.9794414590705525,0.004925284483893351
ENC00106,v1,0.023062768266894497,0.97266696813779,0.004270266413163298
ENC00111,v1,0.019605891665357145,0.9755228827166003,0.0048712317826399626
ENC00113,v1,0,0.9946246852769571,0.0053753134835621014
ENC00121,v1,0.027261712293849032,0.967915248667073,0.004823038093825309
ENC00125,v1,0.03487360420636833,0.9611686199903489,0.0039577743620611726
ENC00128,v1,0.040262578966556696,0.9531209443205146,0.006616470586728825
ENC00130,v1,0.035183806378062406,0.9648161937694738,0
ENC00133,v1,0.036731160464970505,0.9590559216106639,0.00421292119221214
ENC00143,v1,0.026625992880218614,0.9680146984124588,0.005359316246694554
ENC00149,v1,0.02699002396609438,0.9655125159966318,0.007497461534742462
ENC00151,v1,0,0.9944253114403271,0.0055746897810795264
ENC00159,v1,0.019785971430662488,0.9753454065039044,0.004868623005071034
ENC00162,v1,0.019119258664113327,0.9744788621463915,0.006401884012658448
ENC00164,v1,0.03059560406165054,0.9638904442007725,0.005513952433830127
ENC00167,v1,0.020828756276104185,0.9739577843083276,0.005213460145104262
ENC00170,v1,0.03309139103384305,0.9609784691046316,0.00593013911679757
ENC00171,v1,0.029375997900560096,0.9652191859644812,0.0054048106351212875
ENC00173,v1,0.026159057374663498,0.9668905175462061,0.006950420676730573
ENC00188,v1,0.02379881171944821,0.9714452412640937,0.004755947532167084
ENC00191,v1,0.034581056899494596,0.9582211010985904,0.007197847876577052
ENC00192,v1,0.01796588621123932,0.5924081857814345,0.38962592357812925
ENC00193,v1,0.017519725489441352,0.9779749519853707,0.004505329717691225
ENC00202,v1,0.025998688021371532,0.9694204372028972,0.0045808789017068785
ENC00208,v1,0.01919191901240198,0.975949627229537,0.004858451178190352
ENC00209,v1,0.027710242049088552,0.9678587639142596,0.004430991900523031
ENC00210,v1,0.023829390103411344,0.970367921060986,0.005802683615022236
ENC00214,v1,0,0.994199900329113,0.00580009818659164
ENC00217,v1,0.022167938876458827,0.9736242329373079,0.004207826467395267
ENC00237,v1,0.03965235580332004,0.953300321331391,0.0070473151482964074
ENC00238,v1,0.03230465070477554,0.9626974393795062,0.004997902483280216
ENC00250,v1,0.025930752512067556,0.9696174793773227,0.004451767387541218
ENC00255,v1,0.02751749286266125,0.9677059261695199,0.0047765812917572
ENC00256,v1,0.02761491017159203,0.9659075188910824,0.006477571226356701
ENC00259,v1,0.04143741515045073,0.9585625868217618,0
ENC00260,v1,0.02560985908815776,0.9695925098746571,0.004797630854743297
ENC00263,v1,0.023947222729523977,0.9708662112553914,0.005186571460217238
ENC00264,v1,0.033276629598834845,0.959557584569424,0.007165781552372854
ENC00267,v1,0.019500128873486948,0.9767188022241873,0.0037810724444331274
ENC00270,v1,0.03180686608088058,0.9625348238877847,0.005658311006927889
ENC00271,v1,0.02903638864858999,0.9662872429366585,0.004676369381732903
ENC00272,v1,0.018504029088653624,0.9776964652538299,0.003799497162690386
ENC00275,v1,0.021339533803984522,0.9735452950000762,0.005115170500773404
ENC00289,v1,0.02234867363281193,0.9727390794526963,0.004912242541710536
ENC00291,v1,0.029583786614239216,0.9645792245864868,0.005836988805321517
ENC00292,v1,0.022372430984035765,0.9725552755342403,0.00507229529517952
ENC00294,v1,0.034789552182580036,0.9599128703276316,0.005297570681432262
ENC00296,v1,0.029248043675906957,0.9641855400800705,0.006566421135794372
ENC00298,v1,0.035893779480829835,0.9593137845396995,0.004792431165697053
ENC00304,v1,0.03246914670019159,0.9617206019068522,0.005810253952245509
ENC00306,v1,0.018956432971530237,0.9761489418836741,0.00489461850374937
ENC00310,v1,0.0223523350286996,0.9729546792805195,0.004692981380685524
ENC00319,v1,0.03664611021263732,0.9586075213220384,0.004746367637481954
ENC00323,v1,0.026877489129627317,0.9663033367230974,0.006819178542957224
ENC00326,v1,0.023602317362947732,0.9719169887961173,0.004480698634157603
ENC00327,v1,0.024428628012537958,0.9707764101028442,0.004794960420113057
ENC00329,v1,0.03147377928364135,0.9640604632241385,0.004465756780423579
ENC00330,v1,0.03135149062394963,0.9640116723520415,0.004636831754136698
ENC00336,v1,0.02955143122053748,0.9659490377531139,0.004499525085963104
ENC00337,v1,0.028526332112960517,0.9665545529645422,0.004919114062036185
ENC00341,v1,0.030530847282089452,0.964617798303036,0.004851357800826589
ENC00344,v1,0.022212250049897405,0.9719705988270367,0.0058171515526293325
ENC00349,v1,0.021840739010700157,0.9729497543403081,0.005209509023864354
ENC00358,v1,0,0.9943209038330958,0.005679093614722101
ENC00359,v1,0.03331973941789733,0.9619790361987219,0.0047012269471047655
ENC00360,v1,0.03074379107598567,0.9648713626951542,0.004384847630237071
ENC00362,v1,0.00769851956560853,0.9873049443676358,0.004996546519188476
ENC00368,v1,0.02162675274990675,0.97428042025078,0.004092827575889922
ENC00372,v1,0.022013432138700443,0.97298548523202,0.005001082477799381
ENC00376,v1,0.025414428750312405,0.9694987844817246,0.005086794074129643
ENC00381,v1,0.027241168329247126,0.9675621586410623,0.005196677355438863
ENC00382,v1,0.03836370429590992,0.9568906679101612,0.004745629889404644
ENC00386,v1,0.020777437800111678,0.9744108858016821,0.004811677947425499
ENC00389,v1,0.028162948840736658,0.9667436185924486,0.005093433546309156
ENC00390,v1,0.024501743141029562,0.9713854199364071,0.004112832412301075
ENC00392,v1,0.0378686270277415,0.954917307694753,0.007214059942357597
ENC00393,v1,0.02520354745230811,0.9706657655158285,0.004130684721315185
ENC00402,v1,0.03125487819003562,0.9641209580004215,0.004624166877571649
ENC00403,v1,0.04458691092628625,0.9541235284138752,0.001289558562798105
ENC00405,v1,0.023940618563857343,0.9721348517470889,0.0039245342335629246
ENC00413,v1,0.03712447677705302,0.9584041216287268,0.004471407695505095
ENC00414,v1,0.027767222775059327,0.9676123233599083,0.004620454091335011
ENC00418,v1,0.03814447761095803,0.9571933427761341,0.00466218267382797
ENC00419,v1,0.024030993600468058,0.9710933087946294,0.0048757100856484294
ENC00424,v1,0.037737855627373966,0.9622621409319065,0
ENC00428,v1,0.02450362109383078,0.9709569040097689,0.004539485221826716
ENC00432,v1,0.030132812947373497,0.9673654962669719,0.0025016919429286977
ENC00433,v1,0.023398766725916755,0.9721737140958959,0.0044275178256529294
ENC00435,v1,0,0.9930925315076654,0.006907470362035163
ENC00436,v1,0.03053407241366332,0.9644079653522636,0.005057961453058863
ENC00441,v1,0.02589283785743623,0.9686068266379733,0.005500339587931247
ENC00443,v1,0.022837341646663845,0.9719031502803167,0.005259508247642468
ENC00444,v1,0.022211818196199308,0.9729693887209652,0.004818795789785758
ENC00451,v1,0.02640277681896439,0.9673096614998656,0.006287565098035258
ENC00453,v1,0.02902998208689193,0.9638982779449887,0.007071740022015378
ENC00456,v1,0.024636421170012624,0.9688360126189937,0.006527570943695073
ENC00457,v1,0.03502474385642945,0.9580920669767592,0.006883189147996782
ENC00459,v1,0.03420425443796486,0.9610453313443719,0.004750412599206335
ENC00461,v1,0.028608253800912815,0.966029614794488,0.005362126793639332
ENC00444,v1,0.022211818196199308,0.9729693887209652,0.004818795789785758
ENC00449,v1,0.03476739186102275,0.962444119846698,0.0027884922161957575
ENC00451,v1,0.02640277681896439,0.9673096614998656,0.006287565098035258
ENC00453,v1,0.02902998208689193,0.9638982779449887,0.007071740022015378
ENC00456,v1,0.024636421170012624,0.9688360126189937,0.006527570943695073
ENC00457,v1,0.03502474385642945,0.9580920669767592,0.006883189147996782
ENC00459,v1,0.03420425443796486,0.9610453313443719,0.004750412599206335
ENC00461,v1,0.028608253800912815,0.966029614794488,0.005362126793639332
ENC00462,v1,0.029302975802560045,0.9659540713435472,0.004742949526060862
ENC00463,v1,0.034916455686178016,0.9633739857838072,0.0017095595337624457
ENC00464,v1,0.02216975164128008,0.9732827938996352,0.004547455735117584
ENC00465,v1,0.03516214061528444,0.9598096116089526,0.005028246174692923
ENC00469,v1,0.02819768063173714,0.9670009362426671,0.004801381776236336
ENC00471,v1,0.02146835983589743,0.9739941376628298,0.004537511160691278
ENC00474,v1,0.026077209240641476,0.9693556984594046,0.004567100703023559
ENC00475,v1,0.018323653854895382,0.9772328943014145,0.004443448025267571
ENC00477,v1,0.015505268347469415,0.9788079063097636,0.005686820755507929
ENC00478,v1,0.03541376816315783,0.95917393234041,0.005412295943177822
ENC00479,v1,0.028924193595977206,0.9666949115301433,0.004380895731676566
ENC00482,v1,0.035604229775454965,0.9582566781477495,0.006139092925216325
ENC00489,v1,0.03294974396174604,0.9625967482123712,0.004453514269882381
ENC00490,v1,0.014458265860015765,0.9806816618666689,0.004860077771700473
ENC00492,v1,0.03402904987645646,0.9659709487205896,0
ENC00511,v1,0.024412962863257583,0.9712712908020387,0.0043157461242607
ENC00513,v1,0.02802603355107399,0.9644450805126092,0.007528890219803613
ENC00519,v1,0.03346823314029091,0.9594766874358339,0.007055080423289734
ENC00524,v1,0.04439266875721096,0.9495092596900597,0.006098064889587211
ENC00529,v1,0.03239410271247228,0.9615037401517232,0.006102157606639796
ENC00538,v1,0.030546198735634487,0.9694538021087646,0
ENC00543,v1,0.027800938697730742,0.9683394692476514,0.0038595882829875476
ENC00548,v1,0.02645317766562862,0.9690775916738025,0.00446923007849225
ENC00550,v1,0.02236697990595112,0.9717139157037886,0.005919108046563687
ENC00559,v1,0.024256157164927572,0.9694264291652611,0.006317412900638634
ENC00562,v1,0.040030738741562176,0.9520168062802907,0.00795245314381916
ENC00563,v1,0.02416200147038608,0.9712094742842395,0.004628527907165464
ENC00571,v1,0.0323030794638076,0.9629626061235156,0.00473431340097228
ENC00573,v1,0.03608368139359213,0.9572659202984402,0.006650395414215468
ENC00575,v1,0.042212664316862054,0.9527322076834165,0.005055136498039923
ENC00577,v1,0.033545142783212564,0.9620281679015006,0.004426680822601362
ENC00580,v1,0.025719567597593352,0.9742804329882386,0
ENC00581,v1,0.030565258463600066,0.9627631547475102,0.006671587461511595
ENC00587,v1,0.020231645510188842,0.9757746558440359,0.0039937016737990475
ENC00590,v1,0.029029228567684952,0.9666410308135184,0.00432973316331443
ENC00591,v1,0.0218069766027232,0.9737715143145937,0.004421508972147348
ENC00592,v1,0.03711016109250736,0.9570112940449043,0.005878541632649182
ENC00596,v1,0.02192696493427108,0.9732801035830849,0.004792939842664602
ENC00598,v1,0.04357272625731474,0.9494016333059832,0.007025630618128079
ENC00600,v1,0.015665154781584676,0.9793079595816763,0.005026891354569479
ENC00606,v1,0.025485852940215006,0.969581103766406,0.004933043403757943
ENC00608,v1,0.028921522517297148,0.9648876051971877,0.006190873972693647
ENC00620,v1,0.02346377306753117,0.9707309853317391,0.005805234412829845
ENC00631,v1,0.0253924469517779,0.974607554454248,0
ENC00637,v1,0.018189845744847923,0.5927754103482424,0.38903474250992576
ENC00640,v1,0.015896648776195035,0.9797933959379429,0.004309958488703138
ENC00643,v1,0.02505408388350417,0.9703964295953807,0.004549489545608216
ENC00657,v1,0.025632821793357533,0.969825910727183,0.00454126298117141
ENC00661,v1,0.02554870452241678,0.9678229426082812,0.006628354660872566
ENC00665,v1,0.026356857805512845,0.9693208165466786,0.004322325132670812
ENC00667,v1,0.03939603356359241,0.9585542743270462,0.0020496918096706306
ENC00671,v1,0.010595829749260755,0.9844585509861217,0.00494561607894652
ENC00694,v1,0.029270350789794557,0.9707296471019368,0
ENC00696,v1,0.026981504413030915,0.9684314490374872,0.004587049783460038
ENC00697,v1,0.018952032220304796,0.9761056703956503,0.0049422894034681746
ENC00711,v1,0.03640781605944914,0.95857133584864,0.0050208538065335765
ENC00717,v1,0.01932503141246603,0.9757580373968396,0.0049169322488264045
ENC00720,v1,0.03497499951361856,0.9650250047068053,0
ENC00721,v1,0.021632134412357118,0.9736107010394335,0.004757162976602558
ENC00727,v1,0.024654930695257288,0.968620646507182,0.0067244196915008285
ENC00729,v1,0.024747927453762922,0.9679056904636897,0.007346377361010617
ENC00730,v1,0.030113230781438193,0.9698867697582066,0
ENC00734,v1,0.02385952648013657,0.9714873446974643,0.00465312035656859
ENC00744,v1,0.019569364925741815,0.9761924643195077,0.004238169302829028
ENC00747,v1,0.038248189465747665,0.9574857053068495,0.004266106842815415
ENC00748,v1,0.03992125487233373,0.9553038895815268,0.004774857451604016
ENC00749,v1,0.03905589554509888,0.9609441063175462,0
ENC00752,v1,0.02363475364194635,0.9712820719270145,0.005083179084228023
ENC00753,v1,0.025134974543087104,0.9706690763379191,0.004195952880104164
ENC00757,v1,0.022453447096049784,0.9726968423525493,0.004849716868872444
ENC00759,v1,0.037451501452375816,0.9564965140970447,0.0060519846244656205
ENC00762,v1,0.020357680589876186,0.5799665733919306,0.39967574734809036
ENC00765,v1,0.015180277000383838,0.9795880041260651,0.005231713083154265
ENC00771,v1,0.022421415884223743,0.9717078171377107,0.005870769863698896
ENC00772,v1,0.048504619393497705,0.9465475564653223,0.004947818148965863
ENC00778,v1,0.033654062064645225,0.9663459421837166,0
ENC00787,v1,0.016854744528337746,0.97801477848729,0.0051304781278948995
ENC00788,v1,0.028407174191076537,0.9670317093936764,0.0045611090834575645
ENC00792,v1,0.027171712381661765,0.9677535378270679,0.005074764618055067
ENC00797,v1,0.013424882277225455,0.9820148516923953,0.004560265753768448
ENC00801,v1,0,0.9945165246456593,0.0054834774015723045
ENC00802,v1,0.03498521631088438,0.9600775317300724,0.004937249524636736
ENC00807,v1,0,0.9947728082537651,0.005227192450547591
ENC00808,v1,0.03548262342995051,0.9645173785710098,0
ENC00812,v1,0.024335792113561183,0.9708552314684942,0.004808976964201205
ENC00813,v1,0.02583084649813827,0.969273317605257,0.004895833789002306
ENC00815,v1,0.020806680658607038,0.9751994459183662,0.003993870795366692
ENC00830,v1,0.02734387321306356,0.9726561272845549,0
ENC00832,v1,0,0.9938538894057274,0.006146108411485329
ENC00838,v1,0.03624420370497219,0.957187742977352,0.0065680542669085025
ENC00845,v1,0.019613508671603126,0.9746294332587201,0.005757056007100998
ENC00848,v1,0.028319788458959563,0.9650083125933356,0.006671895629868073
ENC00849,v1,0.037464120826270014,0.9574053875274129,0.005130491740096154
ENC00002,v2,0.02530349510535598,0.9692322192192078,0.005464288152754307
ENC00003,v2,0.03238039714933345,0.9615881099845424,0.006031491591435189
ENC00004,v2,0.031428792737424376,0.9637020635604858,0.004869135379170378
ENC00006,v2,0.026620726234146526,0.9688039022487599,0.004575375695252321
ENC00007,v2,0.0269996107004031,0.9668376909361945,0.006162699182621307
ENC00008,v2,0.026255666306162745,0.9670882225036621,0.006656108925548883
ENC00013,v2,0.030302494105979287,0.9650427205809231,0.004654787323269029
ENC00014,v2,0.012277706702538197,0.9827512884602964,0.0049710040889427215
ENC00017,v2,0.026791531496438318,0.9685331168382064,0.004675356380175799
ENC00022,v2,0.030102713061357613,0.9630184235857494,0.006878857195043742
ENC00023,v2,0.022876078639217097,0.9726608648444667,0.0044630584212941955
ENC00024,v2,0.016445732728711197,0.9791022632803236,0.004451999331026205
ENC00031,v2,0.021658779099761022,0.5928565192790258,0.38548470607825686
ENC00034,v2,0.030991027103020596,0.9615563291769761,0.007452652954424803
ENC00043,v2,0.01634444698824414,0.9786889972735424,0.004966553873192443
ENC00052,v2,0.031021311748973143,0.9641056060791016,0.004873089184383711
ENC00063,v2,0.02478677955447534,0.9708293616224867,0.004383853241510758
ENC00064,v2,0.019157081678811763,0.9765726252719089,0.004270291327171632
ENC00065,v2,0.027532004392705856,0.9677652651071549,0.004702735552564263
ENC00067,v2,0.022278783555057916,0.9721157529137351,0.005605462625284087
ENC00080,v2,0.0378601702178518,0.9592093133926392,0.002930512104649097
ENC00081,v2,0.023079755646176637,0.9719459021091461,0.004974346216768026
ENC00084,v2,0.02269263818102368,0.9727669095588942,0.0045404561945253
ENC00088,v2,0.02144511031037589,0.9741128910155523,0.004442000573146201
ENC00089,v2,0.029902289574015504,0.9632535443014029,0.006844165910757622
ENC00090,v2,0.028484191421581352,0.9650537604871003,0.006462040382599377
ENC00096,v2,0.02535743491036944,0.9681803670901696,0.006462193360931954
ENC00098,v2,0.029818543256555176,0.9653579637974123,0.004823495651583506
ENC00103,v2,0.014895548103559836,0.6005799735293669,0.3845244771709629
ENC00106,v2,0.018208798605063168,0.9777847621284548,0.0040064391281196205
ENC00111,v2,0.016618499457606194,0.9785638113080719,0.004817693695471978
ENC00113,v2,0.0,0.9945745198499589,0.005425480532548612
ENC00121,v2,0.024047815292659733,0.9714421392590912,0.004510043430383559
ENC00125,v2,0.032008084543225054,0.9626348805877397,0.0053570346065515756
ENC00128,v2,0.0370256260585259,0.9564847048591165,0.006489666318520904
ENC00130,v2,0.03392920304335408,0.9619797998732262,0.004091001650482253
ENC00133,v2,0.02935790459240048,0.9665706728039116,0.004071421170575094
ENC00143,v2,0.024706004418305352,0.968319394140162,0.006974601103231693
ENC00149,v2,0.02562686978266216,0.9674711439471978,0.006901996534837123
ENC00151,v2,0.0,0.9947033662062424,0.00529663092098557
ENC00159,v2,0.017927538726650094,0.5920880724643839,0.3899843929142788
ENC00162,v2,0.018235886636552692,0.9756369763658247,0.006127138924251758
ENC00164,v2,0.02280674478970468,0.9721823495167953,0.005010910014299532
ENC00167,v2,0.01928317051001445,0.5947602876910457,0.3859565482463366
ENC00170,v2,0.028045872299117036,0.5892711163808902,0.3826830079779029
ENC00171,v2,0.02339956636618202,0.9706062242388726,0.005994211657283207
ENC00173,v2,0.021756966477439094,0.971593483709372,0.006649559155518476
ENC00188,v2,0.022037078292392518,0.5962354126183883,0.38172751243995584
ENC00191,v2,0.03803270282713991,0.9545246751684892,0.0074426227224696625
ENC00192,v2,0.018829535754561862,0.5998818352818489,0.3812886340653195
ENC00193,v2,0.015071464047111847,0.9803585432193898,0.004569991046194861
ENC00202,v2,0.023299009966043133,0.9724568960567316,0.0042440995857759845
ENC00208,v2,0.01669593891446394,0.9783487970178778,0.004955256720264019
ENC00209,v2,0.02389017024252098,0.9719277542084456,0.0041820803686277944
ENC00210,v2,0.02133087555670904,0.9730334361394246,0.005635688598785136
ENC00214,v2,0.0,0.9948569384671874,0.005143061236841447
ENC00217,v2,0.02199968721867464,0.9736773077098803,0.0043230003613079415
ENC00237,v2,0.03640194950660445,0.9567674707691625,0.006830576132930253
ENC00238,v2,0.028421749301914927,0.9667367987994906,0.004841453245475511
ENC00250,v2,0.02133822198392767,0.9744375450442536,0.004224224057227298
ENC00255,v2,0.022785212269381565,0.9726322333351904,0.004582551885161455
ENC00256,v2,0.026081236789184736,0.9673790880819646,0.006539668033194796
ENC00259,v2,0.03743868506494529,0.9617763654309877,0.0007849410652926629
ENC00260,v2,0.023744600295268613,0.9712160694489785,0.005039324452075253
ENC00263,v2,0.01972167186564609,0.5948115292559849,0.3854668019862657
ENC00264,v2,0.02891294076582607,0.9645111220223563,0.0065759334556416285
ENC00267,v2,0.01863194195277713,0.9776111788219876,0.0037568857557036812
ENC00270,v2,0.030308931793219276,0.9641559549740383,0.005535117227451078
ENC00271,v2,0.025650428101189632,0.9697976903577822,0.004551877506670699
ENC00272,v2,0.016332118306308985,0.9800294854424216,0.0036383973582732407
ENC00275,v2,0.017378450836986303,0.9773233664386413,0.005298180721344098
ENC00289,v2,0.021183055608575654,0.9741062718358907,0.004710673399544744
ENC00291,v2,0.023604645289846564,0.9698891948376384,0.006506150775489264
ENC00292,v2,0.02009882696154641,0.9749651144190532,0.004936064332269314
ENC00294,v2,0.033438948846676135,0.9602159185843034,0.006345134579830549
ENC00296,v2,0.02606362428604847,0.9664808159782773,0.007455562815691034
ENC00298,v2,0.03165634843753651,0.9623633280396462,0.005980330030433833
ENC00304,v2,0.03093820296122994,0.9628363171933403,0.0062254835756390655
ENC00306,v2,0.015116432031800787,0.9801227221122155,0.004760841721320873
ENC00310,v2,0.021910425425241038,0.9727265111037663,0.0053630613006784445
ENC00319,v2,0.03117052753805183,0.964408609084785,0.004420868148372392
ENC00323,v2,0.02378467444344354,0.9695276231018465,0.006687706174787635
ENC00326,v2,0.022225775635214867,0.9730124694329721,0.004761762827933755
ENC00327,v2,0.02014857019343368,0.9751842288704186,0.004667201647665221
ENC00329,v2,0.02733128156202535,0.9680117716391882,0.004656946550433834
ENC00330,v2,0.030142347573449736,0.9652798658923099,0.004577790462951127
ENC00336,v2,0.02768303899626647,0.967831685074738,0.004485275455018771
ENC00337,v2,0.023051226751819726,0.9725090515991998,0.004439724128811605
ENC00341,v2,0.02625428394803518,0.9689645118351224,0.004781205442887318
ENC00344,v2,0.021822435680922923,0.9723467037958258,0.00583085592142215
ENC00349,v2,0.017496370667542675,0.9774258026951238,0.005077830638344351
ENC00358,v2,0.0,0.9944066750830498,0.005593331125767335
ENC00359,v2,0.029808900174167423,0.5904240508874258,0.3797670473655065
ENC00360,v2,0.028597218098537047,0.9671020282774555,0.004300752084474175
ENC00362,v2,0.006924075687154181,0.6035192785626751,0.38955663851762223
ENC00368,v2,0.019217302087506577,0.9766545145451522,0.004128185699560812
ENC00372,v2,0.018704942427575588,0.9764472275972367,0.00484782988904044
ENC00376,v2,0.021234710717641086,0.973727773471051,0.005037515222218381
ENC00381,v2,0.02275435981573537,0.97252142863969,0.0047242119908332825
ENC00382,v2,0.03540481350531704,0.9587764576861733,0.005818722338268631
ENC00386,v2,0.017855487438797387,0.9774853795204522,0.00465912762194661
ENC00389,v2,0.024746597082345584,0.9705602050921239,0.004693198904241307
ENC00390,v2,0.02061014560361703,0.6520626522245861,0.32732720304103124
ENC00392,v2,0.03489589921434175,0.957888337282034,0.007215771529884948
ENC00393,v2,0.02391567406685729,0.9718557150740372,0.004228616738691926
ENC00402,v2,0.027714081145236342,0.9679355921707754,0.00435032519350547
ENC00403,v2,0.03446264539067585,0.9586350506113976,0.006902314148862491
ENC00405,v2,0.020121973718850668,0.9759890964923014,0.003888932553489643
ENC00413,v2,0.029197147858606,0.9649740940815693,0.005828757811262197
ENC00414,v2,0.02416109352498868,0.9714872038970559,0.004351704168307074
ENC00418,v2,0.036466697704230173,0.9588090098295056,0.0047242943136418455
ENC00419,v2,0.02608681662030608,0.5979833926062986,0.3759297936795706
ENC00424,v2,0.032749248019188916,0.9615938318978756,0.005656920238867949
ENC00428,v2,0.023327327416970942,0.5938770067997468,0.38279567162195843
ENC00432,v2,0.02808297838422313,0.9653077784892732,0.006609247974738215
ENC00433,v2,0.0231852776361812,0.9724648483828002,0.004349875247891189
ENC00435,v2,0.0,0.9938852994941002,0.00611470328903822
ENC00436,v2,0.02851153915392214,0.9665377890126089,0.004950664558165362
ENC00441,v2,0.024857592945597296,0.968945829005077,0.0061965723670537355
ENC00443,v2,0.018575679810641156,0.9761851005358239,0.005239218754107005
ENC00444,v2,0.020182999439708804,0.9751607008364008,0.004656296197977987
ENC00451,v2,0.023998059715856526,0.9700275561388801,0.005974385509377017
ENC00453,v2,0.02498025156516772,0.9683689414149653,0.0066508024312338255
ENC00456,v2,0.02337250008084182,0.9700180127008541,0.006609485898406018
ENC00457,v2,0.029829456609910102,0.9641938761099061,0.005976669582427104
ENC00459,v2,0.03147519097050152,0.9638225356253182,0.0047022668820828565
ENC00461,v2,0.02461444189127787,0.9695757291370765,0.0058098235937829755
ENC00444,v2,0.020182999439708804,0.9751607008364008,0.004656296197977987
ENC00449,v2,0.028258661510578046,0.9651551773150762,0.00658616450188371
ENC00451,v2,0.023998059715856526,0.9700275561388801,0.005974385509377017
ENC00453,v2,0.02498025156516772,0.9683689414149653,0.0066508024312338255
ENC00456,v2,0.02337250008084182,0.9700180127008541,0.006609485898406018
ENC00457,v2,0.029829456609910102,0.9641938761099061,0.005976669582427104
ENC00459,v2,0.03147519097050152,0.9638225356253182,0.0047022668820828565
ENC00461,v2,0.02461444189127787,0.9695757291370765,0.0058098235937829755
ENC00462,v2,0.026945733948825643,0.5939292380442986,0.3791250314276952
ENC00463,v2,0.030763764253205008,0.962383766969045,0.006852470187319291
ENC00464,v2,0.02134930624251629,0.6564255356788635,0.3222251565425427
ENC00465,v2,0.031342175218083385,0.9639418344452696,0.004715993040557599
ENC00469,v2,0.024377290941594007,0.9698947326650897,0.005727976784381328
ENC00471,v2,0.019781851481720066,0.9757439317089496,0.004474215804239606
ENC00474,v2,0.02406981572307445,0.9713546649829762,0.004575519119850821
ENC00475,v2,0.022034651466778347,0.9737471112838159,0.004218242282129742
ENC00477,v2,0.014367589510844223,0.980029605861221,0.005602804869080761
ENC00478,v2,0.028317579413565358,0.9662184876002623,0.005463934294209721
ENC00479,v2,0.025747442594009268,0.9698648422034746,0.004387711214391303
ENC00482,v2,0.032526892447618375,0.961461262721004,0.006011845997294806
ENC00489,v2,0.027166767295148938,0.9684088771993463,0.004424349402519639
ENC00490,v2,0.01341794111393392,0.9819793553352356,0.0046027032099664215
ENC00492,v2,0.02709530296132845,0.9729046968852773,0.0
ENC00511,v2,0.027818426626789218,0.9665279663911387,0.005653602026105553
ENC00513,v2,0.023746317694659787,0.591349893146091,0.3849037834490188
ENC00519,v2,0.03190202925963184,0.9611427348393661,0.006955230010834594
ENC00524,v2,0.038905120976678614,0.9537448797907148,0.007350003423558159
ENC00529,v2,0.02646480555946039,0.9670920048729849,0.006443185674547517
ENC00538,v2,0.03036846015847435,0.9625980352100573,0.007033496240374485
ENC00543,v2,0.026639998984638223,0.9696782847468772,0.0036817132770031523
ENC00548,v2,0.02454610919441156,0.9710863315044566,0.0043675630004145205
ENC00550,v2,0.02277796770660923,0.9702914224221156,0.006930608716076956
ENC00559,v2,0.025166650979708022,0.9678246800716107,0.0070086731002307855
ENC00562,v2,0.03052602184708325,0.9621957941931121,0.007278185368667604
ENC00563,v2,0.019837137794605008,0.9756504667026026,0.004512404762122228
ENC00571,v2,0.029741781218243498,0.9639501094818115,0.0063081060170329046
ENC00573,v2,0.03501346292905509,0.9571674086153508,0.007819125597598032
ENC00575,v2,0.03750248261703513,0.9562376768161089,0.006259834644599603
ENC00577,v2,0.027251046332242214,0.9673399118195593,0.0054090398763496
ENC00580,v2,0.02277793001712245,0.9725316489444059,0.004690428132958272
ENC00581,v2,0.025111736448666266,0.9685438398842339,0.006344423776173645
ENC00587,v2,0.017928168858524482,0.9780072249331564,0.004064606733286296
ENC00590,v2,0.024015726172365248,0.9697688817977905,0.0062153855978976935
ENC00591,v2,0.016663910386601595,0.9789653819586549,0.004370708238898909
ENC00592,v2,0.03599357960161333,0.9571640514859966,0.0068423710854760575
ENC00596,v2,0.01887727389112115,0.9765121336778005,0.004610594066325575
ENC00598,v2,0.03189575602526514,0.961633824607701,0.006470413329260586
ENC00600,v2,0.012642389354975117,0.982522901147604,0.004834707862755749
ENC00606,v2,0.023152360106473202,0.9713406771213025,0.005506962358665008
ENC00608,v2,0.028445471047113337,0.9641054501136144,0.0074490787441997474
ENC00620,v2,0.02099418259781449,0.9734694306589976,0.005536387492550396
ENC00631,v2,0.025178564100146846,0.9702038549714618,0.004617581984752582
ENC00637,v2,0.01817418678811836,0.5998706512830474,0.38195515830408444
ENC00640,v2,0.013295600881402412,0.6696038587709491,0.317100535282928
ENC00643,v2,0.020624280597526325,0.9747879620894645,0.00458775314240201
ENC00657,v2,0.027531184190276847,0.9646720866794172,0.007796725293661913
ENC00661,v2,0.02278909881809546,0.9710164826403382,0.00619441193468388
ENC00665,v2,0.023052433816095192,0.97130525799898,0.005642310423680987
ENC00667,v2,0.03582084225490689,0.95678401655621,0.007395149281903825
ENC00671,v2,0.007993909699285812,0.6073393429197916,0.3846667536148211
ENC00694,v2,0.02504200191714433,0.9692189272712258,0.005739071459251167
ENC00696,v2,0.027235276836861846,0.9680590084804002,0.004705716545383136
ENC00697,v2,0.017082298138680365,0.9781407615640662,0.004776943518503845
ENC00711,v2,0.029634765688873205,0.9655852932482958,0.004779934208878937
ENC00717,v2,0.018103420475216687,0.9770226703499848,0.004873913785284561
ENC00720,v2,0.02640706148337234,0.968965249711817,0.004627688857726753
ENC00721,v2,0.016129785809008514,0.9793279283186969,0.004542285587419482
ENC00727,v2,0.022435463462755375,0.9713682263505226,0.006196308118638163
ENC00729,v2,0.024919974721140332,0.9676273584365844,0.0074526747326470084
ENC00730,v2,0.025949411468742335,0.969181216713311,0.004869379826983356
ENC00734,v2,0.021201188340582836,0.9744148267212734,0.004383975887791284
ENC00744,v2,0.020442056108494193,0.6550762185028621,0.324481726148907
ENC00747,v2,0.0347611856665097,0.9595885978025549,0.0056502179621591
ENC00748,v2,0.030987619875889758,0.9646245904590772,0.00438778828424604
ENC00749,v2,0.030592562613200466,0.9648094643961709,0.0045979689468436365
ENC00752,v2,0.021959478211485677,0.9733427623907726,0.0046977653426842556
ENC00753,v2,0.02193742199107168,0.9739702100656471,0.004092363241527762
ENC00757,v2,0.01989385025226511,0.9752502985298633,0.004855861136456951
ENC00759,v2,0.03401112212221834,0.960129292705391,0.005859580798711204
ENC00762,v2,0.0214625208547844,0.585920307090727,0.3926171708410069
ENC00765,v2,0.012097793313510278,0.9829359510365654,0.004966254740515176
ENC00771,v2,0.019741415383681755,0.9746190045503962,0.005639576325005533
ENC00772,v2,0.04588971068594782,0.9468917037759509,0.007218590737985713
ENC00778,v2,0.02847405014825719,0.9662749980177198,0.005250950706457453
ENC00787,v2,0.014288485267510016,0.5935748253549848,0.39213669555527825
ENC00788,v2,0.023445287417416694,0.9709378485567868,0.00561686661967542
ENC00792,v2,0.023714103220250977,0.9715171129472794,0.00476878369602585
ENC00797,v2,0.011729420425370335,0.5953610944747925,0.3929094793796539
ENC00801,v2,0.0,0.994841752187261,0.005158249550182724
ENC00802,v2,0.029245780689699442,0.9661752624610036,0.004578959266415115
ENC00807,v2,0.0,0.9949981392698085,0.00500186113640666
ENC00808,v2,0.03386294990250806,0.9639494649644168,0.002187582082938807
ENC00812,v2,0.02207139687379822,0.9730400282603043,0.004888571711489931
ENC00813,v2,0.023611870572148336,0.9714769586211159,0.004911170133189964
ENC00815,v2,0.018784234546021454,0.977151272031996,0.004064490519360536
ENC00830,v2,0.024302502231234136,0.971020858077442,0.004676647383865772
ENC00832,v2,0.0,0.9940695092082024,0.00593049540683361
ENC00838,v2,0.03120204542988333,0.9626389407906039,0.006159011736223153
ENC00845,v2,0.016656447880643795,0.9777386378734669,0.005604916702995592
ENC00848,v2,0.029362001220210338,0.9638630722610044,0.006774923462473171
ENC00849,v2,0.030199562018709398,0.9648891233686191,0.004911315179110241
ENC00002,v3,0.02158687596886673,0.9729815260930494,0.0054315963103859265
ENC00003,v3,0.024509732714196777,0.9690667272490614,0.0064235362772117645
ENC00004,v3,0.01894052340316453,0.5964800660099302,0.3845794126391411
ENC00006,v3,0.019083219612192396,0.9765217080075517,0.004395080436793212
ENC00007,v3,0.021735717259232224,0.9719265072616106,0.0063377760960384435
ENC00008,v3,0.0190092273626151,0.9746914858956939,0.006299289890555936
ENC00013,v3,0.024068686563987286,0.9705981383721034,0.005333174567203969
ENC00014,v3,0.009078030250819885,0.6140414565566956,0.3768805105855146
ENC00017,v3,0.022292072910046125,0.973295663361964,0.0044122623942751925
ENC00022,v3,0.0262759552206262,0.966810698620975,0.0069133488741499605
ENC00023,v3,0.016836861538861814,0.5928763532100764,0.3902867835267146
ENC00024,v3,0.012816624412842995,0.983269964312685,0.003913405279082985
ENC00031,v3,0.01849152466239429,0.5967501641690046,0.38475830664579896
ENC00034,v3,0.027791640104411486,0.9648869447893911,0.007321424761109732
ENC00043,v3,0.009859887659260932,0.6765531527903653,0.31358696358610494
ENC00052,v3,0.021527147764095762,0.9722516683281445,0.006221185144433965
ENC00063,v3,0.016162567571584196,0.6052410089578785,0.3785964274992708
ENC00064,v3,0.015955337239574874,0.9795689741149545,0.00447568320123537
ENC00065,v3,0.023011372978799044,0.9725094258785247,0.004479204751551152
ENC00067,v3,0.017103655060711213,0.9770799633255578,0.005816380636892596
ENC00080,v3,0.029523404441589927,0.9634092207308169,0.007067383663659847
ENC00081,v3,0.01617318917242055,0.9801053952526402,0.0037214169761182756
ENC00084,v3,0.0208639327394671,0.9729813108766886,0.006154755837655157
ENC00088,v3,0.02018817411480497,0.974952999043138,0.004858823107198289
ENC00089,v3,0.030790925415329122,0.9628157199456774,0.006393352680004619
ENC00090,v3,0.022413340470477664,0.9716239411521841,0.005962711454938269
ENC00096,v3,0.022354385866862485,0.9717226089057276,0.005923015754117425
ENC00098,v3,0.022671248255805534,0.5991660440811003,0.37816271005254803
ENC00103,v3,0.011305235915331759,0.6034453358405676,0.3852494330997141
ENC00106,v3,0.015608116383177799,0.9804927546586564,0.0038991274221786367
ENC00111,v3,0.012812898134709233,0.6118020163642035,0.37538508971532186
ENC00113,v3,0.0,0.6029015419383844,0.39709845806161564
ENC00121,v3,0.020326500297524034,0.6043059492111206,0.3753675538301468
ENC00125,v3,0.027238102452385993,0.9664308752332414,0.006331030898062247
ENC00128,v3,0.022422843439094092,0.9718809319754779,0.005696224569642948
ENC00130,v3,0.022335183491102525,0.6691031164593166,0.30856170505285263
ENC00133,v3,0.027952020637554312,0.9680143966587311,0.00403358959251109
ENC00143,v3,0.01846590478863284,0.9760717889176139,0.005462305584946011
ENC00149,v3,0.01875548934409941,0.9743840080454833,0.006860506979930669
ENC00151,v3,0.0,0.6877239720296051,0.31227603592609954
ENC00159,v3,0.015059484021836206,0.5961595560375013,0.38878096655795447
ENC00162,v3,0.013529973626833097,0.9804697666212777,0.00600026387756116
ENC00164,v3,0.020837548896670343,0.9740256603558858,0.005136790219694376
ENC00167,v3,0.013890838644904445,0.6012484084586708,0.3848607540130615
ENC00170,v3,0.023077429369460424,0.6025925900909926,0.37432998222309155
ENC00171,v3,0.020459752391616348,0.9733382617123425,0.0062019766119192354
ENC00173,v3,0.01899309788168695,0.9739604412384752,0.007046469875300924
ENC00188,v3,0.015193772316533363,0.6606473539556775,0.3241588757151649
ENC00191,v3,0.02520051902060264,0.9687651374510357,0.006034346827488791
ENC00192,v3,0.016983141412492842,0.6002065638701121,0.3828102963666121
ENC00193,v3,0.010516997656374828,0.6903237465324752,0.2991592505382835
ENC00202,v3,0.02238947596943265,0.973509158514723,0.00410136988362934
ENC00208,v3,0.013613154701729361,0.6092203096446828,0.37716654401559097
ENC00209,v3,0.022326077383428396,0.9733531800183383,0.00432074141454186
ENC00210,v3,0.017984671293691332,0.9767366812697479,0.005278651529806666
ENC00214,v3,0.0,0.680504534393549,0.3194954681464217
ENC00217,v3,0.019479753480763317,0.9767944431796516,0.003725800079956036
ENC00237,v3,0.023990205250768445,0.9699835054517731,0.006026292602003618
ENC00238,v3,0.023536272613065585,0.9720082400919317,0.004455491166132001
ENC00250,v3,0.017683983672651702,0.9781282395124435,0.004187780435636846
ENC00255,v3,0.020588313581335338,0.9753826343735983,0.0040290484172400345
ENC00256,v3,0.02315259978730375,0.9708987462979096,0.005948648287672908
ENC00259,v3,0.03098555179051707,0.9629986135759087,0.00601584494122626
ENC00260,v3,0.01931324187185495,0.9751780682994473,0.005508692353783596
ENC00263,v3,0.017969711688211532,0.9770309438983213,0.004999344103779752
ENC00264,v3,0.02675975887548356,0.9668802953901745,0.006359939501132994
ENC00267,v3,0.013217818539010958,0.6880421817881389,0.2987400012687572
ENC00270,v3,0.022870901926194852,0.9713740023699674,0.005755102637604895
ENC00271,v3,0.01717308926786895,0.9792141089481967,0.0036127995169538607
ENC00272,v3,0.014021241707727313,0.6781215753555297,0.30785718512535093
ENC00275,v3,0.01364281299316044,0.9813634874751267,0.004993697773050336
ENC00289,v3,0.014507499016407464,0.981812983530539,0.003679514628904009
ENC00291,v3,0.021669076294214887,0.9712325318293138,0.007098392824727026
ENC00292,v3,0.014969238973853568,0.9803868121998285,0.004643948309333815
ENC00294,v3,0.02677516597746448,0.9663599296049639,0.006864904519170522
ENC00296,v3,0.01803892154365461,0.6629881021824289,0.31897297554405024
ENC00298,v3,0.025483011459245492,0.9679554123627512,0.006561576236823672
ENC00304,v3,0.02903211854159012,0.6001054918000458,0.37086238992323567
ENC00306,v3,0.012142217726906455,0.9839441089690486,0.003913671314669184
ENC00310,v3,0.017862749215215443,0.9759717302322388,0.0061655198559165
ENC00319,v3,0.026000038501532638,0.9680269781280967,0.005972978439839447
ENC00323,v3,0.02234994526561193,0.9711768206428079,0.006473234471152811
ENC00326,v3,0.01607005287789636,0.6741886337598165,0.3097413145005703
ENC00327,v3,0.02028392723319356,0.6004576996119335,0.37925836805141333
ENC00329,v3,0.02638173975671331,0.9692513333426581,0.004366929525147296
ENC00330,v3,0.02961660084701231,0.9659018831432991,0.004481515003684556
ENC00336,v3,0.022968828704931752,0.9734610447780692,0.003570123514488822
ENC00337,v3,0.020608842621861707,0.9749606228110814,0.0044305381932212866
ENC00341,v3,0.021983114820683287,0.9736685190882002,0.004348370880775509
ENC00344,v3,0.018427367626252224,0.674986296770524,0.30658634037387616
ENC00349,v3,0.016624646468649376,0.6088961501644082,0.37447920400802404
ENC00358,v3,0.0,0.6912679558491889,0.3087320461982989
ENC00359,v3,0.020275769341737034,0.9761032786369324,0.0036209500478580595
ENC00360,v3,0.025565282967146656,0.9701616315666689,0.004273084096969405
ENC00362,v3,0.005145332353519431,0.9905236219366391,0.0043310446121419465
ENC00368,v3,0.015301398639656747,0.9790623010351107,0.00563630252592982
ENC00372,v3,0.013943662113261184,0.9815554469823837,0.004500892063490404
ENC00376,v3,0.01513403727246138,0.668663889169693,0.31620207528273264
ENC00381,v3,0.016501332582750668,0.9791000753641128,0.004398590518394485
ENC00382,v3,0.028331932659279937,0.9673003894942147,0.004367683338219946
ENC00386,v3,0.016274072951637207,0.9794369608163833,0.004288967065319108
ENC00389,v3,0.018103823379466408,0.6009904014436822,0.3809057762748317
ENC00390,v3,0.016542654611813506,0.9796249900790427,0.003832352928073554
ENC00392,v3,0.028398636202500376,0.9648679318251433,0.0067334323560957
ENC00393,v3,0.01689894786400218,0.9790573053889804,0.00404374633679196
ENC00402,v3,0.020998170991139164,0.6678104762373299,0.3111913498105674
ENC00403,v3,0.02287811792938781,0.9701140760479117,0.007007807400427703
ENC00405,v3,0.016447484870219513,0.9789495172143794,0.0046029967655028614
ENC00413,v3,0.02662299551784691,0.5986242607386425,0.37475275120349844
ENC00414,v3,0.018240006847918266,0.9780406546778977,0.003719337958500546
ENC00418,v3,0.026164170536212623,0.9691477406024933,0.004688085102243349
ENC00419,v3,0.02378677823737766,0.6028006471944659,0.37341257963287694
ENC00424,v3,0.03298474371965442,0.9603019634882609,0.006713291388448505
ENC00428,v3,0.02126115425489843,0.5934332954883575,0.3853055563569069
ENC00432,v3,0.021826770089359748,0.9711828337775337,0.006990396642747024
ENC00433,v3,0.01459852098957251,0.9812856770436699,0.00411580213337043
ENC00435,v3,0.0,0.9942774450778962,0.005722554628737271
ENC00436,v3,0.0247004414210096,0.9707563853263855,0.004543171552941203
ENC00441,v3,0.02198540158846443,0.9717533830368873,0.006261221292235031
ENC00443,v3,0.013730471561818074,0.5902410343289375,0.3960284925997257
ENC00444,v3,0.013130072058186311,0.6700004860132682,0.31686943857108846
ENC00451,v3,0.019612256028898517,0.9748713562683183,0.005516393666098617
ENC00453,v3,0.022016626106051262,0.9708644733764231,0.0071189025748026324
ENC00456,v3,0.0175380073842924,0.6777781374373678,0.30468386133848613
ENC00457,v3,0.025326112662819592,0.9687022545316197,0.005971630517108081
ENC00459,v3,0.020433397150932335,0.9729138264116252,0.006652775792765238
ENC00461,v3,0.02569121031603795,0.968269872422121,0.006038914225539383
ENC00444,v3,0.013130072058186311,0.6700004860132682,0.31686943857108846
ENC00449,v3,0.026694089456993555,0.9668121172913483,0.006493793758896312
ENC00451,v3,0.019612256028898517,0.9748713562683183,0.005516393666098617
ENC00453,v3,0.022016626106051262,0.9708644733764231,0.0071189025748026324
ENC00456,v3,0.0175380073842924,0.6777781374373678,0.30468386133848613
ENC00457,v3,0.024068486407725482,0.9699497962520071,0.005981715603384876
ENC00459,v3,0.020433397150932335,0.9729138264116252,0.006652775792765238
ENC00461,v3,0.022177731215917658,0.9718955610562297,0.005926708315580505
ENC00462,v3,0.023786903167043932,0.9718004820001034,0.004412612527651527
ENC00463,v3,0.0233657275416678,0.9700278186029003,0.006606455000057336
ENC00464,v3,0.013807412168138068,0.6619623086669228,0.3242302740162069
ENC00465,v3,0.020115628422770118,0.6775027407067162,0.3023816345348245
ENC00469,v3,0.021839691700077938,0.9725566301189486,0.005603673505276198
ENC00471,v3,0.016638544081370273,0.9781857620156,0.0051756891669587244
ENC00474,v3,0.016671860779541126,0.9791917304197947,0.004136405665886359
ENC00475,v3,0.014688427578510037,0.9801591095470247,0.005152466464861636
ENC00477,v3,0.011739300688284195,0.9833935004743662,0.004867199927420271
ENC00478,v3,0.02420291340745547,0.9692400932312012,0.006556990761857699
ENC00479,v3,0.022376183737069368,0.973341543674469,0.004282268343493343
ENC00482,v3,0.02483106001378282,0.9704047292470932,0.00476421035311528
ENC00489,v3,0.0198843968679118,0.9760761038929808,0.004039496717536274
ENC00490,v3,0.012868447068243105,0.6059427339339925,0.38118881878451766
ENC00492,v3,0.021620235366694558,0.9737949945102228,0.004584778478873946
ENC00511,v3,0.01941122516535786,0.9756322513107493,0.004956517523123312
ENC00513,v3,0.017713005240933086,0.9757722247588007,0.006514766725319389
ENC00519,v3,0.02540273610308456,0.968003187328577,0.00659408129286021
ENC00524,v3,0.0347645022831429,0.9581202254898247,0.007115270669475712
ENC00529,v3,0.024037720052444415,0.9695793618326601,0.006382918367972192
ENC00538,v3,0.021204595919698477,0.9723172689428424,0.0064781360918342475
ENC00543,v3,0.023278497345745563,0.9727983600214908,0.0039231481520753154
ENC00548,v3,0.025223580047524737,0.9702824225612715,0.004493994314187006
ENC00550,v3,0.015657294742023747,0.6689945907936883,0.3153481094032219
ENC00559,v3,0.016521192758398896,0.9778501181041493,0.005628688238086361
ENC00562,v3,0.028374132261061193,0.9643189622597261,0.007306896615773439
ENC00563,v3,0.015374493798453027,0.6779730097065128,0.30665249553153184
ENC00571,v3,0.020200272685113718,0.9745568497394158,0.005242880237879368
ENC00573,v3,0.022344399214714997,0.9710113738858422,0.006644225995193502
ENC00575,v3,0.028066102958011225,0.9663965083602676,0.0055373806096753455
ENC00577,v3,0.02511103193962363,0.9675316720297842,0.007357296806694281
ENC00580,v3,0.017380291186113898,0.978055119005024,0.0045645813254687265
ENC00581,v3,0.021049609008644308,0.9725440868309566,0.006406300931655783
ENC00587,v3,0.01550635010762899,0.9807865588753312,0.0037070923924653067
ENC00590,v3,0.020786026800383946,0.973953760096005,0.005260209833587786
ENC00591,v3,0.0176847791157254,0.6549709969904365,0.3273442244020904
ENC00592,v3,0.028813995381302023,0.965203824195456,0.005982182857230412
ENC00596,v3,0.017416086979210377,0.665674953824944,0.3169089619898134
ENC00598,v3,0.031058091157258064,0.9624710552773234,0.006470858448942713
ENC00600,v3,0.010246574167154151,0.6761333228185259,0.31362010551423863
ENC00606,v3,0.019462868331702077,0.7197708388169607,0.26076628948035446
ENC00608,v3,0.023514704824844888,0.9688100958918477,0.007675197039434051
ENC00620,v3,0.01885430656627498,0.9758633104237643,0.005282381861682304
ENC00631,v3,0.020806499951893192,0.9737114529324393,0.005482053489655129
ENC00637,v3,0.014404345764731518,0.605536456661995,0.3800591979966019
ENC00640,v3,0.012515959777849039,0.669533548147782,0.31795049442545226
ENC00643,v3,0.019576960088064272,0.5989287713217357,0.3814942723228818
ENC00657,v3,0.01627119374461472,0.9765434193870296,0.0071853785497217396
ENC00661,v3,0.018236570732386888,0.9759275182238165,0.005835917782706191
ENC00665,v3,0.018842842058861643,0.975173456397483,0.00598370771461386
ENC00667,v3,0.023681313702916235,0.9703904319013286,0.00592826004140079
ENC00671,v3,0.006509078116587006,0.6913961784861912,0.30209473973122714
ENC00694,v3,0.01729509296640754,0.9771050286293029,0.00559988040663302
ENC00696,v3,0.021471634521731175,0.9719457607716322,0.0065826057131441
ENC00697,v3,0.010234307701466605,0.9852880272082984,0.004477669494008296
ENC00711,v3,0.02212085739881234,0.9734911675592071,0.004387973598656651
ENC00717,v3,0.012880027687810745,0.9829279460857824,0.0041920241417324885
ENC00720,v3,0.01691314170602709,0.9773975765263593,0.005689277619778834
ENC00721,v3,0.013222670994402297,0.9823690768891731,0.0044082542984392
ENC00727,v3,0.020552053381207174,0.9734798916454973,0.005968058688550031
ENC00729,v3,0.018562798032466816,0.6002941120345637,0.38114308636143523
ENC00730,v3,0.019687712442299183,0.9756272370165044,0.004685050590937449
ENC00734,v3,0.017804574774687783,0.6784432684673982,0.3037521579686333
ENC00744,v3,0.016050305782666065,0.6557053444731948,0.3282443523152262
ENC00747,v3,0.03227866744208667,0.9620805607901679,0.005640768316677875
ENC00748,v3,0.02198532972665083,0.9737978196913196,0.004216853661402579
ENC00749,v3,0.02667648358270526,0.9687466675043106,0.0045768480794504286
ENC00752,v3,0.013140791635630669,0.684524006548181,0.3023352028258079
ENC00753,v3,0.015957421702673523,0.9802125333770504,0.0038300438583412063
ENC00757,v3,0.013832705904190478,0.6766386476525089,0.30952865303608407
ENC00759,v3,0.024972895845290152,0.9692300042798442,0.005797097609648781
ENC00762,v3,0.017094812265171084,0.5980068975586003,0.38489829205860526
ENC00765,v3,0.009453299538498479,0.9855553181398482,0.004991387931763062
ENC00771,v3,0.017676002627079624,0.9768599511646643,0.005464049837006847
ENC00772,v3,0.030980997710841996,0.9635578799864342,0.005461120229326831
ENC00778,v3,0.019183485493918913,0.6124263278773574,0.368390185666866
ENC00787,v3,0.009366362346336246,0.9860490775108337,0.004584559638053179
ENC00788,v3,0.01625443508281656,0.979239851495494,0.004505717910259314
ENC00792,v3,0.01662415443246977,0.9786259685125616,0.0047498779717393014
ENC00797,v3,0.012835574327563902,0.6074090510044458,0.3797553774883162
ENC00801,v3,0.0,0.9948457051249384,0.005154299452557292
ENC00802,v3,0.022084932967894867,0.9742084225911772,0.0037066436835742566
ENC00807,v3,0.0,0.6858616635717195,0.31413833365358157
ENC00808,v3,0.024344681775990393,0.968341585433129,0.00731373188030528
ENC00812,v3,0.01729554187347607,0.9781477659247643,0.004556691959904608
ENC00813,v3,0.01864821742093491,0.9769851411542585,0.004366639975248085
ENC00815,v3,0.015525657247799711,0.6847196221351624,0.29975472142299014
ENC00830,v3,0.017380158243657545,0.9766266831131869,0.005993159330818195
ENC00832,v3,0.0,0.9943128544457105,0.005687141197030337
ENC00838,v3,0.026118423943677225,0.9679781622137905,0.00590341462376566
ENC00845,v3,0.01280362034715184,0.6051420926109073,0.38205428315898565
ENC00848,v3,0.022225747703240047,0.6177980315338061,0.3599762172953596
ENC00849,v3,0.025290726403443094,0.9706026048232348,0.004106668889737473
ENC00002,v4,0.018529041515042383,0.975291853149732,0.006179105682315788
ENC00003,v4,0.020843660063815838,0.9726920886473223,0.006464244787242602
ENC00004,v4,0.017969791479274737,0.5953985628464239,0.3866316420997647
ENC00006,v4,0.018280660740378565,0.9775847588142339,0.004134579716304684
ENC00007,v4,0.016881020489655084,0.5958582574889164,0.3872607250341633
ENC00008,v4,0.016219719744252938,0.9772848867707782,0.006495388354071313
ENC00013,v4,0.01886175495126973,0.6139735268509906,0.3671647188456162
ENC00014,v4,0.00588366625713435,0.6151394227094817,0.37897690956355534
ENC00017,v4,0.017817119947935948,0.9779968042584026,0.004186077299356625
ENC00022,v4,0.026158546736936957,0.9670310280625782,0.006810422580216139
ENC00023,v4,0.014216848191798484,0.5989920835700824,0.3867910669433127
ENC00024,v4,0.011674864479573444,0.6668916734365317,0.3214334597667822
ENC00031,v4,0.019264894679152204,0.5946641394905016,0.38607096116916806
ENC00034,v4,0.023273411376232452,0.9702224428906585,0.006504142320023455
ENC00043,v4,0.009272769621784697,0.6930707983610009,0.29765643041674833
ENC00052,v4,0.01892899818068265,0.9746977984905243,0.006373201942791775
ENC00063,v4,0.016533844555286985,0.6115810852301748,0.3718850722438411
ENC00064,v4,0.011910208689773247,0.9838903970188565,0.0041993981272551335
ENC00065,v4,0.015452314493299093,0.9801589479236483,0.004388734340263566
ENC00067,v4,0.01338132216165272,0.6026088158289592,0.384009861946106
ENC00080,v4,0.02707395243262987,0.5920653917171337,0.380860651348844
ENC00081,v4,0.014813944846132977,0.6886588210860888,0.29652723173300427
ENC00084,v4,0.014756226425472283,0.6318832729992113,0.3533604994304198
ENC00088,v4,0.02033465782164776,0.6725697412210352,0.30709560002599445
ENC00089,v4,0.021285764954012375,0.5888493004052535,0.38986493245415066
ENC00090,v4,0.020728922211267847,0.9723392166989915,0.006931861716401862
ENC00096,v4,0.020962872219777953,0.97334471415347,0.005692413254589664
ENC00098,v4,0.01849676408296959,0.6022665875774997,0.3792366498000138
ENC00103,v4,0.010506218540644563,0.6074825202653168,0.3820112580006276
ENC00106,v4,0.011462022816748216,0.6839238463929205,0.3046141274724946
ENC00111,v4,0.0094881603134058,0.6466870832743135,0.3438247579073756
ENC00113,v4,0.0,0.9950280917155279,0.004971907829394105
ENC00121,v4,0.013224580893692977,0.6122094659717536,0.37456595550285526
ENC00125,v4,0.02153648797082164,0.6498387564894974,0.32862475386229895
ENC00128,v4,0.022451247383683624,0.9721777185355083,0.005371037211342908
ENC00130,v4,0.018167890952900053,0.6719445180892945,0.3098875933885574
ENC00133,v4,0.024822875213525865,0.9711688093517138,0.0040083105311445565
ENC00143,v4,0.016914223748094894,0.6774795907385209,0.30560618586399974
ENC00149,v4,0.013234281229072964,0.5986508401957426,0.3881148752066996
ENC00151,v4,0.0,0.9963100683398363,0.0036899345410169987
ENC00159,v4,0.01452621582817907,0.6066605815043052,0.3788132006302476
ENC00162,v4,0.012178024111347179,0.9811070127002264,0.006714962639893263
ENC00164,v4,0.01442085666640196,0.5937412448227406,0.391837896220386
ENC00167,v4,0.013015577370727746,0.6066193754474322,0.3803650429472327
ENC00170,v4,0.02327672467183541,0.6054865549592411,0.37123672366142274
ENC00171,v4,0.015126368915662169,0.6742361591412471,0.31063747279919113
ENC00173,v4,0.016232037764128963,0.5944973021153582,0.38927066207721533
ENC00188,v4,0.011460952061340856,0.6744857101604856,0.3140533294143348
ENC00191,v4,0.020055137942545116,0.6696740502119064,0.3102708180248737
ENC00192,v4,0.0159623641646593,0.6033750482507654,0.3806625859694438
ENC00193,v4,0.00898572219235715,0.6993972366819015,0.2916170401641956
ENC00202,v4,0.019506208498829176,0.9762363610218983,0.004257430816639443
ENC00208,v4,0.010082240907449719,0.6218621391768849,0.3680556197778894
ENC00209,v4,0.01858070254362873,0.9764504981356741,0.004968800207303948
ENC00210,v4,0.013659892316232592,0.9794374304329789,0.006902673248914164
ENC00214,v4,0.0,0.7005074706944552,0.29949252939585486
ENC00217,v4,0.011131554173545973,0.706626622907577,0.28224181667450937
ENC00237,v4,0.024575303308665752,0.6800217948009059,0.2954029012279412
ENC00238,v4,0.018746918344639995,0.9770794309926837,0.004173649765362733
ENC00250,v4,0.015114456991373438,0.6092663329057019,0.3756192061636183
ENC00255,v4,0.016957842570263892,0.6821461229452065,0.3008960345759988
ENC00256,v4,0.018243864301199977,0.681541867722246,0.3002142664185144
ENC00259,v4,0.02740958860764901,0.9668841255727665,0.005706282061806252
ENC00260,v4,0.01871056422929872,0.9746509048071774,0.006638533863323656
ENC00263,v4,0.014841274335279618,0.9805838017180415,0.004574924043499597
ENC00264,v4,0.02185661956082937,0.9718153782127318,0.006327999778830808
ENC00267,v4,0.012555594923344023,0.690805417196504,0.2966389920690964
ENC00270,v4,0.019879462034293232,0.6827418238494047,0.2973787140124922
ENC00271,v4,0.013314245823387276,0.983164412133834,0.0035213333398774814
ENC00272,v4,0.01394573504319497,0.9824167706270134,0.003637500573979872
ENC00275,v4,0.009944797919378577,0.9855515860084795,0.004503611337918884
ENC00289,v4,0.014402025310253655,0.6766158020054852,0.30898217029041714
ENC00291,v4,0.01938149018579314,0.973960794444777,0.00665771779922657
ENC00292,v4,0.015473029493457741,0.6060283011860318,0.3784986714522044
ENC00294,v4,0.02098273227826875,0.9723686314074793,0.00664863527413005
ENC00296,v4,0.018138083640397304,0.6695848239792718,0.3122770968410704
ENC00298,v4,0.014473093970848611,0.6847616227917701,0.30076528054738194
ENC00304,v4,0.02300594170888265,0.5987357656160991,0.3782582946618398
ENC00306,v4,0.01180944952260082,0.680520130528344,0.3076704175935851
ENC00310,v4,0.015474659188668121,0.9780395576414073,0.006485791035646678
ENC00319,v4,0.02197424616924552,0.6308395474456078,0.34718620338181194
ENC00323,v4,0.01628156834527667,0.5986740252722992,0.3850444127445572
ENC00326,v4,0.013857885620722148,0.6890291916989835,0.2971129226628865
ENC00327,v4,0.01750770233969652,0.9779850681319492,0.004507229798508964
ENC00329,v4,0.021839753462365646,0.9739129714582159,0.004247277380962824
ENC00330,v4,0.022187129784655826,0.9714366953860047,0.006376182077132086
ENC00336,v4,0.017186397524754995,0.6782045048184511,0.30460909608660675
ENC00337,v4,0.014011691125934242,0.9817503871487789,0.004237921593603907
ENC00341,v4,0.016192597405238263,0.599630948659536,0.3841764553710147
ENC00344,v4,0.013297946142105787,0.697869202669929,0.2888328509003508
ENC00349,v4,0.013532743338826243,0.6074408081090339,0.37902645390724465
ENC00358,v4,0.0,0.9960500597953796,0.0039499396603209095
ENC00359,v4,0.020437530516646804,0.6789670479297638,0.300595425516367
ENC00360,v4,0.022060497094773583,0.9737506189731636,0.00418888259505044
ENC00362,v4,0.004801264102247337,0.9908544001755891,0.004344335258119153
ENC00368,v4,0.012498396048667254,0.9817065172725253,0.005795093041120304
ENC00372,v4,0.011529726517975939,0.6232388937959865,0.36523137986660004
ENC00376,v4,0.014751089493159291,0.6785252205161161,0.30672369516173076
ENC00381,v4,0.01607210784454212,0.9793435184755058,0.004584372515798869
ENC00382,v4,0.024844313119749793,0.9686538468707692,0.006501837768486108
ENC00386,v4,0.014676686010154134,0.9809412186796015,0.004382099727676674
ENC00389,v4,0.01652286048712475,0.9790565190570695,0.004420616248223398
ENC00390,v4,0.014879023682508142,0.9815226053833065,0.003598370980576409
ENC00392,v4,0.02245481601753032,0.6085948759747535,0.3689503073692322
ENC00393,v4,0.017488722680494763,0.9782722569428958,0.004239023269082491
ENC00402,v4,0.019706136575316852,0.673521669668572,0.30677218916260196
ENC00403,v4,0.022074418509760815,0.5958457822385042,0.38207980694237703
ENC00405,v4,0.016509459221637563,0.6798747075231452,0.3036158495827725
ENC00413,v4,0.022029578338066735,0.9708450643221537,0.0071253602237751085
ENC00414,v4,0.014165083871089987,0.9823709005401248,0.0034640173111776156
ENC00418,v4,0.023147159197220678,0.6757092394326862,0.3011435999682075
ENC00419,v4,0.018762791402670637,0.6068103888578582,0.37442682029908164
ENC00424,v4,0.029364399497576972,0.9632335765319958,0.007402028194056791
ENC00428,v4,0.013966008872640405,0.6825619892640548,0.303472000495954
ENC00432,v4,0.014166126130856101,0.6718178055708921,0.31401606790627107
ENC00433,v4,0.016007074212708267,0.9800838439177114,0.003909082256805759
ENC00435,v4,0.0,0.9940988792563384,0.005901111918062253
ENC00436,v4,0.018092929315313977,0.6062271162024084,0.3756799534806665
ENC00441,v4,0.0177019491560594,0.594214560341661,0.38808349318747976
ENC00443,v4,0.013694700615208907,0.9814725474764904,0.0048327577484694
ENC00444,v4,0.013574395779716341,0.982927373835915,0.0034982352603324936
ENC00451,v4,0.015844357056686513,0.9780063267446991,0.006149317898079116
ENC00453,v4,0.01771182478670546,0.9743670021615377,0.007921176828156278
ENC00456,v4,0.013489377250848913,0.7000104910061683,0.28650012851497275
ENC00457,v4,0.022868265335481346,0.9710404346031802,0.006091300462555539
ENC00459,v4,0.022459569225381865,0.9707088809264334,0.006831546983142432
ENC00461,v4,0.020424310717245805,0.9741337599961654,0.005441927575789716
ENC00462,v4,0.022913753548089194,0.6019972510197583,0.37508899353298486
ENC00444,v4,0.013574395779716341,0.982927373835915,0.0034982352603324936
ENC00449,v4,0.01981527630185847,0.9751848189298772,0.0049999065654860305
ENC00451,v4,0.01491671807325638,0.978876226120167,0.006207056544922493
ENC00453,v4,0.01771182478670546,0.9743670021615377,0.007921176828156278
ENC00456,v4,0.013411704266880766,0.696554434152297,0.2900338630985331
ENC00457,v4,0.024680606896038522,0.9690293214984775,0.006290071269439668
ENC00459,v4,0.022459569225381865,0.9707088809264334,0.006831546983142432
ENC00461,v4,0.018989711937484974,0.9754568805399629,0.005553405098233027
ENC00462,v4,0.022913753548089194,0.6019972510197583,0.37508899353298486
ENC00463,v4,0.022242726558553323,0.9705571066765558,0.007200169547771414
ENC00464,v4,0.010990279622107618,0.6944691463042114,0.2945405772681964
ENC00465,v4,0.016950491667307152,0.6908368219540814,0.2922126885474198
ENC00469,v4,0.016980470382237343,0.9768917430612377,0.006127781567296812
ENC00471,v4,0.015740468325948685,0.9775434178965432,0.006716117403013822
ENC00474,v4,0.014010992167689102,0.6498145076789354,0.33617450336092397
ENC00475,v4,0.010965486698485207,0.984834797352365,0.004199717452298592
ENC00477,v4,0.009257128291136148,0.6950850754368062,0.29565779910403855
ENC00478,v4,0.020634408370008534,0.9723453254343193,0.007020268595786156
ENC00479,v4,0.01794385135925691,0.6995864690990623,0.2824696850612623
ENC00482,v4,0.020409646194561253,0.7008503121989114,0.2787400419158595
ENC00489,v4,0.02279280300717801,0.972894122888302,0.004313070923170267
ENC00490,v4,0.009409007997336712,0.6125340938568116,0.37805689681660043
ENC00492,v4,0.01824711638485688,0.5918687341410086,0.38988414598167487
ENC00511,v4,0.016292304574629133,0.9797517708595226,0.003955919131334402
ENC00513,v4,0.01735547512304038,0.5914073061943054,0.39123721460501354
ENC00519,v4,0.02159721224103123,0.9700639522075654,0.008338837570045143
ENC00524,v4,0.027903527370654047,0.9654861545333495,0.006610317769137999
ENC00529,v4,0.01847990636403362,0.603928690297263,0.3775914019062406
ENC00538,v4,0.015484760528417317,0.9777931441793909,0.006722094717442052
ENC00543,v4,0.01764916990015825,0.9773311831734397,0.0050196490306971655
ENC00548,v4,0.02089475336680679,0.9739753781703481,0.005129867223124101
ENC00550,v4,0.015539310511735361,0.6733087928671586,0.31115189621671596
ENC00559,v4,0.014867074772715568,0.690319878578186,0.29481304025650024
ENC00562,v4,0.022116343815863696,0.9721891289612032,0.005694517593409093
ENC00563,v4,0.01473829990697538,0.9814074087787319,0.003854303079581744
ENC00571,v4,0.016767290460261246,0.6090462972079554,0.37418640909656403
ENC00573,v4,0.017838099357727545,0.6010806347360674,0.3810812724347146
ENC00575,v4,0.026081284779368094,0.9665312576062471,0.0073874576663761175
ENC00577,v4,0.019187049624780492,0.9744211464158951,0.006391803190420051
ENC00580,v4,0.016517675669882634,0.9764933242942347,0.006988995955466773
ENC00581,v4,0.014331707025288057,0.6712820971285114,0.314386191372653
ENC00587,v4,0.013847238441470951,0.6228508405269139,0.36330192240457687
ENC00590,v4,0.018652673092700783,0.9756740300886093,0.005673301971006778
ENC00591,v4,0.01529308898826268,0.653676162261774,0.33103074590758524
ENC00592,v4,0.027649566676922654,0.9664381023581702,0.0059123328666536865
ENC00596,v4,0.015254882563021965,0.6820298425853253,0.30271527552977207
ENC00598,v4,0.017177246610361446,0.6844971619728135,0.2983255923339507
ENC00600,v4,0.009241440138675134,0.6928896285663141,0.29786893112637175
ENC00606,v4,0.018705434628081188,0.7196992435562077,0.2615953219025882
ENC00608,v4,0.020319510843152196,0.9729146105106746,0.0067658805740979785
ENC00620,v4,0.01641264098978947,0.6850784762521808,0.29850887850429236
ENC00631,v4,0.016982375605571906,0.5971203389957812,0.38589728090184683
ENC00637,v4,0.01078638202893818,0.6116583275218164,0.37755529270056754
ENC00640,v4,0.011010697355197968,0.6720346357220801,0.31695466857647225
ENC00643,v4,0.014120297168188219,0.6220659568624677,0.3638137477748799
ENC00657,v4,0.012526302122694935,0.6531160602599014,0.3343576361183767
ENC00661,v4,0.015826604061608983,0.6104185532879185,0.3737548440694809
ENC00665,v4,0.013720640304705335,0.9810742956620676,0.0052050629165023565
ENC00667,v4,0.022788999735244682,0.971305717619098,0.00590527796291043
ENC00671,v4,0.0053881455307036,0.6867494426275554,0.30786241698814065
ENC00694,v4,0.01680015991183205,0.9768724546388343,0.006327385362022108
ENC00696,v4,0.01896973636707869,0.9747429685346012,0.006287286993405172
ENC00697,v4,0.011513321983709354,0.6064636568421299,0.38202303156112005
ENC00711,v4,0.013650846966136727,0.601816245625096,0.38453290250993544
ENC00717,v4,0.01215278805522881,0.6697805743773007,0.31806664226703274
ENC00720,v4,0.015920931002125143,0.9789210820198059,0.005157994002103806
ENC00721,v4,0.01114110762002663,0.6504170660789196,0.33844182388140603
ENC00727,v4,0.015811358048482153,0.6632284900037254,0.32096014710945814
ENC00729,v4,0.016571295609797483,0.6024707513196128,0.3809579573571682
ENC00730,v4,0.015252446321752464,0.6842407074946801,0.30050684352522916
ENC00734,v4,0.01497691696056643,0.6851043652843785,0.299918717494956
ENC00744,v4,0.015655751475909103,0.9804308121954953,0.003913438730200546
ENC00747,v4,0.030111232219816566,0.9634451453502362,0.006443618264581476
ENC00748,v4,0.020438119326430707,0.5932073324550817,0.38635454722392704
ENC00749,v4,0.022779118567705155,0.5923810946941376,0.38483978509902955
ENC00752,v4,0.011092559540305625,0.6845971492977886,0.30431029277962524
ENC00753,v4,0.015047398381664053,0.9811789212019547,0.003773678267253158
ENC00757,v4,0.012186454681138839,0.6817980362522986,0.3060155101360813
ENC00759,v4,0.019629113775672467,0.5949875222155329,0.385383363835205
ENC00762,v4,0.01570536442728632,0.5997957716817441,0.38449886635593744
ENC00765,v4,0.007722370255785652,0.9874711670453036,0.004806462522077409
ENC00771,v4,0.016576890896603063,0.9779775335982039,0.005445575266069657
ENC00772,v4,0.025563524067988546,0.674629393055683,0.29980708107234927
ENC00778,v4,0.013379427618307307,0.9828905814733261,0.00372999055016563
ENC00787,v4,0.007724193291381952,0.6101599479397983,0.38211586331644803
ENC00788,v4,0.0150174799725477,0.7187434511306958,0.2662390723951861
ENC00792,v4,0.011303009553158884,0.6795772714921605,0.3091197126267249
ENC00797,v4,0.01007413878932456,0.7035118480709112,0.2864140157944688
ENC00801,v4,0.0,0.6070093816810554,0.39299062436277216
ENC00802,v4,0.01873239450247234,0.9777364118231667,0.0035311932612482146
ENC00807,v4,0.0,0.995979528767722,0.004020475234470463
ENC00808,v4,0.017975574693090357,0.9757420837351706,0.006282340366376844
ENC00812,v4,0.012687890289374922,0.5954185611085047,0.3918935522625718
ENC00813,v4,0.015004298562688805,0.9812284334797725,0.003767264731637437
ENC00815,v4,0.013362902987708328,0.6834726769437072,0.3031644186665935
ENC00830,v4,0.01775591674127749,0.6115936168602535,0.3706504600388663
ENC00832,v4,0.0,0.6202071573160872,0.37979285324676126
ENC00838,v4,0.022881538080982863,0.6738198405504227,0.30329861655831336
ENC00845,v4,0.012451323075890005,0.609857205006716,0.3776914715338096
ENC00848,v4,0.02031084620569534,0.6249855256305551,0.3547036349773407
ENC00849,v4,0.021309398021042834,0.9748834857474202,0.0038071142727225697
ENC00002,v5,0.015012358276684975,0.9793214912241605,0.0056661492421103575
ENC00003,v5,0.02450948327436651,0.969001339192976,0.006489172822942859
ENC00004,v5,0.017701037519989346,0.6075458647548289,0.37475309942079627
ENC00006,v5,0.020832330574311556,0.6837555727651042,0.2954121006111945
ENC00007,v5,0.019042777904898535,0.6067283938125688,0.3742288281114734
ENC00008,v5,0.016581869159621752,0.9764114693663586,0.007006659796033269
ENC00013,v5,0.017908779658236593,0.6151022410617685,0.36698897998287994
ENC00014,v5,0.005757237785283108,0.6165008982758463,0.3777418659057146
ENC00017,v5,0.018340510921552776,0.6063658577203751,0.3752936387062073
ENC00022,v5,0.02124050706309282,0.5975463466118958,0.38121314826658215
ENC00023,v5,0.014876321710359592,0.6045905015407465,0.38053318093984556
ENC00024,v5,0.01013887924290149,0.6709261129949694,0.31893500184344353
ENC00031,v5,0.017665179137309844,0.5973139237273823,0.38502089950171386
ENC00034,v5,0.02374687205797227,0.9696597698891517,0.006593364572134054
ENC00043,v5,0.008303585744050162,0.6876088258895007,0.3040875902568752
ENC00052,v5,0.019379088529588088,0.6781061664871547,0.30251475080199863
ENC00063,v5,0.015291781216445897,0.6118197477225101,0.3728884732482409
ENC00064,v5,0.012359322058358069,0.6040336312918827,0.3836070453298503
ENC00065,v5,0.013655208139467278,0.981958836122276,0.0043859559893486355
ENC00067,v5,0.015426262665801403,0.6180793642997742,0.3664943709185249
ENC00080,v5,0.025227435915730893,0.5878516399860382,0.3869209283590317
ENC00081,v5,0.011980550670258628,0.6851662220341144,0.30285322798950837
ENC00084,v5,0.0141488541468369,0.6427231448201033,0.34312799687568957
ENC00088,v5,0.01660357299478394,0.678357168335781,0.30503925458293096
ENC00089,v5,0.01991255890591432,0.5876906629946592,0.39239677358016695
ENC00090,v5,0.01796963969037048,0.5938507794444241,0.388179582001558
ENC00096,v5,0.01961695578118617,0.9744998102838343,0.005883232595145025
ENC00098,v5,0.016556966156713315,0.6111248042434454,0.3723182256799191
ENC00103,v5,0.00982537422212772,0.6118199640512466,0.37835465639829635
ENC00106,v5,0.00970850937334939,0.6838866823670492,0.3064048037880418
ENC00111,v5,0.009022885007828834,0.6539728131986433,0.3370043023699714
ENC00113,v5,0.0,0.9951792796149509,0.004820717822134723
ENC00121,v5,0.012785988232433682,0.6180264977098421,0.3691875179305331
ENC00125,v5,0.022105307314484342,0.6575892902002102,0.32030540765300997
ENC00128,v5,0.023808647192449177,0.673595203352826,0.30259615036525894
ENC00130,v5,0.016074241710024594,0.6753486399232906,0.3085771186725937
ENC00133,v5,0.025099124936065798,0.9709867012911829,0.003914167918867014
ENC00143,v5,0.017205987834105534,0.6830226796013968,0.29977132571595055
ENC00149,v5,0.014791410315862234,0.6051201961880965,0.38008838977745113
ENC00151,v5,0.0,0.9963736078805394,0.003626391737068641
ENC00159,v5,0.014435709230243586,0.6060424315241667,0.3795218605261583
ENC00162,v5,0.01352171011079671,0.6074051700406156,0.3790731185068518
ENC00164,v5,0.01228059221740704,0.6005021463269773,0.3872172571178796
ENC00167,v5,0.012324948566189656,0.6099540650844574,0.3777209830780824
ENC00170,v5,0.021663446919356257,0.5949282490688822,0.3834082965525041
ENC00171,v5,0.01479226127189915,0.6758796750021375,0.3093280672780738
ENC00173,v5,0.015587228364241658,0.5966251221165728,0.38778764276362176
ENC00188,v5,0.011028905224520713,0.6779260092204616,0.3110450863117172
ENC00191,v5,0.01748453075332301,0.6742203241302853,0.30829515003022695
ENC00192,v5,0.013561534459122282,0.5978861373403798,0.38855232622312463
ENC00193,v5,0.00677651976649132,0.6938373343444165,0.2993861500311781
ENC00202,v5,0.014871357561001,0.9801812329002328,0.004947411744364512
ENC00208,v5,0.010082240907449719,0.6218621391768849,0.3680556197778894
ENC00209,v5,0.01643397989771833,0.9777921293951144,0.00577388799624743
ENC00210,v5,0.01568339702983697,0.6010912836984147,0.3832253224627916
ENC00214,v5,0.0,0.7088641332543415,0.2911358658386313
ENC00217,v5,0.01020878009042655,0.7084503508832333,0.28134087206673447
ENC00237,v5,0.022116243757088396,0.6774122180307612,0.30047153604819493
ENC00238,v5,0.018331664006995117,0.6042531145655591,0.37741522167039954
ENC00250,v5,0.014929200333040373,0.6048452168439342,0.38022558404281076
ENC00255,v5,0.014302010851956549,0.6905408757073539,0.29515711863835653
ENC00256,v5,0.01813875792945907,0.6883716832086878,0.29348955889350004
ENC00259,v5,0.024062451536712402,0.6685772193413154,0.30736032771129235
ENC00260,v5,0.017756141929958877,0.6733528008827796,0.3088910595728801
ENC00263,v5,0.0152078776465108,0.9802010905174982,0.004591029930105876
ENC00264,v5,0.02067681873962283,0.9733008885383606,0.006022293778136373
ENC00267,v5,0.010763828466331367,0.6926449379500221,0.2965912339003647
ENC00270,v5,0.018701176161923242,0.6848300684516023,0.29646875318594096
ENC00271,v5,0.012636268034038492,0.6737065735103199,0.313657155014434
ENC00272,v5,0.011543285850911661,0.6854388046085387,0.30301790499597564
ENC00275,v5,0.010781979358468492,0.6106147250303855,0.37860329219928157
ENC00289,v5,0.012603261382419536,0.6788406535018262,0.3085560839382007
ENC00291,v5,0.01762968019301177,0.6073120540043093,0.3750582615721901
ENC00292,v5,0.014309895525608832,0.6054039156685272,0.3802861866230766
ENC00294,v5,0.021955628731401167,0.9714259638964573,0.006618407641963981
ENC00296,v5,0.018329335568363175,0.6780411782217961,0.30362948629201625
ENC00298,v5,0.014324846872410108,0.6883053659468659,0.29736978785936224
ENC00304,v5,0.023606591660710465,0.6010400437646441,0.37535336303214234
ENC00306,v5,0.011091078258211817,0.9852730384818068,0.0036358945638042045
ENC00310,v5,0.013737770252018458,0.9801056146621704,0.00615661510355061
ENC00319,v5,0.02352936269346414,0.6399840538231831,0.3364865777065169
ENC00323,v5,0.015026285714598115,0.5998252002065053,0.3851485102476474
ENC00326,v5,0.013412015456456825,0.6915861469294343,0.29500184061803986
ENC00327,v5,0.018147532277825205,0.60543154315515,0.3764209208163348
ENC00329,v5,0.02048187822751377,0.599049613268479,0.3804685074350108
ENC00330,v5,0.020321724496574864,0.9733482201894125,0.006330056410903732
ENC00336,v5,0.016200549436344094,0.681639335578001,0.3021601138612892
ENC00337,v5,0.013621813597575087,0.6150978885847946,0.3712803004630681
ENC00341,v5,0.017859443144906045,0.608088311872312,0.3740522465003388
ENC00344,v5,0.011433525320940784,0.6956010610716683,0.29296541665281567
ENC00349,v5,0.0106999066938619,0.6053184409743374,0.3839816445285834
ENC00358,v5,0.0,0.9959148819509306,0.004085114163708089
ENC00359,v5,0.01640718183063758,0.6763466926125007,0.30724612387215217
ENC00360,v5,0.019822490745268408,0.976010303412165,0.0041672044088565076
ENC00362,v5,0.004745243711273789,0.6161142131861519,0.3791405450479657
ENC00368,v5,0.012254049503129007,0.6955007403350073,0.2922452132810246
ENC00372,v5,0.01107001305964572,0.6290689624589065,0.3598610244948289
ENC00376,v5,0.014043273496029612,0.6845644213832341,0.30139230607220757
ENC00381,v5,0.013715296357001801,0.6025874955313546,0.3836972063645384
ENC00382,v5,0.021447792793940573,0.5985139810923233,0.3800382292965083
ENC00386,v5,0.014083975802540132,0.5997161010037297,0.3861999203329501
ENC00389,v5,0.014683005406702166,0.5995798428281606,0.3857371509075165
ENC00390,v5,0.012739732759358476,0.9838502102968644,0.003410057833126816
ENC00392,v5,0.01884909156069625,0.5933520548045635,0.3877988483756781
ENC00393,v5,0.017018837947765087,0.65033717230549,0.3326439822283317
ENC00402,v5,0.017002618012932735,0.6790760438376611,0.3039213369745727
ENC00403,v5,0.019966493712783587,0.6009951186616246,0.37903838513827903
ENC00405,v5,0.014260876884994408,0.683712280044953,0.30202684132382274
ENC00413,v5,0.02052446978078002,0.5982572805313837,0.38121825002488635
ENC00414,v5,0.014672983246033682,0.6858743308972912,0.2994526850075281
ENC00418,v5,0.022290465046441364,0.678113716904835,0.29959581568036026
ENC00419,v5,0.01836937886193721,0.6031234834316003,0.37850713903886557
ENC00424,v5,0.022590487033326542,0.9713108133425755,0.006098697863445015
ENC00428,v5,0.012734054580505472,0.6817359603010118,0.30552998662460595
ENC00432,v5,0.015207252522930504,0.6751680154800415,0.30962473690509795
ENC00433,v5,0.014271267421258192,0.981794192906349,0.003934533919222773
ENC00435,v5,0.0,0.9951546554565429,0.0048453473038971425
ENC00436,v5,0.01701553806378797,0.97865593386814,0.004328524985794502
ENC00441,v5,0.01716307257576024,0.5940554010517457,0.388781520373681
ENC00443,v5,0.012669925160449126,0.9825332445659857,0.004796827977373339
ENC00444,v5,0.010230248282930595,0.6795206928954405,0.31024906302199645
ENC00451,v5,0.01432037853003251,0.9795759697005434,0.006103649636607547
ENC00453,v5,0.017614026515479754,0.9744321463304922,0.0079538231296892
ENC00456,v5,0.013489377250848913,0.7000104910061683,0.28650012851497275
ENC00457,v5,0.019386011918955674,0.6672619250539231,0.31335205901158997
ENC00459,v5,0.018597562552095596,0.975212782393885,0.006189658969484327
ENC00461,v5,0.020367102687027346,0.9737061811297127,0.005926715997518615
ENC00462,v5,0.021353984131675326,0.5985103023774696,0.38013571907173505
ENC00444,v5,0.010230248282930595,0.6795206928954405,0.31024906302199645
ENC00449,v5,0.018504653104834935,0.9753482644305085,0.006147087477570908
ENC00451,v5,0.014303774657387254,0.9796416648721273,0.006054557066625067
ENC00453,v5,0.017614026515479754,0.9744321463304922,0.0079538231296892
ENC00456,v5,0.013411704266880766,0.696554434152297,0.2900338630985331
ENC00457,v5,0.019358002137040763,0.6658893804850541,0.31475261616425254
ENC00459,v5,0.018597562552095596,0.975212782393885,0.006189658969484327
ENC00461,v5,0.018373605203004958,0.6204225226588871,0.3612038739349531
ENC00462,v5,0.021353984131675326,0.5985103023774696,0.38013571907173505
ENC00463,v5,0.019553964844794932,0.5945317685974311,0.38591426722011213
ENC00464,v5,0.009492067549125119,0.6884354043141597,0.3020725218252947
ENC00465,v5,0.014581860638467357,0.6926913233411393,0.29272681964723857
ENC00469,v5,0.018966802444531403,0.6025560022290073,0.3784771997537186
ENC00471,v5,0.013360872873962516,0.9808434522341168,0.005795671013257806
ENC00474,v5,0.013673195174875126,0.6587120611890614,0.3276147457549898
ENC00475,v5,0.01033618256709922,0.6796370383571176,0.3100267778424656
ENC00477,v5,0.008471664816799356,0.6926607771923667,0.298867566132904
ENC00478,v5,0.01998996594485557,0.6079406058676889,0.37206942984990987
ENC00479,v5,0.015529339465394835,0.6976357036653686,0.2868349587216097
ENC00482,v5,0.02047626855710405,0.7052885792218149,0.2742351480992511
ENC00489,v5,0.019533603583848237,0.97642007138994,0.00404632632441894
ENC00490,v5,0.00822219610433717,0.6118923505400397,0.37988545370709365
ENC00492,v5,0.016628221791481303,0.599229633808136,0.38414214064027663
ENC00511,v5,0.01738476799800992,0.68680268470372,0.2958125540307749
ENC00513,v5,0.019382116723467003,0.6007218285040422,0.37989605312997643
ENC00519,v5,0.02128451623117728,0.6041450652762921,0.37457042149383657
ENC00524,v5,0.02844249947195493,0.9646657068752548,0.006891794697137423
ENC00529,v5,0.01765641976738035,0.6048927608102855,0.377450822898657
ENC00538,v5,0.01500719809602644,0.5987612610464698,0.38623153357892426
ENC00543,v5,0.014443166456407025,0.9802461680911836,0.005310664311539205
ENC00548,v5,0.017995413185060753,0.6050947694217458,0.3769098160897984
ENC00550,v5,0.014104564526488865,0.6838855801090118,0.30200985122111534
ENC00559,v5,0.014772472064172433,0.6892902604804552,0.29593726672416876
ENC00562,v5,0.020571318963746064,0.6637928856521094,0.31563578971794676
ENC00563,v5,0.013876865160584981,0.6866962127387524,0.2994269176519343
ENC00571,v5,0.015813664405660077,0.5996667981907061,0.38451954039039127
ENC00573,v5,0.015209626771408963,0.6021261154799848,0.382664255797863
ENC00575,v5,0.0238820082993935,0.6015284588371498,0.37458953477334284
ENC00577,v5,0.01633208024120608,0.6081700500591781,0.37549787205319074
ENC00580,v5,0.014315496733967936,0.6732192289444708,0.31246527416571496
ENC00581,v5,0.014321004481506392,0.6735897547367847,0.31208924757260265
ENC00587,v5,0.012401058626445857,0.6236680578101765,0.36393088291991843
ENC00590,v5,0.020377609026381523,0.9745021821078608,0.005120206799879038
ENC00591,v5,0.013014532229415355,0.653954382126148,0.33303108467505527
ENC00592,v5,0.026899333580569097,0.9667647704956638,0.006335893831257323
ENC00596,v5,0.014222872361036329,0.6842520265943475,0.301525099720392
ENC00598,v5,0.018072870669557768,0.6844068224134009,0.29752030588832556
ENC00600,v5,0.007054105896635779,0.6923584347679501,0.3005874656495594
ENC00606,v5,0.018024572069301224,0.7236634793072722,0.2583119434161778
ENC00608,v5,0.020139831858908847,0.60657343012946,0.3732867394174848
ENC00620,v5,0.01448188970920506,0.6803788934554253,0.30513921692654805
ENC00631,v5,0.016985735667145088,0.6107631478044722,0.37225111822287243
ENC00637,v5,0.009689134866360347,0.6182136876242501,0.3720971844634231
ENC00640,v5,0.010747100242717874,0.6715205117027359,0.3177323915285639
ENC00643,v5,0.013478955231993547,0.6231770554803452,0.3633439881059359
ENC00657,v5,0.011580630454684158,0.6544827614630853,0.3339365995847262
ENC00661,v5,0.014947690014676081,0.6152135349634126,0.3698387730309344
ENC00665,v5,0.013425360709704735,0.6507969388255367,0.33577769884356745
ENC00667,v5,0.01956590185623749,0.6747411957808903,0.3056929023670299
ENC00671,v5,0.0056247028930008595,0.690764265771238,0.303611031692961
ENC00694,v5,0.014369412352347613,0.6756879634090832,0.3099426204072578
ENC00696,v5,0.016703430147996794,0.5976456463336944,0.38565092037121457
ENC00697,v5,0.01000101673374072,0.6080485544073473,0.38195042927330786
ENC00711,v5,0.013893153740685771,0.5964475118301131,0.38965932855551894
ENC00717,v5,0.010631322922123657,0.6741177295590495,0.3152509429952601
ENC00720,v5,0.015652422742991178,0.6797318797485501,0.30461570036177543
ENC00721,v5,0.010184849802245226,0.6551195468988504,0.3346956004430582
ENC00727,v5,0.015246139471664241,0.6599238714889476,0.3248299942596963
ENC00729,v5,0.015192256721946382,0.6136224896637434,0.37118525726279034
ENC00730,v5,0.014845745803445186,0.6837477804275981,0.30140646939214905
ENC00734,v5,0.01270807090362436,0.6901839958994012,0.2971079304030067
ENC00744,v5,0.01333488827998129,0.6669692521293958,0.3196958596507708
ENC00747,v5,0.025746769820716206,0.5851241689644112,0.38912906315153006
ENC00748,v5,0.01954997458559429,0.5999034961749767,0.38054652743298434
ENC00749,v5,0.020457461034917895,0.597264405960838,0.38227813070019084
ENC00752,v5,0.009918209780204358,0.6835920126505302,0.3064897815946122
ENC00753,v5,0.014594039582880214,0.6687830537557602,0.31662290412932637
ENC00757,v5,0.011311386897799003,0.6858088623645694,0.30287974784078525
ENC00759,v5,0.01851546925594326,0.6033734559011059,0.3781110744516389
ENC00762,v5,0.014091495501508159,0.6032608559751135,0.3826476492750363
ENC00765,v5,0.008865644062594087,0.9861780140887607,0.004956342118517073
ENC00771,v5,0.015512940271393112,0.9788001127865004,0.005686951044481248
ENC00772,v5,0.023696218086013073,0.678143236418845,0.2981605453180595
ENC00778,v5,0.013689992890204684,0.6598148912679954,0.32649511343143023
ENC00787,v5,0.007625950100460883,0.6156778617037667,0.3766961911762202
ENC00788,v5,0.01493611825034358,0.7196552479589308,0.26540862815874117
ENC00792,v5,0.012582800189210545,0.6850233503750393,0.3023938495488394
ENC00797,v5,0.009495349470445693,0.7052643365901092,0.2852403123317094
ENC00801,v5,0.0,0.6051695728828894,0.3948304320567221
ENC00802,v5,0.01906174078370289,0.9772986682752768,0.003639588727916513
ENC00807,v5,0.0,0.9961230276740171,0.0038769704403036976
ENC00808,v5,0.018635723553597928,0.9739133850387905,0.007450885437024028
ENC00812,v5,0.012975047478297105,0.6015792963179675,0.38544565529534314
ENC00813,v5,0.013893479497318029,0.9823834738310646,0.0037230473347282145
ENC00815,v5,0.00987722411331675,0.6851917955425236,0.30493098299403293
ENC00830,v5,0.01498669506577046,0.6034371707750403,0.38157612836879234
ENC00832,v5,0.0,0.613749530366672,0.38625046290377135
ENC00838,v5,0.01790083758533001,0.6649491735979131,0.3171499873462476
ENC00845,v5,0.011923050083220005,0.6152886734008789,0.3727882797718048
ENC00848,v5,0.019339763547038345,0.6251816237922263,0.35547861272254877
ENC00849,v5,0.02072060357038212,0.6794388108356024,0.29984058407686087
ENC00002,v6,0.023771233526115983,0.9704921171988969,0.005736646777806505
ENC00003,v6,0.025731603769695778,0.9680873857516992,0.006181015225593001
ENC00004,v6,0.02334005364749596,0.9723177802415541,0.004342167398704545
ENC00006,v6,0.022563502654448092,0.972475678084856,0.0049608225565017814
ENC00007,v6,0.02157535666620798,0.9727731558044305,0.005651487696790293
ENC00008,v6,0.02288663242544447,0.9712618051256452,0.005851569190355284
ENC00013,v6,0.024634577079096765,0.9704154603124604,0.004949963804679065
ENC00014,v6,0.010253810328600321,0.593551601461796,0.39619458586440803
ENC00017,v6,0.01927192943191833,0.9764847151257775,0.00424335647945885
ENC00022,v6,0.031156158103513416,0.5733173409204805,0.3955264983887083
ENC00023,v6,0.019583890697260093,0.5836806765416773,0.39673543121756577
ENC00024,v6,0.01307245102530766,0.6529085820721042,0.33401896790150676
ENC00031,v6,0.02120425518449841,0.9734851642974518,0.005310581833030442
ENC00034,v6,0.026663141839794423,0.9672528602923566,0.006083999304318724
ENC00043,v6,0.014582332671219434,0.9809773836111157,0.004440283873287353
ENC00052,v6,0.025178052077233944,0.9683878959151747,0.006434049411469327
ENC00063,v6,0.02377465237834852,0.5838322560397946,0.39239309271987605
ENC00064,v6,0.017299600591320755,0.5872611499057626,0.39543924986753826
ENC00065,v6,0.022642788546801355,0.9730290402020656,0.004328175176406488
ENC00067,v6,0.019993167342788994,0.9742462965873403,0.005760536124340233
ENC00080,v6,0.032917793587851234,0.9611247342063467,0.005957476107510308
ENC00081,v6,0.018811116428596193,0.9765691685265508,0.004619712644288766
ENC00084,v6,0.020054053527504074,0.9743018591456476,0.005644085809859214
ENC00088,v6,0.019279188715700002,0.9761350315529853,0.004585779074659513
ENC00089,v6,0.029090242605102627,0.5737503511948628,0.39715940538827366
ENC00090,v6,0.023811861743446457,0.5726466110448518,0.4035415235889015
ENC00096,v6,0.02259465681061476,0.9720470227382996,0.005358316484009745
ENC00098,v6,0.022607533651295097,0.9706790507473844,0.006713416741942947
ENC00103,v6,0.012106912711505383,0.5893746966925951,0.3985183866551289
ENC00106,v6,0.014089495900867905,0.6646901246762171,0.3212203817466461
ENC00111,v6,0.01399495616868975,0.9815953141227763,0.004409730026030285
ENC00113,v6,0.0,0.9949055971243442,0.0050944048965063235
ENC00121,v6,0.023135191053720496,0.9722641236345533,0.004600685294236586
ENC00125,v6,0.02977232977181025,0.9646025490069735,0.0056251245162760215
ENC00128,v6,0.031349231825515744,0.9625371478032321,0.006113620876021741
ENC00130,v6,0.0313001931345428,0.9645002818944162,0.0041995261229400395
ENC00133,v6,0.024716404734577223,0.9714842334534358,0.0037993649862824207
ENC00143,v6,0.023562262737868878,0.9702285397797823,0.00620919186349056
ENC00149,v6,0.020497579806273418,0.9735649776346279,0.005937442142859031
ENC00151,v6,0.0,0.9943919695656875,0.005608032646203606
ENC00159,v6,0.014405772650531333,0.5869896590330039,0.39860457485648476
ENC00162,v6,0.019417551799965693,0.9740870340826547,0.006495415377265154
ENC00164,v6,0.019606469515942932,0.5763757424235838,0.40401778824596485
ENC00167,v6,0.01466297071116666,0.980866977880741,0.0044700507845344215
ENC00170,v6,0.02573877403046936,0.575047564777461,0.3992136552929878
ENC00171,v6,0.02356985323981812,0.9700847657827231,0.006345384195670844
ENC00173,v6,0.01971196262650968,0.5800473250448703,0.4002407127370437
ENC00188,v6,0.016662565565339345,0.9788345575332642,0.004502876114565879
ENC00191,v6,0.03210891560257341,0.5706463735073041,0.3972447073230377
ENC00192,v6,0.01824989353009887,0.5889491248974758,0.392800985184391
ENC00193,v6,0.011839730414659392,0.9840304304000943,0.004129843170440561
ENC00202,v6,0.019534283874448014,0.9753757198020895,0.005089999791284008
ENC00208,v6,0.013341642494735963,0.9820636099687329,0.004594746490949075
ENC00209,v6,0.02339811585619448,0.9713933455115333,0.00520854167027628
ENC00210,v6,0.018600101675407064,0.5825602351515381,0.398839660540775
ENC00214,v6,0.0,0.9944975499122862,0.005502449104651099
ENC00217,v6,0.019154566261316026,0.9769338322436716,0.003911602474917753
ENC00237,v6,0.03470900877882555,0.9583486756499933,0.006942313630133867
ENC00238,v6,0.02217490761942262,0.973488574397975,0.004336517218877722
ENC00250,v6,0.021716781934889354,0.5859296872357654,0.39235352862412765
ENC00255,v6,0.022605174601515704,0.5901082219973288,0.387286604102192
ENC00256,v6,0.02455884957723073,0.9700706806403911,0.0053704696466887235
ENC00259,v6,0.031316110012994613,0.9625788424164057,0.006105046678385406
ENC00260,v6,0.022539599505703774,0.972417813475414,0.00504258553802927
ENC00263,v6,0.018775584544943418,0.5893169052339013,0.39190751331389984
ENC00264,v6,0.02528885813600919,0.968163746278643,0.006547397793302142
ENC00267,v6,0.015972177777439357,0.6692859783059075,0.3147418447193645
ENC00270,v6,0.029272833635478314,0.9644050454374534,0.006322123539685529
ENC00271,v6,0.021319712033800897,0.9742755761835724,0.004404713369694946
ENC00272,v6,0.015237788987156022,0.6696188088080183,0.31514339838454974
ENC00275,v6,0.01202441695935482,0.98335724649295,0.004618334971989195
ENC00289,v6,0.016027127268898766,0.9787103531416506,0.005262516655420768
ENC00291,v6,0.021679390858738653,0.9717323184013367,0.006588288330503049
ENC00292,v6,0.016748475148953598,0.9788037813626803,0.0044477420692580726
ENC00294,v6,0.02992842542473227,0.9637067142128944,0.006364864981733263
ENC00296,v6,0.02347029286863807,0.5819960816130454,0.3945336218367624
ENC00298,v6,0.024274544844714304,0.9688768463002311,0.006848605231951094
ENC00304,v6,0.026854649771848926,0.5763033658731729,0.39684198645409197
ENC00306,v6,0.01373223005930147,0.9821913716388725,0.004076394788942664
ENC00310,v6,0.01792073283741047,0.653068600455299,0.3290106687345542
ENC00319,v6,0.024973640136091584,0.9685332332270212,0.006493128668778692
ENC00323,v6,0.022237968834815547,0.9713085763156414,0.0064534565462963656
ENC00326,v6,0.0183645353841263,0.5826070930989303,0.3990283667516078
ENC00327,v6,0.022314349360385677,0.5928679732605815,0.3848176838364452
ENC00329,v6,0.024898109844145484,0.9699473633215978,0.0051545269148519784
ENC00330,v6,0.025763651100978096,0.9697662125876609,0.0044701287604650445
ENC00336,v6,0.027121091927578556,0.9678715124160429,0.005007394179819694
ENC00337,v6,0.02052151351830268,0.9751581885713212,0.004320301383020396
ENC00341,v6,0.023838700860409446,0.9718282469728375,0.004333050174185831
ENC00344,v6,0.01824513274776049,0.6570551028428984,0.3246997634857154
ENC00349,v6,0.013191957546833662,0.9823063124892533,0.004501722206021109
ENC00358,v6,0.0,0.9944025462323969,0.00559745461425998
ENC00359,v6,0.024781481386033706,0.5790354721453967,0.396183047176066
ENC00360,v6,0.023016794246359495,0.9722762720193714,0.004706930463726167
ENC00362,v6,0.005052387007662669,0.9904389104457817,0.004508700523986434
ENC00368,v6,0.01704207040485926,0.9774980825185776,0.0054598502360749986
ENC00372,v6,0.01343810716927581,0.9821375109217494,0.004424376363587107
ENC00376,v6,0.01723975288078714,0.5829715109788455,0.39978873882538235
ENC00381,v6,0.017602446297995556,0.5824389818387153,0.39995857523037837
ENC00382,v6,0.027294987420891485,0.9668795491652514,0.005825464760332748
ENC00386,v6,0.01574844870452039,0.9797582449139776,0.0044932988727138055
ENC00389,v6,0.02271338336300332,0.9728195580040536,0.004467059450689703
ENC00390,v6,0.019413966884163057,0.6487118167392278,0.3318742151651005
ENC00392,v6,0.030068143789855697,0.9636978305394377,0.0062340263124388545
ENC00393,v6,0.020099143755900533,0.976201564416118,0.0036992941957620113
ENC00402,v6,0.026275473210688044,0.9693558416715482,0.004368684823602075
ENC00403,v6,0.03400613977173243,0.9597339546808632,0.006259904550989309
ENC00405,v6,0.018421985329881024,0.6529251583493673,0.32865285909233183
ENC00413,v6,0.024563231350233156,0.5711021747947299,0.4043345987237115
ENC00414,v6,0.020459428898902843,0.9754583830945194,0.004082191498127941
ENC00418,v6,0.0329860084629535,0.9617337566861034,0.005280230475380223
ENC00419,v6,0.021074999726720545,0.5884759962558747,0.39044900222828516
ENC00424,v6,0.027586665448792482,0.9659140140091608,0.006499319324492041
ENC00428,v6,0.017372862017157698,0.5775334890330991,0.40509364862115155
ENC00432,v6,0.025405916713766363,0.9685044774883672,0.006089609943477339
ENC00433,v6,0.01649229236102971,0.9791588716772923,0.00434883616250602
ENC00435,v6,0.0,0.9943091468564396,0.0056908521078655435
ENC00436,v6,0.023577873258747988,0.9719328109234099,0.004489314337704508
ENC00441,v6,0.02352636724096188,0.9705597568065563,0.005913880102564283
ENC00443,v6,0.015874208049633756,0.5767513883228486,0.40737440523046714
ENC00444,v6,0.019865086676156895,0.9757601750178599,0.004374737848571729
ENC00451,v6,0.017944153880913898,0.9762894346689185,0.005766410463062736
ENC00453,v6,0.021906330885831268,0.97144063860178,0.006653028763830662
ENC00456,v6,0.02186757852999313,0.9722165059178106,0.0059159169989382665
ENC00457,v6,0.028647001483477652,0.9658224734549339,0.005530525902241397
ENC00459,v6,0.027363282873945897,0.9658451104817325,0.006791608977412218
ENC00461,v6,0.0242743083564714,0.970207198418398,0.005518489757572664
ENC00444,v6,0.019865086676156895,0.9757601750178599,0.004374737848571729
ENC00449,v6,0.02583471003911136,0.9672974632165142,0.006867826540919595
ENC00451,v6,0.017944153880913898,0.9762894346689185,0.005766410463062736
ENC00453,v6,0.021906330885831268,0.97144063860178,0.006653028763830662
ENC00456,v6,0.02186757852999313,0.9722165059178106,0.0059159169989382665
ENC00457,v6,0.028647001483477652,0.9658224734549339,0.005530525902241397
ENC00459,v6,0.027363282873945897,0.9658451104817325,0.006791608977412218
ENC00461,v6,0.0242743083564714,0.970207198418398,0.005518489757572664
ENC00462,v6,0.02416919430663042,0.5838567036039689,0.39197409966913593
ENC00463,v6,0.028431252618743616,0.9644253768704154,0.007143373288933865
ENC00464,v6,0.016060985438720515,0.6414019487891736,0.3425370671759091
ENC00465,v6,0.027199314756676404,0.5773890989296364,0.39541158892891626
ENC00469,v6,0.0203369723069351,0.9744966219518786,0.0051664017069057745
ENC00471,v6,0.01931439479291717,0.9758899549939739,0.004795654039176654
ENC00474,v6,0.021210397269454933,0.9744051452552047,0.004384454177087608
ENC00475,v6,0.01993534453989317,0.975921529310721,0.004143132840392444
ENC00477,v6,0.011591481497614749,0.983449315977475,0.004959206365691941
ENC00478,v6,0.02768041281029582,0.9660786839893886,0.0062409008014947176
ENC00479,v6,0.022494572017560988,0.9734335692489848,0.004071857483016656
ENC00482,v6,0.03310471024188696,0.9611913621113563,0.005703927723554338
ENC00489,v6,0.021715404264760176,0.9741751422966104,0.004109449851806665
ENC00490,v6,0.012450151923760656,0.5902377907762822,0.39731205477542486
ENC00492,v6,0.01848818205608717,0.976948388598182,0.004563429641098646
ENC00511,v6,0.020999486060637947,0.9740548523572775,0.004945666549138279
ENC00513,v6,0.022929813652749983,0.5898893744714798,0.3871808085710772
ENC00519,v6,0.028640105590081767,0.9652719152429716,0.00608797601800758
ENC00524,v6,0.03223170997989655,0.9616443330887705,0.00612395795633347
ENC00529,v6,0.023939002056591486,0.969346902757415,0.006714093886530368
ENC00538,v6,0.022567313505744892,0.971598062204988,0.005834626668604881
ENC00543,v6,0.0232616477332325,0.9723459530849846,0.004392398562881031
ENC00548,v6,0.025065796153450556,0.9701631011126878,0.004771100190867271
ENC00550,v6,0.02259584983039531,0.5760294971987605,0.401374657289125
ENC00559,v6,0.018691580447921297,0.9752285138238221,0.006079903305362677
ENC00562,v6,0.0264942249865784,0.9672358293365276,0.006269943141398976
ENC00563,v6,0.017997092417446185,0.9776859221034025,0.004316984847704855
ENC00571,v6,0.024370364621281625,0.9707727857430776,0.004856848552202185
ENC00573,v6,0.026937968889883472,0.9669511569031762,0.0061108759484291755
ENC00575,v6,0.032915652206828516,0.9607579235107668,0.006326423618461817
ENC00577,v6,0.026192667955135713,0.9672916035671704,0.00651572901110516
ENC00580,v6,0.018169484776860503,0.9775113625718015,0.00431915213110707
ENC00581,v6,0.021558099071654478,0.9730188658200397,0.005423035324247158
ENC00587,v6,0.01475263454252854,0.9813082832098007,0.003939079676638357
ENC00590,v6,0.022017839486495806,0.9718945726370201,0.006087587125456104
ENC00591,v6,0.01542981345603091,0.9805207420764357,0.004049448333747471
ENC00592,v6,0.032946702881307195,0.9608883939722859,0.006164902090661661
ENC00596,v6,0.01894835077505996,0.6549749581466818,0.32607668932055084
ENC00598,v6,0.03331502530768159,0.9603464498406364,0.006338527045833568
ENC00600,v6,0.01196763074179986,0.9834511787272416,0.004581190519205008
ENC00606,v6,0.02129099411897576,0.7084279938489811,0.27028100928406656
ENC00608,v6,0.02465810352731819,0.9688113889942279,0.006530507983144566
ENC00620,v6,0.01992928707535354,0.6632455210242651,0.3168251921249702
ENC00631,v6,0.020229711014533712,0.9748649828344862,0.004905305664646918
ENC00637,v6,0.014625635553510433,0.5902564001370625,0.3951179690389748
ENC00640,v6,0.01120642267538679,0.6583100445379461,0.3304835314375495
ENC00643,v6,0.01916029355461486,0.58816017846615,0.3926795245262614
ENC00657,v6,0.023329876642997585,0.9707270339131355,0.005943093608948402
ENC00661,v6,0.019894719834651346,0.9745536225813406,0.005551659935720698
ENC00665,v6,0.01858054332106429,0.9761276693905101,0.005291785199797767
ENC00667,v6,0.03293093548466762,0.5637755101635342,0.4032935545558021
ENC00671,v6,0.00817439770524172,0.6026956227654261,0.3891299760088007
ENC00694,v6,0.023483798060227525,0.9698295849742311,0.006686617103828625
ENC00696,v6,0.0193395673641976,0.5737754629046906,0.4068849701188209
ENC00697,v6,0.01335527677798555,0.9821888520604088,0.004455872830779602
ENC00711,v6,0.02767197340607452,0.9680244853863349,0.00430354082550949
ENC00717,v6,0.013935970309255427,0.9814640416655429,0.004599986344489247
ENC00720,v6,0.024505711583928627,0.9694841222329573,0.00601016778647053
ENC00721,v6,0.01332763288823415,0.6332766864430251,0.3533956796968754
ENC00727,v6,0.020064496800744083,0.9736998709299232,0.006235634865519661
ENC00729,v6,0.01988845687628782,0.5799795899074525,0.40013195073697716
ENC00730,v6,0.022519069121717805,0.9714710074241715,0.006009923436471986
ENC00734,v6,0.01786642211573053,0.5829217461869121,0.39921182952821255
ENC00744,v6,0.016433131491319964,0.6437496086177619,0.3398172596226568
ENC00747,v6,0.028799119293798654,0.9647282846489845,0.006472596051770518
ENC00748,v6,0.02814150971172405,0.9675687768776429,0.00428971398926886
ENC00749,v6,0.022034581389561936,0.9734235932119191,0.004541826536296867
ENC00752,v6,0.017845958481067337,0.592933252558008,0.3892207827184584
ENC00753,v6,0.017902408057629975,0.6486935677555944,0.33340402016405424
ENC00757,v6,0.01598308997345157,0.5856470428407192,0.398369868658483
ENC00759,v6,0.029882338491450177,0.9643495827913284,0.005768081411810183
ENC00762,v6,0.017351135096596505,0.5819652616662323,0.40068360579707635
ENC00765,v6,0.009440458269027358,0.5885644453567463,0.4019950913203942
ENC00771,v6,0.018831430379826868,0.9760456525438554,0.005122919446166559
ENC00772,v6,0.03800311966196579,0.9558245567714467,0.006172325514147387
ENC00778,v6,0.02081892084077066,0.9746555385359547,0.004525542037618722
ENC00787,v6,0.01132386326789856,0.5917121533085318,0.3969639835988774
ENC00788,v6,0.02059798717447039,0.9737059884601169,0.0056960222117292385
ENC00792,v6,0.019657451115213703,0.5788364583635565,0.4015060972991248
ENC00797,v6,0.011648070962417503,0.5935025855968815,0.3948493434789595
ENC00801,v6,0.0,0.9947319074913308,0.005268092537413777
ENC00802,v6,0.025560034904628992,0.9701325351235557,0.004307430878802502
ENC00807,v6,0.0,0.9950241099704396,0.004975893958048387
ENC00808,v6,0.02445970289318211,0.9696932325605303,0.005847066396199807
ENC00812,v6,0.01794667162507642,0.9774257161638193,0.0046276147737731475
ENC00813,v6,0.01740495428661646,0.9781576834226909,0.004437363795608071
ENC00815,v6,0.012870964916071035,0.663533278324637,0.3235957616347871
ENC00830,v6,0.018737561996849304,0.9762738067344581,0.0049886311034999745
ENC00832,v6,0.0,0.6172361692477917,0.3827638256138769
ENC00838,v6,0.028221916482185146,0.9659846797585487,0.005793408776212129
ENC00845,v6,0.014957778945223555,0.5938647375304318,0.39117748391698803
ENC00848,v6,0.020392581512016922,0.5971575718240689,0.3824498452208369
ENC00849,v6,0.025488300277374504,0.9700814691985525,0.004430224515906558
ENC00403,v7,0.020341538828021536,0.6010712633530298,0.3785872037212054
ENC00405,v7,0.014128938253968954,0.6760701460838318,0.309800910115242
ENC00413,v7,0.022071392716018743,0.5982979568102027,0.3796306502434515
ENC00414,v7,0.014984183078922797,0.6850969470106065,0.2999188737012446
ENC00418,v7,0.022111194720072253,0.6725171938672796,0.30537161231040955
ENC00419,v7,0.019214546329087832,0.609263134544546,0.3715223241936077
ENC00424,v7,0.024749029390809554,0.9686293739175039,0.006621597238653709
ENC00428,v7,0.014827771177515388,0.6822478942871094,0.3029243358373642
ENC00432,v7,0.01627643742575878,0.6687971755741088,0.3149263884236173
ENC00433,v7,0.01441393708407787,0.9816876616742876,0.0038984049468036787
ENC00435,v7,0.0,0.9947338369157579,0.005266159674566653
ENC00436,v7,0.01730274666413551,0.602520580965144,0.38017666863121147
ENC00441,v7,0.016508541058474144,0.6001040696120653,0.3833873919287666
ENC00443,v7,0.013585434305701362,0.9815091015247817,0.00490546816426298
ENC00444,v7,0.012477918114877284,0.6810355437429327,0.3064865408311213
ENC00451,v7,0.016074159871596768,0.977667614513514,0.0062582193355893295
ENC00453,v7,0.01717148219421506,0.9749290289878845,0.007899482050910593
ENC00457,v7,0.023118572074646522,0.9707008239326127,0.006180605825481065
ENC00459,v7,0.02009514300664375,0.9733691516813341,0.00653570836952345
ENC00461,v7,0.01824151218721741,0.6189824072938216,0.36277608620493035
ENC00462,v7,0.020850115448986885,0.597710606005552,0.3814392793092796
ENC00444,v7,0.012477918114877284,0.6810355437429327,0.3064865408311213
ENC00449,v7,0.020153444025077318,0.9736307263374329,0.006215827814058253
ENC00451,v7,0.015044939064543055,0.9785650336381161,0.0063900319257318376
ENC00453,v7,0.01717148219421506,0.9749290289878845,0.007899482050910593
ENC00457,v7,0.023236207275320428,0.9705872205663318,0.006176567646051364
ENC00459,v7,0.02009514300664375,0.9733691516813341,0.00653570836952345
ENC00461,v7,0.017635696332412538,0.6219446207537795,0.36041967585833384
ENC00462,v7,0.020850115448986885,0.597710606005552,0.3814392793092796
ENC00463,v7,0.020855776168990973,0.6005715235205721,0.37857269378733044
ENC00464,v7,0.010914900462951634,0.7002629290570269,0.2888221709610342
ENC00465,v7,0.016497705510648136,0.6923693120479584,0.2911329835653305
ENC00469,v7,0.01531334691182045,0.5996513017586299,0.38503535389900206
ENC00471,v7,0.014615954394504336,0.602083216542783,0.3833008280822209
ENC00474,v7,0.013033536878803114,0.6527317978265718,0.3342346632339823
ENC00475,v7,0.011881128186360002,0.9839177735977702,0.004201099156085143
ENC00477,v7,0.009180649043992161,0.6993462708261278,0.2914730855160289
ENC00478,v7,0.018788928425182466,0.6036403313927029,0.37757074418275255
ENC00479,v7,0.01766488453491576,0.6975161707590497,0.28481894589605783
ENC00482,v7,0.024016984458011325,0.7061858882186234,0.2697971306180441
ENC00489,v7,0.018564080849289896,0.9773764472007751,0.004059472572989762
ENC00490,v7,0.009196103067514448,0.6165909205586457,0.37421297879258464
ENC00492,v7,0.01878232281832468,0.5934452874319894,0.38777238726615904
ENC00511,v7,0.014574478531149446,0.6841273048862082,0.30129821598529816
ENC00513,v7,0.017514315196152392,0.5961688004691025,0.38631688253632906
ENC00519,v7,0.01914919495860907,0.5956479691225907,0.38520283466097954
ENC00524,v7,0.026241597184247668,0.9667875759903042,0.0069708246764480725
ENC00529,v7,0.01838071064254188,0.6076856249052546,0.37393366998952365
ENC00538,v7,0.01545468779532091,0.5973226101625533,0.3872227023045222
ENC00543,v7,0.017730629911703856,0.9768159174427544,0.00545345039764592
ENC00548,v7,0.020086621632799506,0.6019036796357896,0.3780096994505988
ENC00550,v7,0.017037264521118915,0.6757627350010283,0.3072000005065578
ENC00559,v7,0.013562781972148897,0.6869590796138111,0.2994781400224096
ENC00562,v7,0.02090300149742331,0.6625596802742755,0.31653732207954904
ENC00563,v7,0.015369098609441826,0.688862027793095,0.2957688766991955
ENC00571,v7,0.01611239209757256,0.605574975262827,0.3783126293278452
ENC00573,v7,0.016986934979721695,0.5991845689189266,0.38382849810828623
ENC00575,v7,0.024268907211397007,0.9682591758344484,0.007471918439715291
ENC00577,v7,0.019455794112532045,0.6145388103764633,0.36600539576390695
ENC00580,v7,0.015572355255218488,0.6791770957765125,0.3052505569798606
ENC00581,v7,0.014414023950498981,0.672110232596214,0.3134757417898912
ENC00587,v7,0.013440287877314203,0.6213001191146731,0.36525959316201095
ENC00590,v7,0.019160389157915764,0.9756082945530957,0.005231317619119983
ENC00591,v7,0.013008323566694008,0.6549496820098475,0.33204199389407507
ENC00592,v7,0.025772335276327617,0.9684846448752046,0.005743022699571826
ENC00596,v7,0.015971135172943494,0.6888366610602995,0.29519220329491436
ENC00598,v7,0.016923973276216076,0.6847410153036249,0.2983350104665103
ENC00600,v7,0.009123795295500772,0.6981246782110092,0.2927515246766679
ENC00606,v7,0.018158087083819982,0.7216328473352804,0.2602090662935885
ENC00608,v7,0.018325716679439295,0.598649874214054,0.3830244095288506
ENC00620,v7,0.01521078879550959,0.6831947198280921,0.30159449118834275
ENC00631,v7,0.017050221748650073,0.6125690966844559,0.37038067549467085
ENC00637,v7,0.011653383587966266,0.6189863519761168,0.3693602678266544
ENC00640,v7,0.011718109894452065,0.6727741054246124,0.3155077817574353
ENC00643,v7,0.013463765364246105,0.6219314180991866,0.36460481787269766
ENC00657,v7,0.012571083343792575,0.6558035802333912,0.33162533697929786
ENC00661,v7,0.015815273933445236,0.6140768240605082,0.37010789902082514
ENC00665,v7,0.014811205212026834,0.6540017045965982,0.3311870934766367
ENC00667,v7,0.019678009151503806,0.6725701602493844,0.30775182845631266
ENC00671,v7,0.005721400414924483,0.6887177288039656,0.3055608749143348
ENC00694,v7,0.01583684056656051,0.673330984042801,0.31083217183597217
ENC00696,v7,0.017124368150652658,0.6031946491713476,0.3796809773252468
ENC00697,v7,0.010103659937158227,0.6083099015478818,0.38158643864235786
ENC00711,v7,0.013585759978332933,0.605324910920963,0.3810893386079554
ENC00717,v7,0.010337554559704256,0.6720305675810033,0.31763187538493765
ENC00720,v7,0.014590122132677208,0.9805391628420754,0.0048707140259068
ENC00721,v7,0.01055137039029746,0.6531204488770715,0.3363281849386363
ENC00727,v7,0.015967109912796127,0.6601343077998008,0.32389858533297816
ENC00729,v7,0.017305231363173912,0.6070288771932776,0.37566588683561847
ENC00730,v7,0.013975004075227056,0.681678045922377,0.3043469508567194
ENC00734,v7,0.013541303494373175,0.6838014778189772,0.30265722300593306
ENC00744,v7,0.014445816101144674,0.6669585363378803,0.31859564925860434
ENC00747,v7,0.02889864435236828,0.9646402538991442,0.006461102967424428
ENC00748,v7,0.01853424337660444,0.5954164776308783,0.3860492774124803
ENC00749,v7,0.0160001574603144,0.5880725042510578,0.3959273320572977
ENC00752,v7,0.010133299873476581,0.6855055387531008,0.3043611576514585
ENC00753,v7,0.013161749438976572,0.6626305761544601,0.32420767120261124
ENC00757,v7,0.01248502161815367,0.6884242934463298,0.29909068464705374
ENC00759,v7,0.019274263952083728,0.5976966865412838,0.3830290509687437
ENC00762,v7,0.013562432519393042,0.6017198846675456,0.3847176774870604
ENC00765,v7,0.009019674199265897,0.9863522255092586,0.004628102912422304
ENC00771,v7,0.01666282254007805,0.9775210016905659,0.00581616650787041
ENC00772,v7,0.02468861283786181,0.6781795333932947,0.2971318535230778
ENC00778,v7,0.01185181979159477,0.6581348002846561,0.33001337945461273
ENC00787,v7,0.007397301609411703,0.6113540301365512,0.38124866916665007
ENC00788,v7,0.014172326190453163,0.7164596390903444,0.2693680379175602
ENC00792,v7,0.011045075418759686,0.6885067386220592,0.3004481881394867
ENC00797,v7,0.009596527739496971,0.7037398776522389,0.2866635958629626
ENC00801,v7,0.0,0.6093858524754241,0.39061415094781565
ENC00802,v7,0.020385256306414145,0.9762241215590971,0.003390618358705058
ENC00807,v7,0.0,0.9959700711621534,0.004029927134588861
ENC00808,v7,0.019456761687604796,0.9730950006798132,0.007448232072447218
ENC00812,v7,0.015499858194039212,0.604036288755434,0.38046384609497347
ENC00813,v7,0.01349233238715527,0.9828511491054441,0.003656515591338701
ENC00815,v7,0.010816105794797222,0.689099362445256,0.3000845288236936
ENC00830,v7,0.017425587802373486,0.6065240578913907,0.37605035824513217
ENC00832,v7,0.0,0.9954074873762616,0.004592509557477246
ENC00838,v7,0.02315334536048562,0.6759195327758789,0.300927123184814
ENC00845,v7,0.012905996888655964,0.6149570317718926,0.37213696551135206
ENC00848,v7,0.017817158685174098,0.6237725178862727,0.35841032689393953
ENC00849,v7,0.020414539257187274,0.6802173990469712,0.29936806759336493
