encounter_id,version,image_avg,text_avg,sink_avg
ENC00002,v1,0.03814447958205567,0.04483479524000746,0.9170207283535942
ENC00003,v1,0.041144552999841315,0.9571166532380241,0.0017387917983190467
ENC00004,v1,0.038556965148697296,0.05985739332934221,0.9015856417020162
ENC00006,v1,0.04001294512755605,0.0489561904707,0.9110308630125863
ENC00007,v1,0.04421739207787646,0.0523748138298591,0.9034077968862322
ENC00008,v1,0.03205134485857469,0.0477604420652779,0.9201882133389464
ENC00013,v1,0.039497749756951375,0.04562982421298072,0.9148724185970595
ENC00014,v1,0.018669147468586958,0.05980807867380652,0.9215227754989473
ENC00017,v1,0.03567399191329392,0.05901189411922199,0.9053141118549719
ENC00022,v1,0.05227652846369892,0.045112222976361714,0.9026112496852875
ENC00023,v1,0.02966459688967934,0.05106104006442953,0.9192743611102011
ENC00024,v1,0.02819636963451138,0.06211545089116463,0.9096881747245789
ENC00031,v1,0.029434094144760267,0.051745192208529814,0.918820716764616
ENC00034,v1,0.04743643844689148,0.04932848499089047,0.9032350744026295
ENC00043,v1,0.03415070430988946,0.059768073374360076,0.9060812221794594
ENC00052,v1,0.04346707026474178,0.049752731043845415,0.906780195236206
ENC00063,v1,0.03913697669392123,0.057822924633236496,0.9030400942353641
ENC00064,v1,0.03861708761797401,0.05679099238886122,0.9045919221744203
ENC00065,v1,0.03567216520446657,0.047073925467263356,0.9172539120853538
ENC00067,v1,0.037035150525088496,0.04676346425922253,0.9162013851679288
ENC00080,v1,0.055924864443527025,0.9410792629827153,0.002995867872166193
ENC00081,v1,0.032194596227696715,0.054730926497894176,0.9130744765786564
ENC00084,v1,0.04027972332598855,0.9597202764182794,0
ENC00088,v1,0.039197692359850655,0.04793048357757611,0.9128718279241547
ENC00089,v1,0.03818262322721156,0.04511615211482752,0.9167012252590873
ENC00090,v1,0.04132331125224116,0.048413546284896206,0.9102631416814081
ENC00096,v1,0.045200212647345056,0.04290210264217523,0.9118976813775522
ENC00098,v1,0.03570801856750179,0.9642919834171023,0
ENC00103,v1,0.019876544831574642,0.05344988698647781,0.9266735737973993
ENC00106,v1,0.026028939570562962,0.06041712980144299,0.9135539279534266
ENC00111,v1,0.027383948725020122,0.05639364598535521,0.9162224059881166
ENC00113,v1,0,0.06299562948098515,0.9370043685331064
ENC00121,v1,0.03476222462824777,0.04924899151023382,0.9159887804944291
ENC00125,v1,0.0421300366288051,0.04644564243964851,0.9114243221282959
ENC00128,v1,0.044323648766724656,0.048501467632670554,0.9071748865548
ENC00130,v1,0.04181098476476451,0.9581890135708422,0
ENC00133,v1,0.04456782990737873,0.05197301779818885,0.9034591471447664
ENC00143,v1,0.048293679704005686,0.04802226186019637,0.9036840559062311
ENC00149,v1,0.03163726512146624,0.042432048867799735,0.9259306901379636
ENC00151,v1,0,0.07377371280530437,0.92622629443153
ENC00159,v1,0.02337768171925009,0.056340450953160016,0.9202818664766493
ENC00162,v1,0.03435917556231474,0.044809825385302086,0.9208309981074646
ENC00164,v1,0.02714864297125202,0.055891082514650546,0.9169602778095466
ENC00167,v1,0.02410278574615303,0.054583882126543255,0.9213133341736264
ENC00170,v1,0.03757605521695305,0.04865141695114315,0.9137725267849915
ENC00171,v1,0.03907214796069909,0.05537677045307449,0.9055510856009819
ENC00173,v1,0.03918898894394539,0.05076262407118873,0.910048388096751
ENC00188,v1,0.02641954913160929,0.05147787265340301,0.9221025794465966
ENC00191,v1,0.048473117390164626,0.04295315707309379,0.9085737279167881
ENC00192,v1,0.030790322532429713,0.04963603652580533,0.9195736369421316
ENC00193,v1,0.029974099515140594,0.05890102325433708,0.9111248743103211
ENC00202,v1,0.02837602035034188,0.05380406644368588,0.9178199151227641
ENC00208,v1,0.021786955260168547,0.05876746857217673,0.9194455770240433
ENC00209,v1,0.04703766278301676,0.043665772762208704,0.9092965641665081
ENC00210,v1,0.034080018930965,0.058519831734399,0.907400150431527
ENC00214,v1,0,0.0885975355282426,0.9114024683833122
ENC00217,v1,0.041051268643316104,0.055285033912343136,0.9036637004683999
ENC00237,v1,0.0435113680208675,0.04474204538676601,0.9117465873177235
ENC00238,v1,0.037787683314172094,0.05297922896971176,0.9092330816504243
ENC00250,v1,0.03537289237913986,0.053664505150583054,0.9109626061386532
ENC00255,v1,0.03275748048706547,0.06106015231014918,0.9061823688123537
ENC00256,v1,0.040203595512557304,0.05536422397855712,0.9044321843947487
ENC00259,v1,0.04443188493742662,0.9555681160852021,0
ENC00260,v1,0.03357677756975502,0.045474516200040706,0.9209487131282464
ENC00263,v1,0.021411161012947558,0.06267468181749185,0.9159141596158346
ENC00264,v1,0.033574691973626614,0.05218876517507472,0.9142365417902982
ENC00267,v1,0.02834624274948831,0.048822223427979386,0.9228315362158943
ENC00270,v1,0.04406479511960921,0.04079524890034342,0.9151399563735639
ENC00271,v1,0.04255952610978269,0.051569062964739024,0.9058714074057501
ENC00272,v1,0.03142632204573601,0.05863444022834301,0.909939239025116
ENC00275,v1,0.02611277016944119,0.0636599875720484,0.9102272442408971
ENC00289,v1,0.02906873825316628,0.05553324747653235,0.9153980101857867
ENC00291,v1,0.03669357703780973,0.05524682686603689,0.9080595939190357
ENC00292,v1,0.02894732104548791,0.06188201599977386,0.9091706611740757
ENC00294,v1,0.043887918015631536,0.04368106912976752,0.9124310195446015
ENC00296,v1,0.037677422473207114,0.04888072077184916,0.9134418541193008
ENC00298,v1,0.041297699348069726,0.05392584577202797,0.9047764524817467
ENC00304,v1,0.043355485017869684,0.04791758916089459,0.9087269244686006
ENC00306,v1,0.03619186118101844,0.06589717360643241,0.8979109663229722
ENC00310,v1,0.03708839097453165,0.0440371276345104,0.9188744840212166
ENC00319,v1,0.04260227343507318,0.05806114700519376,0.8993365839123726
ENC00323,v1,0.04377298089996751,0.04289940787993114,0.9133276101844064
ENC00326,v1,0.03460996029946041,0.061699031662119895,0.9036910053418608
ENC00327,v1,0.03455433061812073,0.055654632030054926,0.9097910404205323
ENC00329,v1,0.04302876936715273,0.04787242402810426,0.9090988051323664
ENC00330,v1,0.03397624849873994,0.04674844769760966,0.9192753019077438
ENC00336,v1,0.035922974869267106,0.04791604384882461,0.9161609837768274
ENC00337,v1,0.025868703671933516,0.05732253131092242,0.9168087639238524
ENC00341,v1,0.032894409073397836,0.052546345787321,0.9145592495482019
ENC00344,v1,0.036939613311732,0.047352414246099865,0.9157079740088115
ENC00349,v1,0.024395861802622675,0.06376462145043271,0.9118395175252642
ENC00358,v1,0,0.07858000255118196,0.9214199896042163
ENC00359,v1,0.03952173180360761,0.05184173787840539,0.9086365315649244
ENC00360,v1,0.042640883818198486,0.05031102533750939,0.9070480921358433
ENC00362,v1,0.013001530037616334,0.07209314188609521,0.9149053267070225
ENC00368,v1,0.03979699345906888,0.046889234312230674,0.9133137750813342
ENC00372,v1,0.026865622112864113,0.060151451233639776,0.9129829299019043
ENC00376,v1,0.032637485821696025,0.0552771106786743,0.9120854101603544
ENC00381,v1,0.029825774707684393,0.05561518495118147,0.9145590451202894
ENC00382,v1,0.0435375084736101,0.05168024329063685,0.9047822531150735
ENC00386,v1,0.03672094400434826,0.050328988349065185,0.9129500664197482
ENC00389,v1,0.03891285956334108,0.0530089362813481,0.9080782053114353
ENC00390,v1,0.040012691502592394,0.05171581894336712,0.9082714886892409
ENC00392,v1,0.042726495227820814,0.042660084694978735,0.9146134211903527
ENC00393,v1,0.03408364783893576,0.047477320988930885,0.918439026606285
ENC00402,v1,0.03645507403901623,0.05174768824751178,0.911797239134709
ENC00403,v1,0.05036780625701912,0.948200564230642,0.0014316344236884946
ENC00405,v1,0.03271547530743259,0.05358740324326963,0.9136971207680525
ENC00413,v1,0.04138433698183262,0.052024908139404046,0.9065907540091549
ENC00414,v1,0.03812171636305958,0.05720851250062479,0.9046697688994007
ENC00418,v1,0.037682568606246136,0.048322861636828245,0.9139945748551138
ENC00419,v1,0.033348469606058286,0.05778977444784327,0.908861755669772
ENC00424,v1,0.04356749120806516,0.9564325125129135,0
ENC00428,v1,0.032960559810070615,0.05887595224929483,0.9081634916757283
ENC00432,v1,0.03973729151555083,0.9573977578770031,0.002864951781653376
ENC00433,v1,0.0365347178271887,0.055652238724922594,0.9078130478208716
ENC00435,v1,0,0.09613272288080418,0.9038672772320834
ENC00436,v1,0.03529872484740954,0.057501116614270056,0.9072001546244078
ENC00441,v1,0.036205743709500846,0.046063755411936455,0.9177305012190041
ENC00443,v1,0.027800139841727085,0.05900871606233219,0.91319114383724
ENC00444,v1,0.02061866158901742,0.05496076468114901,0.9244205704843155
ENC00451,v1,0.03477758813842938,0.05471326142259232,0.9105091528459028
ENC00453,v1,0.04159375482790724,0.05085097856095268,0.9075552666628802
ENC00456,v1,0.04137673646856854,0.048792581457425564,0.9098306820283528
ENC00457,v1,0.0461521346611206,0.04669268994657981,0.9071551766058411
ENC00459,v1,0.04197702490406611,0.05332373321147227,0.904699237608328
ENC00461,v1,0.03706088196029704,0.04500628495588899,0.917932836448445
ENC00444,v1,0.02061866158901742,0.05496076468114901,0.9244205704843155
ENC00449,v1,0.04705462305201698,0.9497720617608926,0.003173319428448671
ENC00451,v1,0.03477758813842938,0.05471326142259232,0.9105091528459028
ENC00453,v1,0.04159375482790724,0.05085097856095268,0.9075552666628802
ENC00456,v1,0.04137673646856854,0.048792581457425564,0.9098306820283528
ENC00457,v1,0.0461521346611206,0.04669268994657981,0.9071551766058411
ENC00459,v1,0.04197702490406611,0.05332373321147227,0.904699237608328
ENC00461,v1,0.03706088196029704,0.04500628495588899,0.917932836448445
ENC00462,v1,0.033518232447518545,0.05689265765249729,0.9095891069884252
ENC00463,v1,0.04427156629490441,0.9539141202795094,0.0018143138320361875
ENC00464,v1,0.03075657436599979,0.0630828132490059,0.9061606147072532
ENC00465,v1,0.03961750309063512,0.055417585382123054,0.9049649091414463
ENC00469,v1,0.04057221676074815,0.053211517526175485,0.9062162630937316
ENC00471,v1,0.0352452531259394,0.056595959239686376,0.9081587827566898
ENC00474,v1,0.026814998962631648,0.04959419271177497,0.9235908078753259
ENC00475,v1,0.02904712821279342,0.05141439130529761,0.9195384785532952
ENC00477,v1,0.030590324111097883,0.050441550381534486,0.9189681237471019
ENC00478,v1,0.043057550024241206,0.0463958606744806,0.9105465902222527
ENC00479,v1,0.03468162152720125,0.05143735563676608,0.9138810214243437
ENC00482,v1,0.045881039653481406,0.039917842520287995,0.9142011164715795
ENC00489,v1,0.05199118837657751,0.045677798056993825,0.902331014474233
ENC00490,v1,0.018589688648079705,0.050180148954192795,0.9312301614345648
ENC00492,v1,0.03691075281359446,0.9630892567145519,0
ENC00511,v1,0.041177801340102,0.05085180698034282,0.907970395225745
ENC00513,v1,0.03680262204187994,0.05029547128539819,0.9129019051026075
ENC00519,v1,0.04522401729229627,0.043444287444833876,0.9113316940811446
ENC00524,v1,0.048966906326456686,0.04460073203853007,0.9064323573969724
ENC00529,v1,0.037988248332921,0.05087449656178554,0.9111372583442264
ENC00538,v1,0.04123248261089126,0.9587675174077351,0
ENC00543,v1,0.03488417366718494,0.05068887417539231,0.9144269557832514
ENC00548,v1,0.03665122763900939,0.050374119850349126,0.9129746525974597
ENC00550,v1,0.03267005557273194,0.043161960279263514,0.92416798216956
ENC00559,v1,0.036035364460466165,0.046022969688887576,0.9179416692682675
ENC00562,v1,0.04662385968038359,0.04730167666550826,0.9060744635156683
ENC00563,v1,0.031040221800783065,0.05521202153253435,0.9137477549639615
ENC00571,v1,0.03837628131510601,0.050523767192360194,0.9110999547299885
ENC00573,v1,0.04107018703860896,0.045307216917475066,0.9136225916090466
ENC00575,v1,0.04195065214895667,0.049956337930873417,0.9080930122962365
ENC00577,v1,0.04208202796026824,0.04556038696318865,0.9123575889295147
ENC00580,v1,0.03572721019267074,0.9642727894167746,0
ENC00581,v1,0.04354382567860261,0.04469280253456096,0.9117633724453473
ENC00587,v1,0.03743122452379841,0.051474125908785744,0.9110946498419109
ENC00590,v1,0.039322395122757085,0.04749454134388974,0.913183069229126
ENC00591,v1,0.026883350054949823,0.056412855868763996,0.9167037937376235
ENC00592,v1,0.04123555371325288,0.03774162970683319,0.9210228187925864
ENC00596,v1,0.03239435239702015,0.050463019190986357,0.9171426291752579
ENC00598,v1,0.04766878423238681,0.046025809831917286,0.9063054092905738
ENC00600,v1,0.018875017936194415,0.06103470580358254,0.920090273179506
ENC00606,v1,0.04210959187950249,0.04409881395598252,0.9137915898252417
ENC00608,v1,0.04485943456571819,0.041028668597826494,0.9141118932461393
ENC00620,v1,0.041566695086658,0.05108082243519971,0.9073524796045743
ENC00631,v1,0.03757286881937564,0.962427132916682,0
ENC00637,v1,0.02419998623164637,0.05485139698158581,0.9209486200259283
ENC00640,v1,0.024619734985186013,0.06020100269375778,0.9151792664353441
ENC00643,v1,0.028883509729795233,0.058849802093193085,0.9122666887717672
ENC00657,v1,0.03784959758942326,0.054956900427738826,0.9071935033798217
ENC00661,v1,0.03421356131469733,0.05300000186421369,0.9127864335712633
ENC00665,v1,0.042687103705247864,0.05501582729630172,0.9022970750927926
ENC00667,v1,0.04024032448410048,0.9582049325779751,0.001554740821997224
ENC00671,v1,0.01653885626754559,0.06852184886879781,0.9149392969468061
ENC00694,v1,0.03756377684812133,0.9624362227680919,0
ENC00696,v1,0.03963749964674145,0.051478249447072966,0.9088842479859368
ENC00697,v1,0.01951526306067152,0.06901707385029447,0.9114676627673601
ENC00711,v1,0.037607953157823754,0.057219520129044264,0.9051725294660119
ENC00717,v1,0.025559553311073353,0.05416660958768001,0.9202738297837121
ENC00720,v1,0.04057838431783492,0.9594216188297996,0
ENC00721,v1,0.026995036932930816,0.06469379010377452,0.9083111714571714
ENC00727,v1,0.031004760384638893,0.0496869254659148,0.9193083187367054
ENC00729,v1,0.04251586491367421,0.049994007541010015,0.9074901273617377
ENC00730,v1,0.034997041733221754,0.9650029590196698,0
ENC00734,v1,0.037487864402274404,0.05918145539282366,0.9033306753912638
ENC00744,v1,0.031712807050456156,0.0599845103249791,0.9083026794905074
ENC00747,v1,0.053281811354009764,0.049281100771322695,0.8974370858103958
ENC00748,v1,0.04622427936129529,0.054947797316073,0.898827924125496
ENC00749,v1,0.044900530375132,0.9550994634628296,0
ENC00752,v1,0.03190335697795758,0.061436950941296184,0.9066596951554803
ENC00753,v1,0.03922040569135449,0.05563983986420291,0.9051397514867259
ENC00757,v1,0.02816600853577256,0.06039865713566542,0.911435333887736
ENC00759,v1,0.040593962020040314,0.048974842304670356,0.9104311903820762
ENC00762,v1,0.0240665164448605,0.0495417470238724,0.9263917354203887
ENC00765,v1,0.019168043134572064,0.06308124721914098,0.9177507075710573
ENC00771,v1,0.03357249781797369,0.049414651754392885,0.9170128477839973
ENC00772,v1,0.052717022225260736,0.0435919315723533,0.9036910479718988
ENC00778,v1,0.04318899575187123,0.956811008388049,0
ENC00787,v1,0.02165319511218916,0.058179757357398165,0.9201670447482339
ENC00788,v1,0.032564593046637516,0.05343676172196865,0.9139986445709151
ENC00792,v1,0.029344461172715657,0.0593266435381439,0.9113288993636767
ENC00797,v1,0.019989015729540687,0.056591048096426025,0.9234199355810117
ENC00801,v1,0,0.06494909086944284,0.9350509074357178
ENC00802,v1,0.04074477486288811,0.05186941155197122,0.9073858147935022
ENC00807,v1,0,0.08583006346598268,0.9141699388623238
ENC00808,v1,0.0460393441066441,0.953960658300041,0
ENC00812,v1,0.028910159079644542,0.0546966510771129,0.9163931911954513
ENC00813,v1,0.038718778475110106,0.04977985118360569,0.9115013691286246
ENC00815,v1,0.026127346694101015,0.057234281162311745,0.9166383677786523
ENC00830,v1,0.03404786809365831,0.9659521316780764,0
ENC00832,v1,0,0.08891583001241088,0.9110841616988182
ENC00838,v1,0.04137902091779224,0.044534974066274505,0.9140860064999088
ENC00845,v1,0.026221155052316255,0.0545505723895748,0.9192282725935397
ENC00848,v1,0.038962525599028755,0.04470045215693181,0.9163370236106541
ENC00849,v1,0.035055203039923474,0.05682102012603233,0.9081237763166428
ENC00002,v2,0.03653539061173797,0.04623318287730217,0.9172314262390137
ENC00003,v2,0.041933407127443284,0.04856856745865309,0.9094980268767385
ENC00004,v2,0.03847500015050173,0.062373348648349446,0.8991516478856405
ENC00006,v2,0.03818744956771587,0.055449432908342436,0.90636311848085
ENC00007,v2,0.037490614178234044,0.05379783711683603,0.9087115474689154
ENC00008,v2,0.03251784675730727,0.045802368209339105,0.9216797845995325
ENC00013,v2,0.0357941931378546,0.04519330491793567,0.919012508515654
ENC00014,v2,0.017448032315531114,0.06099471603565424,0.9215572499534459
ENC00017,v2,0.031982278901800186,0.05619487974225827,0.9118228431629098
ENC00022,v2,0.04693904744266574,0.04201668739986064,0.9110442622384028
ENC00023,v2,0.031286429957195064,0.053006228228861633,0.9157073431544833
ENC00024,v2,0.026101691664994826,0.062240600931857314,0.9116577012198311
ENC00031,v2,0.027023224453885285,0.051933808119169304,0.9210429723773684
ENC00034,v2,0.042002102897430844,0.05067230185063986,0.9073255969927861
ENC00043,v2,0.0299086201299286,0.05825573880681578,0.9118356400606583
ENC00052,v2,0.03691027408605942,0.04977156247903583,0.9133181597596856
ENC00063,v2,0.039570289253846765,0.054666181411081496,0.9057635287626074
ENC00064,v2,0.03693200937715602,0.057762093942713096,0.9053058984043362
ENC00065,v2,0.037032705238088964,0.051523513766005634,0.9114437770843505
ENC00067,v2,0.03523559438234026,0.05322862739082087,0.9115357778289102
ENC00080,v2,0.050620362212260565,0.9463602662086487,0.0030193646841992937
ENC00081,v2,0.02972010860219598,0.05295597440563142,0.917323916554451
ENC00084,v2,0.03738846883603956,0.04783909618696672,0.9147724322343277
ENC00088,v2,0.038160883558622634,0.0448545603537742,0.9169845556726262
ENC00089,v2,0.03864036393541919,0.05106652752325243,0.9102931040890363
ENC00090,v2,0.040394136059583856,0.04801696353672963,0.9115889027066852
ENC00096,v2,0.04144324261912154,0.044340503637145444,0.9142162562573998
ENC00098,v2,0.033751626882136246,0.06036163899528829,0.9058867368517043
ENC00103,v2,0.0171982466206685,0.05614469457855996,0.9266570619508332
ENC00106,v2,0.022954008011452733,0.052973448909574845,0.9240725426400294
ENC00111,v2,0.02375609460459263,0.05877446764965116,0.9174694374755576
ENC00113,v2,0.0,0.07164165701362349,0.9283583377088819
ENC00121,v2,0.03152202601389339,0.0501291911997315,0.9183487836961393
ENC00125,v2,0.0412363885717361,0.04598588535105282,0.9127777230064824
ENC00128,v2,0.04072193479275002,0.05098369347260279,0.9082943776074578
ENC00130,v2,0.04134706471238162,0.05182559724774335,0.9068273377942515
ENC00133,v2,0.037898365628969824,0.047662838362157345,0.9144387964544625
ENC00143,v2,0.04603922788181111,0.04637521834900746,0.9075855495583298
ENC00149,v2,0.031470067597603284,0.04258606299901238,0.9259438692377164
ENC00151,v2,0.0,0.07517810681691536,0.9248218930684603
ENC00159,v2,0.021642766159627288,0.05420506895444859,0.924152170104542
ENC00162,v2,0.033610181712353505,0.04597157098438221,0.9204182497417653
ENC00164,v2,0.02498433745215432,0.05369345876030051,0.921322205891976
ENC00167,v2,0.02150444108935326,0.05653838923683873,0.9219571771445098
ENC00170,v2,0.03485611832972305,0.053463394763336204,0.9116804860532284
ENC00171,v2,0.03437201941851527,0.04745129444636405,0.9181766867637634
ENC00173,v2,0.035618205984624535,0.051419988776055664,0.9129618062422826
ENC00188,v2,0.024931809419523113,0.054123837602041334,0.9209443512170211
ENC00191,v2,0.04623586673681673,0.04652543619863297,0.9072386992605109
ENC00192,v2,0.029096861910896703,0.05003906643319437,0.920864070601323
ENC00193,v2,0.027846847560233725,0.060026988961998325,0.9121261577547333
ENC00202,v2,0.02630786073859781,0.05148166874035572,0.9222104667375485
ENC00208,v2,0.019023611511908133,0.057682651158591565,0.9232937415892427
ENC00209,v2,0.043826789551530965,0.042246708791935816,0.9139265049248934
ENC00210,v2,0.03153026848514047,0.05766980964690447,0.9107999245325724
ENC00214,v2,0.0,0.08065028204503706,0.9193497168815742
ENC00217,v2,0.03846828673227594,0.05830361330132375,0.903228101374089
ENC00237,v2,0.04167865419250755,0.04525390885910898,0.9130674370054929
ENC00238,v2,0.03573875760518109,0.05338769035908995,0.9108735496484781
ENC00250,v2,0.030991751714750673,0.052167405007463516,0.9168408428779756
ENC00255,v2,0.02971665041536844,0.054917867968500664,0.9153654795734822
ENC00256,v2,0.03800395919895935,0.05642606872247487,0.9055699764228449
ENC00259,v2,0.05008972378219573,0.9495943407623135,0.0003159406834147747
ENC00260,v2,0.03257085127465495,0.049469283218025614,0.9179598645332756
ENC00263,v2,0.023821384211730086,0.06180959525570441,0.9143690252571963
ENC00264,v2,0.03047384022335921,0.050138538057098586,0.919387622755401
ENC00267,v2,0.02815399988795872,0.0495056402421108,0.9223403581866512
ENC00270,v2,0.04251902889061187,0.04277221643632012,0.9147087565490177
ENC00271,v2,0.042034271778950916,0.05229042191882577,0.9056753046744692
ENC00272,v2,0.02578327035192739,0.05561747286807407,0.9185992576859214
ENC00275,v2,0.022496701437322533,0.06409567797227818,0.9134076176320806
ENC00289,v2,0.0322727331394245,0.06106103956699371,0.9066662239757451
ENC00291,v2,0.033736859257000366,0.04890510284375133,0.9173580376165253
ENC00292,v2,0.023872211873644918,0.059306397193633925,0.916821391117282
ENC00294,v2,0.039972879382019696,0.04480165590278127,0.9152254651893269
ENC00296,v2,0.03627379753493837,0.04712712633467856,0.9165990806761242
ENC00298,v2,0.03845114572905004,0.05379816321656108,0.9077506914734841
ENC00304,v2,0.04119791515158411,0.0455990228342863,0.9132030593677306
ENC00306,v2,0.02818515832321002,0.06001355425342099,0.911801285141117
ENC00310,v2,0.03777984694378184,0.04724718758370727,0.9149729662707874
ENC00319,v2,0.0391114810918225,0.04728482441714732,0.9136036951094866
ENC00323,v2,0.03769582313652248,0.04203991363964864,0.9202642636512642
ENC00326,v2,0.029391864084719138,0.06364657630982959,0.9069615558341697
ENC00327,v2,0.03289898041101707,0.050697430212806156,0.9164035845469761
ENC00329,v2,0.03986884752909343,0.050091328813383976,0.9100398197770119
ENC00330,v2,0.03408561198923148,0.05295944512870751,0.9129549421762165
ENC00336,v2,0.036720562227336426,0.049311880637625496,0.9139675572514534
ENC00337,v2,0.025286452652561287,0.05191939754322881,0.9227941532929739
ENC00341,v2,0.029001494097417292,0.05703063865628424,0.9139678697042828
ENC00344,v2,0.03876478891984066,0.05148637758604452,0.9097488347221824
ENC00349,v2,0.02116087023904057,0.06288474021283419,0.9159543820117649
ENC00358,v2,0.0,0.0770776371161143,0.9229223581327908
ENC00359,v2,0.036755122177095874,0.051266965994404425,0.9119779169559479
ENC00360,v2,0.04166784893949421,0.054318749897029936,0.9040134026079761
ENC00362,v2,0.010793485096655786,0.06257929218838275,0.9266272212489176
ENC00368,v2,0.03606472180044951,0.04940133815740838,0.9145339366768589
ENC00372,v2,0.025458165199961514,0.060288842543959616,0.9142529964447021
ENC00376,v2,0.0297776821450925,0.056359397696263816,0.9138629242598292
ENC00381,v2,0.032365187784307636,0.0573164921758386,0.9103183144082626
ENC00382,v2,0.03980904558281365,0.05102524592688209,0.9091657048777531
ENC00386,v2,0.032999912667843814,0.05093078624527409,0.9160692989826202
ENC00389,v2,0.03488798517682547,0.050668363057828826,0.9144436520174009
ENC00390,v2,0.040802967282278196,0.05276197765377306,0.9064350576627822
ENC00392,v2,0.04100520512764598,0.04630546995366995,0.9126893281936646
ENC00393,v2,0.03164245726442651,0.05249202182810558,0.9158655254464401
ENC00402,v2,0.03739425442071529,0.049740157229459195,0.9128655878108317
ENC00403,v2,0.04678615923855722,0.04646906892279374,0.9067447720114717
ENC00405,v2,0.029843279885711105,0.050841784602358144,0.9193149336421763
ENC00413,v2,0.03829227412446729,0.05484280767976432,0.9068649233998479
ENC00414,v2,0.04111585553767065,0.05188557287772833,0.9069985727132377
ENC00418,v2,0.03732415619611618,0.04743586680622863,0.9152399731464074
ENC00419,v2,0.030311898620103497,0.05843551571379943,0.911252581929586
ENC00424,v2,0.04025737919050072,0.04520524373500172,0.9145373729390835
ENC00428,v2,0.02997846171880762,0.06148062632060968,0.9085409098710769
ENC00432,v2,0.04395206270129543,0.0486905557820491,0.9073573762336663
ENC00433,v2,0.033757108318455076,0.059175432294461074,0.9070674595879573
ENC00435,v2,0.0,0.0809122903575731,0.9190877093825229
ENC00436,v2,0.03221358310201027,0.05522669941772906,0.9125597188981731
ENC00441,v2,0.03496997900997642,0.045933050272087085,0.9190969754909647
ENC00443,v2,0.03241963748348086,0.06862849849340034,0.8989518627728501
ENC00444,v2,0.020488916925721985,0.05678772084928792,0.9227233625006401
ENC00451,v2,0.03249036385403836,0.05364441470626523,0.9138652212479536
ENC00453,v2,0.03600981889673285,0.04781539869379171,0.9161747828887327
ENC00456,v2,0.04202687876248682,0.05108225448812182,0.906890869140625
ENC00457,v2,0.038747001491459224,0.04248942250608286,0.9187635743795936
ENC00459,v2,0.04039218056401828,0.05399658044845593,0.9056112351940899
ENC00461,v2,0.03350516593545899,0.04046231795354445,0.9260325140522835
ENC00444,v2,0.020488916925721985,0.05678772084928792,0.9227233625006401
ENC00449,v2,0.04501535714759181,0.046803322496513526,0.9081813226143519
ENC00451,v2,0.03249036385403836,0.05364441470626523,0.9138652212479536
ENC00453,v2,0.03600981889673285,0.04781539869379171,0.9161747828887327
ENC00456,v2,0.04202687876248682,0.05108225448812182,0.906890869140625
ENC00457,v2,0.038747001491459224,0.04248942250608286,0.9187635743795936
ENC00459,v2,0.04039218056401828,0.05399658044845593,0.9056112351940899
ENC00461,v2,0.03350516593545899,0.04046231795354445,0.9260325140522835
ENC00462,v2,0.03163208317486211,0.054666596240937136,0.9137013210700109
ENC00463,v2,0.041588947630009136,0.04392397560615529,0.914487076235247
ENC00464,v2,0.03426011354819714,0.06349673954310356,0.9022431435523095
ENC00465,v2,0.03454508087685648,0.049468601491513116,0.9159863113232378
ENC00469,v2,0.04090694126953344,0.049582947723712155,0.9095101078737129
ENC00471,v2,0.031361634257516945,0.05543175241033925,0.9132066085787103
ENC00474,v2,0.0289706346234894,0.054380733704379014,0.9166486274014722
ENC00475,v2,0.027256678846142777,0.05305617140954012,0.9196871545288589
ENC00477,v2,0.03006584763560178,0.058766181846814494,0.9111679627427033
ENC00478,v2,0.04018182104997588,0.04925797019530548,0.9105602054113753
ENC00479,v2,0.03384360143453958,0.05275648162152964,0.9133999175632123
ENC00482,v2,0.04164654221103498,0.04139140857891603,0.9169620483210592
ENC00489,v2,0.04426518780169914,0.04820093187042559,0.907533879833992
ENC00490,v2,0.018663074532523753,0.05203447568416596,0.9293024492263794
ENC00492,v2,0.03172631982494803,0.9682736775454353,0.0
ENC00511,v2,0.03605856299556855,0.048757155903247223,0.9151842809524857
ENC00513,v2,0.030208513827411212,0.044739069878076666,0.9250524212615658
ENC00519,v2,0.04510202245392765,0.04586274800105737,0.9090352259003199
ENC00524,v2,0.03934279361555537,0.046199001668655613,0.9144582008267497
ENC00529,v2,0.031100135991128826,0.04674409248597794,0.9221557671740904
ENC00538,v2,0.03969059530400524,0.050065870580606554,0.9102435362966437
ENC00543,v2,0.03452242097262753,0.05480682592462288,0.9106707572937012
ENC00548,v2,0.03626346707027009,0.05613487081087016,0.9076016678455028
ENC00550,v2,0.03056262360097697,0.047246120855785334,0.9221912526167356
ENC00559,v2,0.034592415754181836,0.045261301752179864,0.9201462828196012
ENC00562,v2,0.03585582850881073,0.04237252179229138,0.9217716528444874
ENC00563,v2,0.02866342684029843,0.056012661661952734,0.9153239136492765
ENC00571,v2,0.03975899070501328,0.05505414937755891,0.9051868660109383
ENC00573,v2,0.03489489851053804,0.048662562505342066,0.9164425365626812
ENC00575,v2,0.03749767473588387,0.05143220438502538,0.9110701206402901
ENC00577,v2,0.03782459422616304,0.04699833921890343,0.9151770699340686
ENC00580,v2,0.032474746708484256,0.05455895276630626,0.9129663025631624
ENC00581,v2,0.040943918854568724,0.04454658927211353,0.914509491340534
ENC00587,v2,0.03509739082183619,0.05391218000144329,0.9109904271251751
ENC00590,v2,0.03935974798514508,0.049354269673737385,0.9112859840194384
ENC00591,v2,0.024411773452551903,0.05419984960462898,0.9213883685214179
ENC00592,v2,0.048776115783873725,0.043329705748999234,0.907894173673555
ENC00596,v2,0.03038204841936628,0.050652525735398135,0.9189654223124186
ENC00598,v2,0.044478603159484355,0.04582398841428815,0.9096974093937179
ENC00600,v2,0.015969121785019524,0.057789112363631524,0.9262417654196421
ENC00606,v2,0.03962527317079631,0.04395023324377053,0.9164244916055586
ENC00608,v2,0.038132874838386975,0.044907311202647786,0.9169598137338956
ENC00620,v2,0.03595015014513951,0.04992802407467315,0.91412182365145
ENC00631,v2,0.03630511094471095,0.0537366841022891,0.9099582058412058
ENC00637,v2,0.02265463639791547,0.05737460709430955,0.9199707562273199
ENC00640,v2,0.022008957307304393,0.05721232680122504,0.9207787158783902
ENC00643,v2,0.029299533478373174,0.06225758172499323,0.9084428838155802
ENC00657,v2,0.03933278290534635,0.05047791350997337,0.9101893066064172
ENC00661,v2,0.03338555033789367,0.05290211785224176,0.9137123297619564
ENC00665,v2,0.039247512262171276,0.05657947653283676,0.9041730142556704
ENC00667,v2,0.038246572483330965,0.04422751531280853,0.9175259128764823
ENC00671,v2,0.015618982108696023,0.06833752285598255,0.9160434974402916
ENC00694,v2,0.03353974075612275,0.04446530293579362,0.921994953095412
ENC00696,v2,0.03666552075094754,0.058476868756516004,0.9048576098616405
ENC00697,v2,0.01939084237328843,0.06097876278499326,0.9196303925671421
ENC00711,v2,0.03197005116574777,0.05199233277623231,0.9160376228392124
ENC00717,v2,0.024162868525446305,0.05761230524348201,0.9182248233624224
ENC00720,v2,0.03768258702687242,0.047818003831939265,0.914499409090389
ENC00721,v2,0.024830519049154485,0.06158335590187241,0.9135861193432527
ENC00727,v2,0.02964112627338253,0.051131883170455694,0.9192269917796639
ENC00729,v2,0.04119698297128909,0.05554876056396299,0.9032542626063029
ENC00730,v2,0.03189250775882839,0.04762493969494666,0.9204825473868329
ENC00734,v2,0.03853990721906866,0.060114832134336556,0.9013452552339082
ENC00744,v2,0.03388450523762374,0.058235312869050065,0.9078801827771323
ENC00747,v2,0.05209421657719741,0.04951705584558202,0.898388732882107
ENC00748,v2,0.04257813519595758,0.04967569885370524,0.9077461672865826
ENC00749,v2,0.04298601046046418,0.05044085267087761,0.9065731358977983
ENC00752,v2,0.031841274014570646,0.05697583162950145,0.9111828929848141
ENC00753,v2,0.03640322249420747,0.05701340968739622,0.9065833687782288
ENC00757,v2,0.027597866026917474,0.060984658030793074,0.911417479813099
ENC00759,v2,0.03893549983165687,0.0502551627475061,0.910809338092804
ENC00762,v2,0.02457153896793281,0.051909157714285586,0.9235193092944258
ENC00765,v2,0.01669491367031108,0.060872331469812815,0.9224327585276435
ENC00771,v2,0.034201070266282,0.04697041232888931,0.9188285163985003
ENC00772,v2,0.05117553735284933,0.046547121867271404,0.9022773419107709
ENC00778,v2,0.038382455766467115,0.05912250783294439,0.9024950385093689
ENC00787,v2,0.019737154311899627,0.053025456473586106,0.9272373897688729
ENC00788,v2,0.026742004654806806,0.04741464475955581,0.9258433519862592
ENC00792,v2,0.02766821127615228,0.05659455332344258,0.9157372366997504
ENC00797,v2,0.01999550360068679,0.055282528460025786,0.9247219638824463
ENC00801,v2,0.0,0.06449214182794094,0.9355078570122989
ENC00802,v2,0.03791669350520698,0.050592818556679894,0.9114904852257562
ENC00807,v2,0.0,0.079878882841861,0.9201211143047252
ENC00808,v2,0.043772812387993874,0.954497181019693,0.0017300040108582252
ENC00812,v2,0.02803078902965913,0.0560524232703476,0.9159167821590717
ENC00813,v2,0.03705186923477976,0.054054014839320666,0.9088941088744572
ENC00815,v2,0.025410220386563903,0.05985828484925959,0.914731498559316
ENC00830,v2,0.03482184878678298,0.05417875397731276,0.9109993991898555
ENC00832,v2,0.0,0.07566808945765453,0.9243319141013282
ENC00838,v2,0.03515519269998988,0.04078637659228567,0.924058433236747
ENC00845,v2,0.0258742136672694,0.056162523611032585,0.9179632644704048
ENC00848,v2,0.03838233976349444,0.05034748611735626,0.9112701777001502
ENC00849,v2,0.03052777328542364,0.06044626989360176,0.9090259537768008
ENC00002,v3,0.02878084971400147,0.047857539355754854,0.9233616070313887
ENC00003,v3,0.038833233671646344,0.04874997892115703,0.9124167868319679
ENC00004,v3,0.028599770796219153,0.057944063609465954,0.9134561687707901
ENC00006,v3,0.029093592865472168,0.05523249016613023,0.9156739156470339
ENC00007,v3,0.03607305337569302,0.05184828891351666,0.9120786614024762
ENC00008,v3,0.03233505086069113,0.054175521870984615,0.9134894291174065
ENC00013,v3,0.03263154022473221,0.05195081201381981,0.9154176443815232
ENC00014,v3,0.015526565030129173,0.06356305282885634,0.9209103842419902
ENC00017,v3,0.029655556078068912,0.060466182438413736,0.9098782539367676
ENC00022,v3,0.04623237594569218,0.05272597102157306,0.9010416571982205
ENC00023,v3,0.027283887371869014,0.05387556308502317,0.918840545908849
ENC00024,v3,0.021282556623316788,0.062327099964022636,0.9163903445005417
ENC00031,v3,0.025128826589976578,0.05184661222343472,0.9230245625835726
ENC00034,v3,0.03490768594352843,0.05073860990391536,0.914353698105007
ENC00043,v3,0.02347752931455598,0.059777884375910424,0.9167445837989334
ENC00052,v3,0.03352848602626778,0.05179413006503562,0.9146773839583162
ENC00063,v3,0.024149434301299882,0.05817130688944312,0.9176792609887044
ENC00064,v3,0.02739335346632288,0.057132430098135956,0.9154742173850536
ENC00065,v3,0.031471711951307955,0.0569576863758266,0.9115706044435501
ENC00067,v3,0.02985768637066721,0.053386827447640714,0.9167554840109402
ENC00080,v3,0.04725950752833375,0.052565872899176164,0.9001746133521751
ENC00081,v3,0.026632015068956592,0.05811177601886762,0.9152562043688319
ENC00084,v3,0.031133201256870552,0.04906115634716991,0.9198056419092909
ENC00088,v3,0.035318452651191455,0.046694370701092565,0.9179871772250084
ENC00089,v3,0.037650515558198094,0.0484448591696805,0.9139046273354826
ENC00090,v3,0.03796212681724379,0.051494339049828274,0.9105435350426921
ENC00096,v3,0.03485545525485176,0.05018317620506731,0.9149613718865282
ENC00098,v3,0.02799128603679363,0.053801930725875524,0.9182067826540783
ENC00103,v3,0.016756339480256677,0.06148562994268206,0.9217580297054389
ENC00106,v3,0.021889919270900313,0.05581245831311194,0.9222976213960505
ENC00111,v3,0.023651372273969982,0.07127473252928919,0.9050738957193163
ENC00113,v3,0.0,0.05941682438262635,0.9405831798083253
ENC00121,v3,0.026617849692702294,0.055044432515278456,0.9183377128839493
ENC00125,v3,0.03544712649835717,0.0502724446001507,0.9142804299082075
ENC00128,v3,0.03933921764936235,0.04986079299222615,0.9107999943070493
ENC00130,v3,0.032767221523034906,0.060836162625087634,0.9063966155052186
ENC00133,v3,0.03547757206518853,0.05256888764235405,0.9119535394764822
ENC00143,v3,0.035721025276410426,0.046115125912607094,0.9181638461879537
ENC00149,v3,0.02927936514825525,0.04816482645368442,0.922555811423108
ENC00151,v3,0.0,0.06599220935791983,0.9340077845726983
ENC00159,v3,0.024251566449866483,0.058154014948951574,0.9175944209098816
ENC00162,v3,0.026738853629016988,0.05910132010684949,0.9141598249150213
ENC00164,v3,0.02537108672782779,0.06708332747220994,0.9075455824534099
ENC00167,v3,0.02209708203171969,0.05886688216456345,0.9190360338104014
ENC00170,v3,0.02831142832739995,0.058774766174482775,0.9129138071458418
ENC00171,v3,0.034709187792032026,0.04882163033471443,0.9164691776968539
ENC00173,v3,0.03200840702245258,0.04830011719568345,0.9196914738079287
ENC00188,v3,0.022334540024444106,0.07582258692543421,0.9018428730113166
ENC00191,v3,0.03673730143678507,0.050293944859212,0.9129687542361873
ENC00192,v3,0.02869612812064588,0.05473175568816562,0.9165721163153648
ENC00193,v3,0.019204655895009637,0.06383738451457899,0.9169579602162773
ENC00202,v3,0.026171243549147738,0.06154729498998274,0.91228145964538
ENC00208,v3,0.019308151096169256,0.060904489495815374,0.9197873615811014
ENC00209,v3,0.04179544213481925,0.04542538484597539,0.912779166148259
ENC00210,v3,0.030643495086613775,0.0583271079896284,0.9110293979091304
ENC00214,v3,0.0,0.05767562082143162,0.9423243830149824
ENC00217,v3,0.03257133499191133,0.060649612841686025,0.9067790538994307
ENC00237,v3,0.03891021122891954,0.04902146004257709,0.9120683266421942
ENC00238,v3,0.03382627227456196,0.05692008475435304,0.9092536404892638
ENC00250,v3,0.0314550910283018,0.06080729945528286,0.9077376061015658
ENC00255,v3,0.03064123156675419,0.061620325716428975,0.9077384485754856
ENC00256,v3,0.03588723456218409,0.0592825298752779,0.9048302374207057
ENC00259,v3,0.04954919784338536,0.0462056764479831,0.9042451270272799
ENC00260,v3,0.02872811204964115,0.05009803521416841,0.9211738532589328
ENC00263,v3,0.02147775957840088,0.06509573441179632,0.9134265097599585
ENC00264,v3,0.028820606556144497,0.05082960577592963,0.9203497852597918
ENC00267,v3,0.023956603298271165,0.05874155608268039,0.9173018428885821
ENC00270,v3,0.044681269989461835,0.05157542571594769,0.9037433045380043
ENC00271,v3,0.03308261802054143,0.05627894466410258,0.910638437207256
ENC00272,v3,0.02269111527502537,0.05161782437562942,0.9256910605430603
ENC00275,v3,0.019759923554233557,0.05795881597017779,0.9222812623653597
ENC00289,v3,0.024951294081768504,0.05973029945183683,0.9153184060697203
ENC00291,v3,0.03425395344384015,0.05662360047413544,0.9091224459084597
ENC00292,v3,0.02080474837723198,0.06062778631245257,0.9185674696840266
ENC00294,v3,0.035320663917809726,0.048859087538651445,0.9158202491023324
ENC00296,v3,0.037245480135638026,0.04847364837686855,0.914280873241154
ENC00298,v3,0.03313733064324448,0.05470239605362478,0.9121602754843863
ENC00304,v3,0.035700408190728054,0.05222826622802457,0.9120713242697059
ENC00306,v3,0.02519344856160917,0.06873334307647959,0.9060732065876828
ENC00310,v3,0.03412680246680975,0.0472078595161438,0.9186653418540954
ENC00319,v3,0.034486511338721305,0.054824530201799726,0.910688960251688
ENC00323,v3,0.03651108477702912,0.045649719455850724,0.9178391950471061
ENC00326,v3,0.027353295056080376,0.06193767786370935,0.910709027338911
ENC00327,v3,0.03188944646543024,0.058172710108185054,0.909937843529865
ENC00329,v3,0.03556217803723282,0.056241114334099826,0.9081967102156745
ENC00330,v3,0.03238065432721995,0.055505834379286134,0.9121135074012684
ENC00336,v3,0.0326120921732228,0.053210141485650765,0.9141777603746318
ENC00337,v3,0.022538041511532103,0.05877548871137718,0.9186864684123804
ENC00341,v3,0.026331399713775943,0.055946131831123715,0.9177224641754513
ENC00344,v3,0.03652119887897707,0.05488702240495049,0.9085917758698366
ENC00349,v3,0.021092405909519284,0.06642806188088574,0.9124795345410909
ENC00358,v3,0.0,0.07190722964334352,0.9280927704490778
ENC00359,v3,0.032365487810224296,0.051496204152703284,0.916138304233551
ENC00360,v3,0.04021778574145032,0.053698071791286314,0.9060841432405174
ENC00362,v3,0.010843842047809934,0.0682048638816923,0.9209512983759244
ENC00368,v3,0.02562335579065033,0.05464536424439687,0.9197312765396558
ENC00372,v3,0.022743347713097543,0.060246871093866124,0.9170097847437036
ENC00376,v3,0.02182995070858548,0.05453828216996044,0.9236317624648412
ENC00381,v3,0.027766516711562873,0.05477883679171403,0.9174546497563522
ENC00382,v3,0.03712524103038773,0.056087830883203724,0.9067869289797179
ENC00386,v3,0.0314564673579298,0.05138992131687701,0.9171536132693291
ENC00389,v3,0.03432236945648727,0.06247380987594002,0.9032038224370856
ENC00390,v3,0.034226624259939616,0.04946511460588776,0.916308261936517
ENC00392,v3,0.03651159425283334,0.04866229920406585,0.9148261061421147
ENC00393,v3,0.028816902743918554,0.06112529616802931,0.9100578011028351
ENC00402,v3,0.03269197524621569,0.05767441179988713,0.9096336142770175
ENC00403,v3,0.03199537110311868,0.053112353849455826,0.9148922773232138
ENC00405,v3,0.026078979243986868,0.0485579598517645,0.9253630601629919
ENC00413,v3,0.03371377745549185,0.05301771889619454,0.9132684993021416
ENC00414,v3,0.030793632977292873,0.05721595334762242,0.9119904125109315
ENC00418,v3,0.029271967862732708,0.0555513312201947,0.9151767003536224
ENC00419,v3,0.027342096431536622,0.0566902162632748,0.9159676854530078
ENC00424,v3,0.0368861046664062,0.04690761778148867,0.9162062747137887
ENC00428,v3,0.028672894374467434,0.05961240896955133,0.911714700460434
ENC00432,v3,0.027635283493954273,0.05814096409206589,0.9142237524191539
ENC00433,v3,0.029447790444614964,0.06342935962004399,0.9071228498712592
ENC00435,v3,0.0,0.08177093580365181,0.918229056596756
ENC00436,v3,0.02948761114384979,0.052947776969522235,0.9175646120309829
ENC00441,v3,0.030568069303500475,0.055165913813553825,0.914266013863063
ENC00443,v3,0.023884083130784953,0.057698250748217106,0.9184176618854205
ENC00444,v3,0.01799931064122865,0.05600491601253758,0.925995773127099
ENC00451,v3,0.031143116617423236,0.0543370701714742,0.9145198166370392
ENC00453,v3,0.033465026597696124,0.052151128205878194,0.9143838491290808
ENC00456,v3,0.033942356776698664,0.05943503412339142,0.906622612375324
ENC00457,v3,0.0368059157343531,0.05224564470149375,0.910948439761325
ENC00459,v3,0.03646580156659321,0.05706557185160664,0.9064686309616521
ENC00461,v3,0.03362865698029648,0.04907354750499433,0.9172978011929259
ENC00444,v3,0.01799931064122865,0.05600491601253758,0.925995773127099
ENC00449,v3,0.04117266817151436,0.05286503756152732,0.9059622921049595
ENC00451,v3,0.031143116617423236,0.0543370701714742,0.9145198166370392
ENC00453,v3,0.033465026597696124,0.052151128205878194,0.9143838491290808
ENC00456,v3,0.033942356776698664,0.05943503412339142,0.906622612375324
ENC00457,v3,0.03791476743989182,0.047189262022611,0.9148959726312734
ENC00459,v3,0.03646580156659321,0.05706557185160664,0.9064686309616521
ENC00461,v3,0.03165718585307014,0.050541065624255,0.9178017557246013
ENC00462,v3,0.03107005924711587,0.052343003195888214,0.9165869405251423
ENC00463,v3,0.03898516817078475,0.045908095038706256,0.915106737613678
ENC00464,v3,0.02317445662761615,0.06116517196465848,0.9156603713830312
ENC00465,v3,0.03362186054056067,0.058994747033076625,0.9073833922545115
ENC00469,v3,0.03607934886269027,0.05007358367142618,0.9138470658513366
ENC00471,v3,0.024581201729320344,0.0591430173861602,0.9162757794062296
ENC00474,v3,0.022698437520032883,0.05743991150993152,0.9198616501213848
ENC00475,v3,0.018942806352343824,0.0532955245247909,0.9277616710889907
ENC00477,v3,0.024799396299799395,0.06403561927039515,0.9111649841070175
ENC00478,v3,0.03550179411164101,0.05706783452016466,0.9074303711161894
ENC00479,v3,0.03506225721910596,0.053825014933943746,0.9111127285957337
ENC00482,v3,0.03832657246446041,0.046449471577560825,0.9152239529710067
ENC00489,v3,0.04046918583571229,0.04777333891518366,0.9117574750208387
ENC00490,v3,0.02028312763007723,0.057150189164225186,0.9225666840499807
ENC00492,v3,0.026974444338512198,0.0574514274703008,0.9155741345102542
ENC00511,v3,0.031002488989038627,0.055986790268235845,0.913010714434776
ENC00513,v3,0.028704712908764026,0.04555842489322746,0.9257368617936185
ENC00519,v3,0.035253675431401156,0.055388010145785906,0.9093583120654026
ENC00524,v3,0.04028857473669381,0.05064141254700806,0.9090700156387241
ENC00529,v3,0.030149946710013826,0.049370740985740784,0.9204793121503747
ENC00538,v3,0.036130547103942326,0.05015234713728475,0.9137171034765715
ENC00543,v3,0.030005622047342754,0.05405747244428647,0.9159369035771019
ENC00548,v3,0.03318200046744417,0.054150623661995516,0.9126673744005316
ENC00550,v3,0.03082423431549183,0.04629138841284151,0.9228843739352275
ENC00559,v3,0.03199347952271209,0.05867660748681017,0.9093299081512526
ENC00562,v3,0.03806671072644266,0.050470961522395635,0.9114623313600366
ENC00563,v3,0.02194700625202641,0.05557992209385081,0.9224730720364951
ENC00571,v3,0.029092602719499813,0.05318345573193174,0.9177239459704577
ENC00573,v3,0.03308131204658123,0.05161978222083214,0.915298907331718
ENC00575,v3,0.033957580913250386,0.047011790159893665,0.9190306278099691
ENC00577,v3,0.028270252387632023,0.05940566591993727,0.9123240793594206
ENC00580,v3,0.027438260638752043,0.051321050844704494,0.9212406863514174
ENC00581,v3,0.036375854843847304,0.05679410594344443,0.9068300383431571
ENC00587,v3,0.03256411554843739,0.05211928404039807,0.9153165962960985
ENC00590,v3,0.033982331494501396,0.05352074744379414,0.9124969212072236
ENC00591,v3,0.02557734085144702,0.06360883813169671,0.9108138157100212
ENC00592,v3,0.037352606446105746,0.041701260980562115,0.9209461343203876
ENC00596,v3,0.03078640996116317,0.051735006221052676,0.9174785849948724
ENC00598,v3,0.04044638635685383,0.048546580108419314,0.911007033061173
ENC00600,v3,0.015392655750600108,0.06153675190430006,0.9230705910715563
ENC00606,v3,0.0358120472798043,0.0523280695863608,0.9118598876655966
ENC00608,v3,0.034958199956096135,0.054187404309082164,0.9108543933092893
ENC00620,v3,0.03505310618995943,0.05518466356125745,0.9097622324119915
ENC00631,v3,0.034490434480751425,0.060305754932710245,0.90520380755775
ENC00637,v3,0.017850761172465153,0.05768392178596872,0.9244653221332666
ENC00640,v3,0.025645421916598698,0.0666765938512981,0.9076779821644658
ENC00643,v3,0.025789825049864632,0.05425996697019963,0.919950205655325
ENC00657,v3,0.030204887603126142,0.06400055262138662,0.9057945635007776
ENC00661,v3,0.02784673054263277,0.0564095887865098,0.9157436804951362
ENC00665,v3,0.027199664501458165,0.05007730556152216,0.9227230311409245
ENC00667,v3,0.03540678083912557,0.04769754182929412,0.9168956763723977
ENC00671,v3,0.01204602760328067,0.07033624190175644,0.9176177365757595
ENC00694,v3,0.030002752594649792,0.048298312462866304,0.9216989393234253
ENC00696,v3,0.032071037673934676,0.06002704178293546,0.9079019209990898
ENC00697,v3,0.014880196570629778,0.05809831525402842,0.92702148668468
ENC00711,v3,0.03096076002055146,0.052316801215621454,0.9167224359743803
ENC00717,v3,0.02110872409767327,0.06277651708457888,0.916114754898032
ENC00720,v3,0.030114596028363815,0.057201667999227844,0.9126837374987425
ENC00721,v3,0.021047866221237103,0.0589621517378672,0.9199899783176658
ENC00727,v3,0.026903083062216896,0.0489177446459131,0.9241791737490687
ENC00729,v3,0.035502441341654874,0.05511799535520796,0.9093795666154826
ENC00730,v3,0.02848952090029012,0.053414723192426294,0.9180957566608082
ENC00734,v3,0.03431211274445933,0.0627526585231809,0.9029352314331952
ENC00744,v3,0.030839565894606277,0.05652074891532588,0.912639686694512
ENC00747,v3,0.045566782546747064,0.05394290000614193,0.9004903190665775
ENC00748,v3,0.033837347874237644,0.051341320562266535,0.9148213332699191
ENC00749,v3,0.039781933515332636,0.05569468151777983,0.9045233798027038
ENC00752,v3,0.02601074532861203,0.05845541597665411,0.9155338343265838
ENC00753,v3,0.02772000784289122,0.05755123061438402,0.9147287612038899
ENC00757,v3,0.025562654096192045,0.06606175858331353,0.908375587902571
ENC00759,v3,0.03672741648230341,0.047279162765029935,0.9159934224620943
ENC00762,v3,0.02124890679556687,0.05349785043715925,0.9252532442747536
ENC00765,v3,0.01675611737716411,0.06980230579418796,0.9134415735801061
ENC00771,v3,0.0293786795809865,0.048405281171520674,0.9222160428762436
ENC00772,v3,0.04349575898256795,0.04900220058986853,0.9075020366701586
ENC00778,v3,0.03083724761000056,0.054981453031240426,0.9141813008511652
ENC00787,v3,0.01826086544804275,0.06448113046586514,0.9172580041885376
ENC00788,v3,0.024045782394545235,0.05159500879438027,0.9243592060130575
ENC00792,v3,0.023233112251748227,0.06489869326146112,0.9118681934972604
ENC00797,v3,0.01953886880732651,0.06080420134272778,0.9196569272932017
ENC00801,v3,0.0,0.07077648418331609,0.9292235160336911
ENC00802,v3,0.03393263621465041,0.057951565057541544,0.9081158021862588
ENC00807,v3,0.0,0.06421053391592256,0.9357894663153024
ENC00808,v3,0.03801689297421881,0.051141638078238114,0.9108414667667729
ENC00812,v3,0.028065073363439635,0.05765880858742221,0.9142761175022569
ENC00813,v3,0.034935766019888466,0.04986375563537642,0.9152004757235127
ENC00815,v3,0.021076027468109552,0.06707624799739091,0.9118477251285162
ENC00830,v3,0.029718582529228096,0.06272268522704064,0.9075587350268697
ENC00832,v3,0.0,0.0876842131268005,0.9123157858848572
ENC00838,v3,0.030365432466357208,0.04654300764726459,0.9230915608484883
ENC00845,v3,0.021055284709720984,0.05324726374306547,0.9256974543173482
ENC00848,v3,0.035381375518130156,0.04899543201894436,0.9156231885974847
ENC00849,v3,0.03037612825536575,0.061215294835468136,0.9084085745689197
ENC00002,v4,0.02678859237736712,0.05517336773617124,0.9180380381919719
ENC00003,v4,0.0374229536039021,0.05236723817969588,0.9102098129012368
ENC00004,v4,0.027321479628331584,0.05716107120375625,0.9155174468061049
ENC00006,v4,0.027987663195652032,0.05746869597393666,0.9145436356537533
ENC00007,v4,0.03215983714720847,0.04989315733163549,0.9179470079057168
ENC00008,v4,0.029036364397378982,0.057642794110708766,0.9133208454759033
ENC00013,v4,0.027627887208338666,0.056164758336608826,0.9162073508552883
ENC00014,v4,0.011930634680187754,0.06785804352434406,0.9202113193378114
ENC00017,v4,0.02529047705876805,0.058940039098481924,0.9157694911255556
ENC00022,v4,0.0394884900796035,0.055418185076661526,0.9050933264550709
ENC00023,v4,0.024990746826804477,0.05775052522771436,0.917258731324038
ENC00024,v4,0.019321535398306038,0.06229515159681726,0.9183833157786956
ENC00031,v4,0.02538588242240104,0.0493133112276886,0.925300809098225
ENC00034,v4,0.04153473158437533,0.04782362292859365,0.9106416462948828
ENC00043,v4,0.019804190036238116,0.06535435585352052,0.9148414530673948
ENC00052,v4,0.03164936038050449,0.05621676495790763,0.9121338753205426
ENC00063,v4,0.026439812691196014,0.07195638584855356,0.9016038009994909
ENC00064,v4,0.02817325516241706,0.06021151518345707,0.9116152296463649
ENC00065,v4,0.028315263349305158,0.055414284351018236,0.9162704536000138
ENC00067,v4,0.02535948883025692,0.04991748746102437,0.9247230187440529
ENC00080,v4,0.045475192833691835,0.05234745179337484,0.9021773595868805
ENC00081,v4,0.022220448901255924,0.06963077122862968,0.9081487754980723
ENC00084,v4,0.02611828898254754,0.055014792745722865,0.9188669167066875
ENC00088,v4,0.033687141313053226,0.056079636304443625,0.910233224139494
ENC00089,v4,0.035667083197799716,0.05080327919643858,0.9135296417319256
ENC00090,v4,0.031955872697042344,0.054138224235081925,0.913905900209508
ENC00096,v4,0.033514457901455755,0.050717861552935416,0.9157676865735392
ENC00098,v4,0.023873182049450967,0.053046075972383255,0.9230807406918986
ENC00103,v4,0.015309264791548389,0.0634311112156565,0.921259629070212
ENC00106,v4,0.01787225741744888,0.0629908694095458,0.919136872345751
ENC00111,v4,0.016642914972203614,0.062272164314610405,0.9210849183160554
ENC00113,v4,0.0,0.06231243874539028,0.9376875595612959
ENC00121,v4,0.02083805308854379,0.05782544859713572,0.9213365012882677
ENC00125,v4,0.03336727881293383,0.048064199401446246,0.9185685207766872
ENC00128,v4,0.039490152809695145,0.05319948315546654,0.9073103666305542
ENC00130,v4,0.029745914973318577,0.05330264598752062,0.9169514377911886
ENC00133,v4,0.033877219733498665,0.051666319597026576,0.9144564633784087
ENC00143,v4,0.035062076337635514,0.05422949101228048,0.9107084309353548
ENC00149,v4,0.027217622235562507,0.05786604113731678,0.9149163369234506
ENC00151,v4,0.0,0.06285298223175653,0.9371470166415703
ENC00159,v4,0.024684531958579708,0.06278980639763176,0.9125256619105736
ENC00162,v4,0.028074691206279954,0.0628481525296377,0.9090771589238765
ENC00164,v4,0.019362716378236656,0.056155727012082934,0.9244815610349179
ENC00167,v4,0.02144253536243923,0.06263093877350911,0.9159265303363403
ENC00170,v4,0.028830241351662313,0.0605747190906721,0.9105950390591341
ENC00171,v4,0.02976178748962971,0.0502916274090799,0.9199465861687294
ENC00173,v4,0.02872221763029892,0.04571999952394441,0.9255577842920821
ENC00188,v4,0.017056255392601777,0.07507223594162998,0.9078715068512949
ENC00191,v4,0.03360026501119137,0.05481611356139183,0.9115836197137832
ENC00192,v4,0.02737458518848897,0.05907629039306361,0.9135491278794434
ENC00193,v4,0.014380977370400125,0.06665925229362284,0.9189597700650876
ENC00202,v4,0.022976484933716,0.05781471071650787,0.9192088063882322
ENC00208,v4,0.015236064706236944,0.07004082636958962,0.9147231086678461
ENC00209,v4,0.038985004352516686,0.04739414733396658,0.9136208485293862
ENC00210,v4,0.02463499006921513,0.05268660979657965,0.9226784050064599
ENC00214,v4,0.0,0.06637249269494505,0.9336275107932813
ENC00217,v4,0.026028849058333903,0.06025783031457855,0.9137133190708776
ENC00237,v4,0.03664072093640253,0.05728793960333485,0.9060713378424498
ENC00238,v4,0.02846699919593468,0.05865515427391851,0.9128778483090776
ENC00250,v4,0.025851996639047307,0.06258270639286499,0.9115653007921546
ENC00255,v4,0.025965328282576854,0.05947664039142962,0.9145580306649208
ENC00256,v4,0.028534706230310344,0.05449950069721256,0.9169657884683824
ENC00259,v4,0.04537445261655736,0.04633136626419633,0.9082941828772079
ENC00260,v4,0.028561852068047632,0.062258215113119644,0.9091799291697416
ENC00263,v4,0.020070101072237192,0.06793160279198449,0.9119982914169236
ENC00264,v4,0.031301062692664874,0.05252057435529784,0.9161783663694524
ENC00267,v4,0.02208461656219101,0.05867219982861445,0.9192431861984318
ENC00270,v4,0.035036701056513055,0.04951198070434628,0.915451319354355
ENC00271,v4,0.029732943724786097,0.05938564377891667,0.9108814128181514
ENC00272,v4,0.02226823570816654,0.06050940298071477,0.9172223706161027
ENC00275,v4,0.021613388833725173,0.06446363589065707,0.9139229813192644
ENC00289,v4,0.02436404144908819,0.060704005316451745,0.9149319489796957
ENC00291,v4,0.03031327510968997,0.05789455085292331,0.9117921758920718
ENC00292,v4,0.020349633109031453,0.06328164998234974,0.9163687189420064
ENC00294,v4,0.0377632433844504,0.05253501391369049,0.9097017450867412
ENC00296,v4,0.03214508424039989,0.04743990286563834,0.9204150154477074
ENC00298,v4,0.02616634360168996,0.056619321552556265,0.9172143351356938
ENC00304,v4,0.03491580893906454,0.05054937422275543,0.9145348203182221
ENC00306,v4,0.023700594136284458,0.0658506589424279,0.9104487472110324
ENC00310,v4,0.03345031557903397,0.054012737184200646,0.9125369455454484
ENC00319,v4,0.03278215275716412,0.054958091774421146,0.9122597547464593
ENC00323,v4,0.034860785290644576,0.05105192499360972,0.9140872860247372
ENC00326,v4,0.022999523805941793,0.06419574801818789,0.9128047305846883
ENC00327,v4,0.02907052953933714,0.05533316270768188,0.915596307688997
ENC00329,v4,0.03419390819624238,0.0633839205678167,0.9024221698443095
ENC00330,v4,0.02852557225513362,0.059480765393824984,0.911993662516276
ENC00336,v4,0.029484637797151398,0.05453771648065346,0.9159776481186471
ENC00337,v4,0.01931630080894063,0.06050390262370471,0.920179794557759
ENC00341,v4,0.024329073618057074,0.05935242536335109,0.9163185019750852
ENC00344,v4,0.02648051343766936,0.05320486957755159,0.9203146146792992
ENC00349,v4,0.020001303846295053,0.060916948436855155,0.9190817447466271
ENC00358,v4,0.0,0.06781166160343499,0.932188336817634
ENC00359,v4,0.03212332875933498,0.05564482823014259,0.9122318404912949
ENC00360,v4,0.030785572503439405,0.05477500774643638,0.9144394259260158
ENC00362,v4,0.010335146753479622,0.07689359190839308,0.9127712652639106
ENC00368,v4,0.023989284847414603,0.05268500756334375,0.9233257081773546
ENC00372,v4,0.018210995122695302,0.06872364639171533,0.9130653580840753
ENC00376,v4,0.022088599297427392,0.05476540061392526,0.9231460039005723
ENC00381,v4,0.02480241164965468,0.05506912040062875,0.9201284713834246
ENC00382,v4,0.03451879164838994,0.05747758089141412,0.9080036296085878
ENC00386,v4,0.02885157242840664,0.05734400530769066,0.9138044216416099
ENC00389,v4,0.03607254454566698,0.061461478538279025,0.9024659682597432
ENC00390,v4,0.02936098663682552,0.054439749960836614,0.9161992687031739
ENC00392,v4,0.03326765035000658,0.05825076859021924,0.908481581309407
ENC00393,v4,0.02760267929914288,0.07212826817368086,0.9002690552136837
ENC00402,v4,0.027936382010300582,0.06479221748658151,0.907271403575612
ENC00403,v4,0.03078148228272518,0.05131233687171285,0.9179061825230995
ENC00405,v4,0.02661613500922134,0.0632331064853229,0.9101507619807595
ENC00413,v4,0.03344453208769361,0.06149504887561003,0.9050604176521301
ENC00414,v4,0.02587878012674905,0.04931502862434302,0.9248061920915331
ENC00418,v4,0.025768508879761946,0.060564528346845975,0.9136669629498532
ENC00419,v4,0.025045050928990047,0.05840599090841256,0.9165489579501905
ENC00424,v4,0.035066282491019944,0.0480897892184817,0.9168439230375123
ENC00428,v4,0.02396888903723183,0.06322702372615988,0.9128040844743902
ENC00432,v4,0.022351656315400252,0.052487839461316035,0.9251605049718784
ENC00433,v4,0.02910714368302877,0.06134655144303403,0.909546305524542
ENC00435,v4,0.0,0.08629994733997111,0.9137000509028165
ENC00436,v4,0.02513659207308489,0.058882952527195775,0.9159804515118869
ENC00441,v4,0.027991215830981513,0.05520632603362094,0.9168024593896239
ENC00443,v4,0.0217897214461118,0.06593003180266048,0.9122802509615818
ENC00444,v4,0.01737671366794721,0.06409036883790242,0.9185329148643895
ENC00451,v4,0.02751394498965934,0.055853005355367295,0.9166330511753376
ENC00453,v4,0.028563603232576836,0.05668364235056125,0.9147527523157073
ENC00456,v4,0.03009709024824846,0.06199283555242015,0.9079100765563823
ENC00457,v4,0.03594435261662251,0.053149904523577006,0.9109057406229633
ENC00459,v4,0.03503599163438929,0.05841738399314253,0.9065466265929373
ENC00461,v4,0.02955824974519403,0.05556121042565159,0.9148805426514667
ENC00462,v4,0.02868363399095103,0.05631635951645234,0.9150000056799721
ENC00444,v4,0.01737671366794721,0.06409036883790242,0.9185329148643895
ENC00449,v4,0.039030796636573294,0.052517254351953827,0.9084519492693184
ENC00451,v4,0.02713718945328314,0.05710186767349909,0.9157609407966202
ENC00453,v4,0.028563603232576836,0.05668364235056125,0.9147527523157073
ENC00456,v4,0.03254765708194931,0.06415425990650683,0.9032980795995689
ENC00457,v4,0.03815982826342134,0.05328202560620824,0.9085581450118232
ENC00459,v4,0.03503599163438929,0.05841738399314253,0.9065466265929373
ENC00461,v4,0.029302552947294468,0.060641398787805716,0.91005605274869
ENC00462,v4,0.02868363399095103,0.05631635951645234,0.9150000056799721
ENC00463,v4,0.039089938151162296,0.05597220772788638,0.9049378508613223
ENC00464,v4,0.01979453103435305,0.06888444663293786,0.9113210192171194
ENC00465,v4,0.027704063340962874,0.05624329550998417,0.9160526427697009
ENC00469,v4,0.031875253812570996,0.05182829324884298,0.9162964551968682
ENC00471,v4,0.021385470994425063,0.06527632476799951,0.9133382074686945
ENC00474,v4,0.02210227691102773,0.05957765282303291,0.9183200735010599
ENC00475,v4,0.022076836691981874,0.056859728581500506,0.9210634355275136
ENC00477,v4,0.023127528834061658,0.0677602421682404,0.9091122302473807
ENC00478,v4,0.030786286569505095,0.055309386567047265,0.9139043204138212
ENC00479,v4,0.02600264521913791,0.05560292764096905,0.9183944244997218
ENC00482,v4,0.03472740861720273,0.05126847995977316,0.9140041129929679
ENC00489,v4,0.044121510313085185,0.0527191455475986,0.9031593434769531
ENC00490,v4,0.015496866572224958,0.059222890724512665,0.9252802404490384
ENC00492,v4,0.027466289058259322,0.05698986616361579,0.9155438411126443
ENC00511,v4,0.026290298467316967,0.05084871429185204,0.922860983981202
ENC00513,v4,0.02604571387792627,0.04513192143291235,0.9288223632176718
ENC00519,v4,0.035104371807537976,0.05851588840596378,0.9063797420263291
ENC00524,v4,0.03736557198079446,0.05109344320729948,0.9115409896923945
ENC00529,v4,0.02653471744131474,0.059190214318888525,0.9142750688961574
ENC00538,v4,0.03603749033845179,0.05533014883945038,0.9086323605550752
ENC00543,v4,0.026709714368211502,0.055034949500678165,0.9182553363568855
ENC00548,v4,0.029138546273635144,0.05500994779561695,0.9158515067476976
ENC00550,v4,0.027561965992140492,0.049539441068531476,0.9228985860333805
ENC00559,v4,0.03070049260929227,0.05854086896777153,0.9107586441040039
ENC00562,v4,0.03604356080891108,0.04808531105869784,0.9158711309702892
ENC00563,v4,0.021832065841367654,0.060583261261182325,0.9175846721674945
ENC00571,v4,0.02636619062808853,0.06414096147543,0.9094928479002368
ENC00573,v4,0.03119948524549998,0.05800057573873081,0.9107999414797651
ENC00575,v4,0.03133507399340567,0.052196859653351954,0.9164680641831704
ENC00577,v4,0.02458941246638255,0.05945161395075341,0.9159589722271888
ENC00580,v4,0.03162947620236964,0.059401766331207875,0.9089687593055494
ENC00581,v4,0.031118012936288166,0.05785425169436076,0.9110277354262257
ENC00587,v4,0.0266121149040936,0.056720966576702066,0.9166669183307223
ENC00590,v4,0.0314118794315765,0.05084693583269273,0.9177411810044319
ENC00591,v4,0.023286556691337047,0.06211575908162216,0.9145976847941333
ENC00592,v4,0.03559644611282203,0.045650814994032146,0.9187527426326548
ENC00596,v4,0.02806748828443233,0.05431398272048682,0.917618527635932
ENC00598,v4,0.02512076577148968,0.0544233586775457,0.9204558759200864
ENC00600,v4,0.013147899839661527,0.06899757110557267,0.9178545263326057
ENC00606,v4,0.03470458535811127,0.054102121261573995,0.9111932938668266
ENC00608,v4,0.03487000298016121,0.053487062811085555,0.9116429296609397
ENC00620,v4,0.030073051701896312,0.06332559243179439,0.9066013479500674
ENC00631,v4,0.03244343301358484,0.05425337044048239,0.9133031904344728
ENC00637,v4,0.018860776386704418,0.0685315758380438,0.9126076467575566
ENC00640,v4,0.02009387194422709,0.059307208249919884,0.9205989197035817
ENC00643,v4,0.018512533318673103,0.06418482599041934,0.9173026354807727
ENC00657,v4,0.02730791609918262,0.05704090050939056,0.9156511812298386
ENC00661,v4,0.025356777103592618,0.060206892723972734,0.9144363290554768
ENC00665,v4,0.026215329487451616,0.051165663062330384,0.9226190072518808
ENC00667,v4,0.03274294121038853,0.05354439906243767,0.9137126584442294
ENC00671,v4,0.012473186788970213,0.06703200008671142,0.9204948120995572
ENC00694,v4,0.030957257870964153,0.052751688174558456,0.9162910553040328
ENC00696,v4,0.03100682998573857,0.06188696913485383,0.9071062017103722
ENC00697,v4,0.014886104696186132,0.06342605112608775,0.9216878431514629
ENC00711,v4,0.024430192263436415,0.0582449413956173,0.9173248631338919
ENC00717,v4,0.020434806661372915,0.061900963482347506,0.9176642281337849
ENC00720,v4,0.028652016781270506,0.05826998326182366,0.9130779962539672
ENC00721,v4,0.02039161647598331,0.05869632728684407,0.920912057849077
ENC00727,v4,0.02666938891331476,0.05842028449221355,0.9149103232515536
ENC00729,v4,0.033528427726456096,0.05610147098611508,0.9103701002895832
ENC00730,v4,0.026149660204220743,0.05947398101386515,0.9143763595414394
ENC00734,v4,0.033860693731857044,0.061959977496650304,0.9041793281967575
ENC00744,v4,0.027689839739145503,0.06334209626678515,0.9089680639681993
ENC00747,v4,0.04217823817916624,0.056912128414426534,0.9009096360468603
ENC00748,v4,0.030690096632037082,0.05019298837416702,0.9191169135364485
ENC00749,v4,0.035142079466022554,0.05810607392340898,0.9067518478631973
ENC00752,v4,0.02102575780727066,0.06036704711543469,0.9186071977986918
ENC00753,v4,0.028630959034047047,0.06178372456975605,0.9095853090286254
ENC00757,v4,0.018010911965862877,0.055237439455043884,0.9267516493797302
ENC00759,v4,0.03241779152359042,0.04711141783369363,0.920470790397486
ENC00762,v4,0.020791993193004444,0.05633671826048606,0.9228712860224904
ENC00765,v4,0.015510124584683512,0.07287000322455092,0.9116198684595809
ENC00771,v4,0.028225760755909456,0.05507541882495085,0.9166988252519487
ENC00772,v4,0.03638213236750228,0.05601583658827571,0.9076020360931637
ENC00778,v4,0.023958830453423608,0.06706508196508273,0.9089760810900958
ENC00787,v4,0.015594209369324834,0.062105021934877054,0.9223007682367419
ENC00788,v4,0.025831385869851224,0.05757376385263653,0.9165948522396576
ENC00792,v4,0.018787976844530357,0.05935531650936743,0.9218567083453575
ENC00797,v4,0.01731996198193492,0.06799307690115175,0.9146869644940456
ENC00801,v4,0.0,0.06712950768691676,0.9328704943190088
ENC00802,v4,0.03333972149994224,0.053099854791071266,0.9135604206886556
ENC00807,v4,0.0,0.0651533610187471,0.9348466400589261
ENC00808,v4,0.0328742236319303,0.0559101397155133,0.9112156334176528
ENC00812,v4,0.024551799822940572,0.055942203100959334,0.919505997926374
ENC00813,v4,0.02893358420702481,0.05782980987993635,0.9132366052297788
ENC00815,v4,0.021291382390485013,0.06599831745348951,0.9127103051831645
ENC00830,v4,0.031017091990049397,0.06761149575135537,0.9013714117663247
ENC00832,v4,0.0,0.07958013163525847,0.9204198725615875
ENC00838,v4,0.0315791617333889,0.052602371564134956,0.9158184689283371
ENC00845,v4,0.020929177020334727,0.06025638554593642,0.9188144382812994
ENC00848,v4,0.03223207147950131,0.05375892205058404,0.914009007642854
ENC00849,v4,0.027354847816952868,0.059631130111444254,0.9130140257918317
ENC00002,v5,0.02478534506074119,0.05223341668844995,0.922981240279934
ENC00003,v5,0.0341507658697338,0.05527285629425917,0.9105763769986337
ENC00004,v5,0.024244383996541517,0.06557771830779055,0.9101778929648192
ENC00006,v5,0.02674372781628883,0.06547520430858737,0.9077810619467048
ENC00007,v5,0.03066710866892672,0.05616245216366892,0.9131704392481823
ENC00008,v5,0.0274235262567627,0.06517990517975955,0.9073965727597818
ENC00013,v5,0.02691596658144779,0.06014433764975588,0.9129396963794276
ENC00014,v5,0.01133404067504783,0.07346722608961073,0.9151987330413159
ENC00017,v5,0.02308288834989071,0.061737884171307086,0.9151792341470718
ENC00022,v5,0.03331190810965027,0.05893935083206427,0.9077487401032852
ENC00023,v5,0.019489103800848,0.0605096100933022,0.9200012872361729
ENC00024,v5,0.01722245510214957,0.07095122608904526,0.9118263181124893
ENC00031,v5,0.025215629970824178,0.05501563013954596,0.9197687409140847
ENC00034,v5,0.03739222612619252,0.056846553376774384,0.9057612171267518
ENC00043,v5,0.018773456071027216,0.06002980192318897,0.9211967394433238
ENC00052,v5,0.03186483775144038,0.05711381356029407,0.9110213481861612
ENC00063,v5,0.02454956636924033,0.07161197890386437,0.9038384490542941
ENC00064,v5,0.020790276172217625,0.059826945667636806,0.9193827826401283
ENC00065,v5,0.027320883498569717,0.0572003521439102,0.9154787581730512
ENC00067,v5,0.02540776678034219,0.06194093766246449,0.9126512988617546
ENC00080,v5,0.041048226952552794,0.049169621635228394,0.9097821485996246
ENC00081,v5,0.02106181307843342,0.06506006605923176,0.9138781174574748
ENC00084,v5,0.026495507242193874,0.06619784771464765,0.9073066459252284
ENC00088,v5,0.03331126432831042,0.05968911599402673,0.9069996158653331
ENC00089,v5,0.03472237253441013,0.04858664451367992,0.9166909825029991
ENC00090,v5,0.02992281502932866,0.04895786872244815,0.9211193140762955
ENC00096,v5,0.033888031326403674,0.05680092251436277,0.909311044216156
ENC00098,v5,0.023441159588401206,0.05868621233094018,0.9178726291283965
ENC00103,v5,0.014120508793275803,0.06763607667759061,0.9182434141635895
ENC00106,v5,0.015707737241327936,0.06164989109027248,0.9226423674236143
ENC00111,v5,0.018011394328618,0.07127399608913448,0.9107146118917773
ENC00113,v5,0.0,0.07225663760918698,0.9277433566464722
ENC00121,v5,0.020215536517496326,0.06277085311056776,0.9170136060423524
ENC00125,v5,0.029371211698990526,0.06043599117395839,0.9101927939469252
ENC00128,v5,0.03564928622134695,0.0583170333245237,0.9060336803751332
ENC00130,v5,0.02749958984812137,0.059474006703082664,0.9130264011612774
ENC00133,v5,0.03234316515013704,0.05436534829566191,0.91329148771434
ENC00143,v5,0.03441491203515657,0.059981257574898854,0.9056038303034646
ENC00149,v5,0.026831953417804602,0.06223331740219816,0.9109347299706164
ENC00151,v5,0.0,0.07300609156178932,0.9269939102232456
ENC00159,v5,0.020446477480268534,0.06162224008809202,0.9179312816032996
ENC00162,v5,0.02635994297452271,0.06115306599728637,0.91248698860912
ENC00164,v5,0.018923668961877516,0.060073601324921067,0.9210027309431545
ENC00167,v5,0.020616953265077124,0.06855761220989127,0.9108254313468933
ENC00170,v5,0.0301200540805733,0.053424669944490334,0.9164552766343822
ENC00171,v5,0.0288109482450734,0.053180001014150866,0.9180090461880708
ENC00173,v5,0.0275622141832458,0.05047839789637434,0.9219593863878677
ENC00188,v5,0.01576587891078464,0.0736676324158907,0.9105664885813191
ENC00191,v5,0.03090904140844941,0.05736240121048121,0.9117285614921933
ENC00192,v5,0.025306357263142,0.056397261691914086,0.9182963798875394
ENC00193,v5,0.014910007098310248,0.06380086038031696,0.9212891334368859
ENC00202,v5,0.023121602992162208,0.053714828162982654,0.9231635726786949
ENC00208,v5,0.015236064706236944,0.07004082636958962,0.9147231086678461
ENC00209,v5,0.033389004887597766,0.04924391027967072,0.9173670874279776
ENC00210,v5,0.02746171743226375,0.056822818595656126,0.9157154610914777
ENC00214,v5,0.0,0.08098821251288704,0.9190117893011673
ENC00217,v5,0.026504095847698025,0.06358672864735126,0.9099091761303644
ENC00237,v5,0.034305916619761026,0.05352241914335858,0.9121716675512931
ENC00238,v5,0.027965656709452363,0.05986621919209543,0.912168127687081
ENC00250,v5,0.025544342881612545,0.06051198114533868,0.9139436768219534
ENC00255,v5,0.02613928620481775,0.0692503168114594,0.9046103971345084
ENC00256,v5,0.027165816789402546,0.06016347425293575,0.9126707107118033
ENC00259,v5,0.04076110984783108,0.05230337578584166,0.906935513603921
ENC00260,v5,0.026167506341320965,0.06549495887011289,0.9083375334739685
ENC00263,v5,0.019287747091480664,0.06639296799188568,0.914319288162958
ENC00264,v5,0.029565881058573724,0.05350232269614935,0.9169317955970764
ENC00267,v5,0.020516099089838785,0.0636220059275408,0.9158618936643881
ENC00270,v5,0.034791010045787184,0.05148325264226736,0.9137257344839049
ENC00271,v5,0.027373569358561962,0.05505226714149961,0.9175741623782512
ENC00272,v5,0.021515509663359786,0.057283050163572,0.9212014415210351
ENC00275,v5,0.020860088825709402,0.06677949156325597,0.9123604137163895
ENC00289,v5,0.019204122670959653,0.06111503320766224,0.9196808423927362
ENC00291,v5,0.02719389087573256,0.0620818849002837,0.9107242260339126
ENC00292,v5,0.017985055237659253,0.06423034163890406,0.917784604554375
ENC00294,v5,0.036556837727777035,0.05637642567124322,0.9070667412793525
ENC00296,v5,0.03068920101641732,0.051893622934014776,0.9174171756295597
ENC00298,v5,0.02575437858513044,0.06305390161772569,0.9111917148264803
ENC00304,v5,0.032933340133038454,0.0506707739809321,0.9163958840072155
ENC00306,v5,0.026028931954758125,0.06438630320937247,0.909584764424745
ENC00310,v5,0.03221616772047821,0.05605661145278386,0.9117272223745073
ENC00319,v5,0.030106358489302813,0.06293885936995722,0.9069547776905995
ENC00323,v5,0.03183480117380798,0.05518923806372338,0.9129759605059367
ENC00326,v5,0.02151570472259274,0.06419460966052222,0.9142896884254047
ENC00327,v5,0.026775814851068638,0.06107031040062959,0.9121538747440685
ENC00329,v5,0.033317595926801793,0.060346856745688814,0.9063355451044829
ENC00330,v5,0.023508790171601707,0.06251638397160504,0.9139748262034522
ENC00336,v5,0.024555267577495755,0.053523567269402966,0.9219211675698245
ENC00337,v5,0.017401356169761253,0.06722543531514961,0.9153732117907755
ENC00341,v5,0.023970604807670628,0.05758957261319405,0.918439828391586
ENC00344,v5,0.031092179569282702,0.05364062216665064,0.9152671958718981
ENC00349,v5,0.016975341441598044,0.06295673829476231,0.9200679150599878
ENC00358,v5,0.0,0.06733322414373488,0.9326667777801815
ENC00359,v5,0.030470212985859897,0.055412374618576794,0.9141174104155564
ENC00360,v5,0.03391873202885368,0.05260309794296821,0.9134781669293132
ENC00362,v5,0.008422197785465886,0.07303465303837084,0.9185431506119522
ENC00368,v5,0.02175497561539254,0.060516860751696856,0.9177281639792703
ENC00372,v5,0.017348787375329727,0.07189080014225395,0.9107604095305519
ENC00376,v5,0.022077297592589345,0.0654533656869227,0.9124693377659872
ENC00381,v5,0.022895425698138717,0.0531957059734522,0.9239088736082378
ENC00382,v5,0.029708730739550392,0.05494722044004977,0.9153440525230853
ENC00386,v5,0.027202522572453904,0.05681526498950046,0.9159822173740553
ENC00389,v5,0.02929668254118493,0.06044498281620389,0.9102583364617053
ENC00390,v5,0.032435505912278076,0.05805050349179782,0.909513990489804
ENC00392,v5,0.028140742325922473,0.052512628003023566,0.9193466331809759
ENC00393,v5,0.029400200033047066,0.0590169614136923,0.9115828350773008
ENC00402,v5,0.028034101868338816,0.0676546008283392,0.9043112954962145
ENC00403,v5,0.025457848789079522,0.05461922517364345,0.9199229282576863
ENC00405,v5,0.02418068306481776,0.06611466223451619,0.909704651683569
ENC00413,v5,0.0321041632798456,0.058594817047317824,0.9093010204178946
ENC00414,v5,0.02801393233083126,0.06596546539520266,0.9060205997539168
ENC00418,v5,0.024452272131638503,0.06545814120721433,0.9100895882934652
ENC00419,v5,0.02542284315275232,0.05937018064632468,0.9152069770506699
ENC00424,v5,0.03713942576298671,0.05630013589804943,0.9065604405065554
ENC00428,v5,0.021144314101547934,0.06288662845327053,0.9159690607339144
ENC00432,v5,0.020859137117862702,0.058512177176773546,0.9206286859512329
ENC00433,v5,0.027536592772981573,0.06609882819916933,0.9063645774318326
ENC00435,v5,0.0,0.06998277007043362,0.9300172295570374
ENC00436,v5,0.02419403441490431,0.05736562644597143,0.9184403419494629
ENC00441,v5,0.02704802859807387,0.056214284206576204,0.9167376870618147
ENC00443,v5,0.02345469425132648,0.07255178484423407,0.9039935175029711
ENC00444,v5,0.014184919321183664,0.060145983931279796,0.9256690964102745
ENC00451,v5,0.026760557310585426,0.059555589098413034,0.9136838609317564
ENC00453,v5,0.028247009283529783,0.06218381065430991,0.9095691797930167
ENC00456,v5,0.03009709024824846,0.06199283555242015,0.9079100765563823
ENC00457,v5,0.035077828862895705,0.0533084917609414,0.9116136799119923
ENC00459,v5,0.03399159921020383,0.05840927931188627,0.9075991238346537
ENC00461,v5,0.029824819625093694,0.06419462204146921,0.9059805602170108
ENC00462,v5,0.02890831264878877,0.058123455650991564,0.9129682314215284
ENC00444,v5,0.014184919321183664,0.060145983931279796,0.9256690964102745
ENC00449,v5,0.03417455990601218,0.057393827475607395,0.9084316139871423
ENC00451,v5,0.025812246420511366,0.05878064581976,0.9154071090495692
ENC00453,v5,0.028247009283529783,0.06218381065430991,0.9095691797930167
ENC00456,v5,0.03254765708194931,0.06415425990650683,0.9032980795995689
ENC00457,v5,0.03378168811038958,0.054132558860060735,0.912085755134192
ENC00459,v5,0.03399159921020383,0.05840927931188627,0.9075991238346537
ENC00461,v5,0.0288487571929379,0.06478232082546405,0.9063689261674881
ENC00462,v5,0.02890831264878877,0.058123455650991564,0.9129682314215284
ENC00463,v5,0.039367175125950796,0.05444260327990011,0.9061902224647332
ENC00464,v5,0.01834555014988965,0.0601779965862716,0.9214764550580816
ENC00465,v5,0.0289989904306779,0.06239399422685172,0.9086070184739644
ENC00469,v5,0.03313281557022302,0.054370862855784484,0.9124963203472878
ENC00471,v5,0.021706245294476432,0.05693168519803929,0.9213620708102271
ENC00474,v5,0.019229849952896186,0.06907414665057075,0.911696005210602
ENC00475,v5,0.021318149889874106,0.057198813853456695,0.921483030389337
ENC00477,v5,0.021207311295701147,0.06268467664494551,0.9161080095104706
ENC00478,v5,0.02812380183087749,0.06020190347438661,0.9116742956304105
ENC00479,v5,0.026104640123187837,0.05738371002542622,0.916511648279779
ENC00482,v5,0.03157883311723708,0.05331051202665549,0.9151106593199074
ENC00489,v5,0.04673394397126906,0.06092018105390698,0.8923458715881964
ENC00490,v5,0.0159973399342886,0.060696792664231766,0.9233058653060039
ENC00492,v5,0.025262103185370983,0.06938311520302406,0.9053547822426413
ENC00511,v5,0.02871861394982193,0.06024929482455008,0.9110320929054901
ENC00513,v5,0.03074549838307906,0.055779681947420945,0.9134748166257685
ENC00519,v5,0.033415360529193264,0.05602123524422628,0.9105634045426862
ENC00524,v5,0.03503775433411153,0.05816902528580242,0.9067932199505926
ENC00529,v5,0.026137097840114396,0.0609891389192331,0.9128737626689496
ENC00538,v5,0.03296984631887025,0.05960583983845002,0.9074243156759588
ENC00543,v5,0.029450924929586196,0.06706119075062729,0.9034878855659848
ENC00548,v5,0.02934167629527841,0.059081798108915486,0.9115765211628932
ENC00550,v5,0.02736592304301999,0.05887280232323113,0.9137612703025982
ENC00559,v5,0.027579617040031704,0.05997194059593372,0.9124484446423113
ENC00562,v5,0.03509744042295869,0.04902941823600471,0.9158731418497422
ENC00563,v5,0.022325141970733448,0.06653292116243392,0.9111419378646782
ENC00571,v5,0.026600404467528604,0.05823838325205502,0.9151612144366951
ENC00573,v5,0.026228547388863925,0.058834518192688354,0.9149369335657841
ENC00575,v5,0.031185805504007832,0.05257355066799167,0.916240646355394
ENC00577,v5,0.02517531023815621,0.0626796060205661,0.9121450883473536
ENC00580,v5,0.028988467443043425,0.055568031117981,0.9154434992421058
ENC00581,v5,0.029812904889695346,0.061261924054247865,0.9089251693451044
ENC00587,v5,0.030114760398018088,0.0629048874263059,0.9069803568449888
ENC00590,v5,0.028548748374490413,0.059751247624093194,0.9117000001972004
ENC00591,v5,0.02285581366651548,0.06256854513552614,0.9145756386793576
ENC00592,v5,0.03980313505751976,0.0474286518670666,0.9127682120936691
ENC00596,v5,0.027044740486113977,0.05768925844717564,0.9152660051153766
ENC00598,v5,0.026857697447530585,0.05689960982942698,0.9162426894786311
ENC00600,v5,0.01204743502728109,0.07281865807516234,0.9151339025724502
ENC00606,v5,0.029092187476582335,0.05509013149642596,0.9158176801500529
ENC00608,v5,0.03539336503793796,0.055106831723380656,0.9094998030435472
ENC00620,v5,0.027126866148563324,0.05601006470151715,0.9168630654995258
ENC00631,v5,0.03329797690837748,0.06806266392684646,0.898639362388187
ENC00637,v5,0.017141038965319797,0.07416009959973852,0.9086988635209142
ENC00640,v5,0.022898536062531984,0.0671471266241947,0.9099543348397359
ENC00643,v5,0.017396711671883065,0.0663604413352485,0.916242853088199
ENC00657,v5,0.024159457609448192,0.06207654276094236,0.9137639966044393
ENC00661,v5,0.023198853404532503,0.06240204058763549,0.9143991038555236
ENC00665,v5,0.024310486880993402,0.05792379576574873,0.9177657224513867
ENC00667,v5,0.03202185986862917,0.05330493178085557,0.9146732049328941
ENC00671,v5,0.008655543311105705,0.05987712059470807,0.9314673391188154
ENC00694,v5,0.02586147441512107,0.053595778066664934,0.9205427425248283
ENC00696,v5,0.0283687859463195,0.0618875226782014,0.9097436929742495
ENC00697,v5,0.01342860878863876,0.06306782898006089,0.9235035618510815
ENC00711,v5,0.02178291593339633,0.05580204084452072,0.9224150428040461
ENC00717,v5,0.017182980357045,0.0661553429378258,0.9166616797447205
ENC00720,v5,0.024166621423015993,0.06277299343663104,0.9130603846381692
ENC00721,v5,0.017940851207403047,0.06280689423920603,0.919252254941442
ENC00727,v5,0.02454273857629711,0.05481248375297965,0.9206447777779478
ENC00729,v5,0.03296414366203178,0.06630836095008039,0.900727493246806
ENC00730,v5,0.02501057297922671,0.060444307219433155,0.9145451229915285
ENC00734,v5,0.024611964272825342,0.06696759281974089,0.9084204460445203
ENC00744,v5,0.02419558537270253,0.06125068226053069,0.9145537321766217
ENC00747,v5,0.03891569820066162,0.048398782992550474,0.9126855134963989
ENC00748,v5,0.030147739824565964,0.05659650343245473,0.913255757812796
ENC00749,v5,0.02845872938632965,0.06374390739559506,0.9077973620345196
ENC00752,v5,0.01892052315713339,0.059064875428997715,0.9220146045718395
ENC00753,v5,0.02317192661575973,0.07240440247114747,0.9044236734509468
ENC00757,v5,0.01891480760771579,0.061858712125194164,0.9192264814709508
ENC00759,v5,0.03184417063104255,0.058085888624191284,0.910069939469089
ENC00762,v5,0.020490929911529104,0.057677896840013856,0.9218311769755807
ENC00765,v5,0.012698329453335398,0.07082044883546504,0.9164812151681293
ENC00771,v5,0.025192652186176376,0.05923731863984595,0.9155700303938078
ENC00772,v5,0.03471592536956911,0.05519934310118707,0.9100847378583021
ENC00778,v5,0.022836414829934717,0.06564283505326411,0.9115207532390219
ENC00787,v5,0.014010627775591004,0.06703108957865173,0.9189582820291873
ENC00788,v5,0.023390443565592438,0.057015798751029884,0.9195937578742569
ENC00792,v5,0.017475705059422624,0.06906183362007141,0.9134624628793626
ENC00797,v5,0.016925629685986144,0.0676790461072634,0.9153953215171551
ENC00801,v5,0.0,0.06213314090829693,0.9378668596731365
ENC00802,v5,0.03375472615395362,0.06379840348381549,0.9024468728651603
ENC00807,v5,0.0,0.06166352136409219,0.9383364804288282
ENC00808,v5,0.02728259583692188,0.05968147508152153,0.9130359302396359
ENC00812,v5,0.024011348977430978,0.06229898754055753,0.9136896648190238
ENC00813,v5,0.027018694850780508,0.06680267754321297,0.9061786269440371
ENC00815,v5,0.020870002488104198,0.06620017454757557,0.9129298225149408
ENC00830,v5,0.024873822538749032,0.05541422677266857,0.9197119474411011
ENC00832,v5,0.0,0.07414258515802763,0.9258574119178198
ENC00838,v5,0.026360763494219435,0.043749294911609275,0.9298899444310289
ENC00845,v5,0.019029041521251202,0.06350363938510419,0.9174673185348511
ENC00848,v5,0.03159623473173881,0.05774160144867095,0.9106621700050557
ENC00849,v5,0.02554063261136092,0.058001898729833225,0.9164574671817082
ENC00002,v6,0.031013208185610028,0.044927536676649324,0.9240592556235231
ENC00003,v6,0.03527500755214868,0.04272110410965979,0.9220038844566596
ENC00004,v6,0.02572261330809582,0.041400270663017845,0.9328771164878406
ENC00006,v6,0.02977645993826399,0.03994405607273616,0.9302794845455671
ENC00007,v6,0.03498164626895293,0.04278057904683807,0.9222377732898412
ENC00008,v6,0.027600236271641085,0.040790703099753176,0.9316090638296944
ENC00013,v6,0.02885479221897801,0.03479111122011434,0.9363540976535617
ENC00014,v6,0.014223241174854144,0.05058306830553965,0.9351936918466203
ENC00017,v6,0.027784725147384136,0.0466307738668878,0.9255845012989912
ENC00022,v6,0.045623490892957606,0.03864594256986728,0.9157305667909343
ENC00023,v6,0.02508727116396696,0.04375051839231718,0.9311622134069117
ENC00024,v6,0.01893694457718201,0.04789036993057497,0.9331726866383706
ENC00031,v6,0.024096082285362877,0.043558699459587256,0.9323452175038416
ENC00034,v6,0.03872671412107976,0.03829508553645764,0.9229782021533676
ENC00043,v6,0.025765668158057517,0.04415141532458172,0.9300829169046075
ENC00052,v6,0.030383941367596697,0.038114859548836484,0.9315011986179055
ENC00063,v6,0.031028410992395058,0.04655690840920623,0.9224146780919056
ENC00064,v6,0.026932799483579146,0.047297793620635034,0.9257694080753146
ENC00065,v6,0.029345213512878447,0.037824712573894574,0.9328300755053635
ENC00067,v6,0.029957512694778383,0.04065154706888379,0.9293909431050676
ENC00080,v6,0.04453724055317136,0.03332884941611127,0.9221339089229769
ENC00081,v6,0.024172838673934917,0.042507558539188625,0.9333196012624378
ENC00084,v6,0.03269014631640084,0.03879849276287965,0.9285113638193072
ENC00088,v6,0.03514378016188857,0.03906473875395022,0.9257914770860225
ENC00089,v6,0.03292756769302729,0.037960221294548596,0.9291122177162686
ENC00090,v6,0.03371409355087927,0.036054117328812633,0.9302317890824313
ENC00096,v6,0.04025615702106894,0.03909744299272751,0.9206463982770731
ENC00098,v6,0.029975753497986243,0.04293200607966394,0.9270922402118115
ENC00103,v6,0.014874103088424398,0.04615457290604424,0.938971323462633
ENC00106,v6,0.018529215005051555,0.042409181045815675,0.9390616023904892
ENC00111,v6,0.021448380418400713,0.044725307786369066,0.9338263097931357
ENC00113,v6,0.0,0.0814262050180099,0.9185738005699255
ENC00121,v6,0.03076923113018974,0.04451633950896526,0.9247144309567733
ENC00125,v6,0.03953497370947962,0.043790517725806305,0.9166745029497838
ENC00128,v6,0.03501412718105712,0.03375252344631008,0.931233350886032
ENC00130,v6,0.034676920753299145,0.043054127390360276,0.9222689507997524
ENC00133,v6,0.035438541397542773,0.04151709387711819,0.9230443661652722
ENC00143,v6,0.03804335456698027,0.039135148599598324,0.9228214947506785
ENC00149,v6,0.029356049903106154,0.03500144895306736,0.9356425050294624
ENC00151,v6,0.0,0.07327063574359335,0.9267293584757837
ENC00159,v6,0.019525543722816428,0.04789187711111869,0.9325825773226987
ENC00162,v6,0.03186134519622789,0.04560272754902767,0.9225359274651194
ENC00164,v6,0.02093629827587653,0.0405322915113133,0.9385314116339466
ENC00167,v6,0.01804073381066408,0.04778092224472042,0.9341783461899593
ENC00170,v6,0.027154286383566532,0.039902115354991774,0.9329435971650211
ENC00171,v6,0.03152703618756137,0.039449736287888996,0.9290232280125985
ENC00173,v6,0.03132722247391939,0.03806667261912177,0.9306061026950677
ENC00188,v6,0.020629415996646618,0.04669385805506917,0.9326767314882839
ENC00191,v6,0.03987819882623183,0.039604596608581066,0.9205172054278545
ENC00192,v6,0.02704179277066636,0.04423925721506893,0.9287189479950255
ENC00193,v6,0.02008136403259583,0.046054867204538615,0.9338637711696847
ENC00202,v6,0.024722240302248528,0.042513123166466514,0.9327646402454881
ENC00208,v6,0.018221428088576498,0.046215041734588645,0.9355635303590033
ENC00209,v6,0.03575577509943097,0.041171895882941505,0.923072330454454
ENC00210,v6,0.02768816630769935,0.041830176685902255,0.9304816554541941
ENC00214,v6,0.0,0.08451608639387857,0.9154839137243846
ENC00217,v6,0.03513582696859527,0.05216673107480439,0.9126974400572889
ENC00237,v6,0.03815054751419443,0.038578931693633904,0.9232705211152836
ENC00238,v6,0.02870166229670225,0.03712988440910804,0.9341684536173426
ENC00250,v6,0.03094951210804521,0.04666151560748079,0.922388971611193
ENC00255,v6,0.02572376911955901,0.050570537397241,0.923705691685442
ENC00256,v6,0.03370998301759165,0.048411096742265666,0.9178789163267376
ENC00259,v6,0.03586694888326747,0.031879355912678875,0.9322536939289421
ENC00260,v6,0.03160347427762244,0.04356327563804645,0.9248332512635057
ENC00263,v6,0.018544858571874098,0.049496478562625505,0.9319586640148494
ENC00264,v6,0.027565875952244526,0.0387066473716483,0.933727478923429
ENC00267,v6,0.02425214266182766,0.042184004524634,0.9335638534455072
ENC00270,v6,0.040729908445784495,0.0383708143990543,0.9208992746607143
ENC00271,v6,0.03328128784778528,0.04075001603268902,0.925968696246855
ENC00272,v6,0.021544157580671765,0.04556050015826575,0.9328953404331681
ENC00275,v6,0.01939543681066186,0.04388198217140957,0.9367225827745429
ENC00289,v6,0.021481835111444525,0.042081883791979635,0.9364362773485482
ENC00291,v6,0.027940745330265453,0.04567372934712518,0.9263855226578251
ENC00292,v6,0.021562024798745718,0.04426926613797969,0.9341687101584214
ENC00294,v6,0.03344390253769234,0.03625148745253682,0.9303046071529388
ENC00296,v6,0.03176763995926189,0.039413157078689635,0.9288192045622767
ENC00298,v6,0.030036524481450517,0.0411613995468037,0.9288020733329985
ENC00304,v6,0.03286532010497467,0.03669712968257954,0.9304375492502004
ENC00306,v6,0.02779237527198741,0.05231564646663024,0.9198919789135804
ENC00310,v6,0.03504805621378182,0.037326884776121005,0.9276250596158206
ENC00319,v6,0.0323657611848779,0.038216661519733776,0.9294175742620445
ENC00323,v6,0.03582404161861632,0.043849359708838166,0.9203265946358442
ENC00326,v6,0.026008048755350618,0.047850014211093014,0.9261419329349165
ENC00327,v6,0.029785943017486716,0.05463093673461117,0.9155831220559776
ENC00329,v6,0.03342994659717203,0.03896099232678485,0.9276090620929359
ENC00330,v6,0.02969921259903052,0.04082541283160607,0.929475374361302
ENC00336,v6,0.03178812927990869,0.04461432964529229,0.923597544808931
ENC00337,v6,0.01889980506607668,0.046918325433309406,0.9341818674447688
ENC00341,v6,0.023972545845629595,0.042587947249618355,0.9334395066809259
ENC00344,v6,0.03351206149259382,0.039789865470745346,0.9266980746068245
ENC00349,v6,0.017597936451815628,0.04739141117240633,0.9350106511064755
ENC00358,v6,0.0,0.08924564576961777,0.9107543500986967
ENC00359,v6,0.03085842430179949,0.04238281133507497,0.926758763539857
ENC00360,v6,0.032754255158579326,0.03699387017695699,0.9302518754266202
ENC00362,v6,0.010632894143598587,0.056467151128207195,0.9328999555472172
ENC00368,v6,0.028693940204102545,0.03858537092804909,0.9327206861972809
ENC00372,v6,0.020218755402200417,0.04590531732641198,0.9338759274652162
ENC00376,v6,0.024095275222908896,0.043456012448773555,0.932448712296975
ENC00381,v6,0.02244944496987722,0.04172050660141768,0.935830050554031
ENC00382,v6,0.03474805124163154,0.040703608703715775,0.9245483364377703
ENC00386,v6,0.027711297649688816,0.04650186146987048,0.9257868415600544
ENC00389,v6,0.03388042838267255,0.046629219770249794,0.9194903519095444
ENC00390,v6,0.03072589873941352,0.04481745836993227,0.9244566462134237
ENC00392,v6,0.03465444614777147,0.03713806025887752,0.928207494429688
ENC00393,v6,0.028529540169984102,0.04668256942311238,0.9247878906370579
ENC00402,v6,0.027384626624606005,0.04069005851974575,0.9319253110304111
ENC00403,v6,0.03874967836834971,0.0391815636527314,0.9220687561137701
ENC00405,v6,0.026255582604790106,0.04162926890421659,0.9321151476066846
ENC00413,v6,0.031593406518282886,0.0366109530419601,0.9317956446481982
ENC00414,v6,0.03139635879233538,0.04160485682223225,0.9269987812731415
ENC00418,v6,0.03152523185374469,0.04297306892302262,0.9255016989256504
ENC00419,v6,0.025913514142954036,0.04616526453020541,0.927921220817064
ENC00424,v6,0.03720555023435469,0.037245071100053984,0.9255493761749443
ENC00428,v6,0.02327897447732187,0.04396327375434339,0.9327577539990025
ENC00432,v6,0.03244527115143443,0.03898321154380315,0.9285715169028232
ENC00433,v6,0.02821435876732388,0.044899540816051554,0.9268860976059599
ENC00435,v6,0.0,0.07461280578040871,0.9253871903337282
ENC00436,v6,0.0255986851822984,0.03970447685643439,0.9346968396788552
ENC00441,v6,0.03161192630625707,0.042099186630444006,0.9262888875413449
ENC00443,v6,0.022264861133477937,0.04407987771824432,0.9336552599874827
ENC00444,v6,0.018243396746390684,0.05342339686169399,0.9283332026849581
ENC00451,v6,0.026668447484553326,0.04357436496745019,0.9297571890056133
ENC00453,v6,0.035957211242057384,0.044218103177845476,0.9198246884346009
ENC00456,v6,0.03704812832649857,0.04451386649311791,0.9184380000637423
ENC00457,v6,0.036636775852037735,0.03724289424896527,0.9261203264960876
ENC00459,v6,0.035909473028493254,0.04686239414708051,0.9172281312615904
ENC00461,v6,0.029818098175334422,0.03925983594322109,0.9309220658266608
ENC00444,v6,0.018243396746390684,0.05342339686169399,0.9283332026849581
ENC00449,v6,0.03874620067599778,0.036652027529220435,0.9246017726782326
ENC00451,v6,0.026668447484553326,0.04357436496745019,0.9297571890056133
ENC00453,v6,0.035957211242057384,0.044218103177845476,0.9198246884346009
ENC00456,v6,0.03704812832649857,0.04451386649311791,0.9184380000637423
ENC00457,v6,0.036636775852037735,0.03724289424896527,0.9261203264960876
ENC00459,v6,0.035909473028493254,0.04686239414708051,0.9172281312615904
ENC00461,v6,0.029818098175334422,0.03925983594322109,0.9309220658266608
ENC00462,v6,0.02619330506838326,0.04231494163483882,0.9314917568900004
ENC00463,v6,0.038736514921765774,0.04057809273945168,0.920685388147831
ENC00464,v6,0.02448886772909954,0.04419915534742956,0.9313119779570831
ENC00465,v6,0.02933908768957763,0.04105377297453357,0.9296071372850977
ENC00469,v6,0.02982007572644991,0.0384575136258293,0.9317224073075803
ENC00471,v6,0.02905470359403251,0.05380768302494465,0.9171376117129824
ENC00474,v6,0.02246290405942388,0.04548658631637553,0.9320505105446433
ENC00475,v6,0.021869184644777835,0.04542854275945344,0.9327022771776459
ENC00477,v6,0.028555308434454398,0.04568368984415891,0.9257610007410958
ENC00478,v6,0.032548665712986674,0.038015718811324664,0.9294356151989528
ENC00479,v6,0.02791079194832812,0.04402644270483185,0.9280627678422367
ENC00482,v6,0.040213533604020225,0.03831340393041753,0.9214730612270495
ENC00489,v6,0.037201068341518685,0.03676588191663116,0.9260330510034435
ENC00490,v6,0.01720763786129423,0.044202421033351695,0.9385899431312207
ENC00492,v6,0.026863383765193857,0.04081510909840711,0.9323215065908826
ENC00511,v6,0.028762775612597026,0.040297917544077605,0.9309393075796274
ENC00513,v6,0.032324730963145774,0.046651208367679387,0.921024055730912
ENC00519,v6,0.03665973030570182,0.0390514915381543,0.9242887861741697
ENC00524,v6,0.03533076224994147,0.03325049253180623,0.9314187481068075
ENC00529,v6,0.029047604625878846,0.04168846438204899,0.9292639287978567
ENC00538,v6,0.035969523154837015,0.04146118527150726,0.9225692924571364
ENC00543,v6,0.030470044012371526,0.04316999535646518,0.9263599609233895
ENC00548,v6,0.029975707343380367,0.049593765736110025,0.9204305259438305
ENC00550,v6,0.02703182603181631,0.037336848909035325,0.9356313259340823
ENC00559,v6,0.02969016973474936,0.03727460092341062,0.9330352284014225
ENC00562,v6,0.032936944263179,0.033351053520708884,0.9337120001011483
ENC00563,v6,0.0256864359304894,0.04808708837168067,0.9262264739156394
ENC00571,v6,0.029784904432793458,0.043155325036495926,0.9270597704251607
ENC00573,v6,0.03167545552706826,0.03538678221539405,0.9329377625862397
ENC00575,v6,0.03455969106045462,0.03957442463405671,0.9258658847501201
ENC00577,v6,0.031224175094871125,0.03615197298483404,0.9326238502733043
ENC00580,v6,0.02776765918991129,0.039500146326775266,0.9327321962586471
ENC00581,v6,0.03560551133614825,0.03980167233747058,0.924592818620909
ENC00587,v6,0.0341643100255169,0.046314977486617864,0.9195207160711288
ENC00590,v6,0.03003151207111585,0.037608574583935434,0.9323599103169563
ENC00591,v6,0.01932405380411831,0.043545270343110606,0.9371306750762975
ENC00592,v6,0.038103371338731554,0.036816804753567176,0.9250798231710202
ENC00596,v6,0.027995243270667228,0.04526946533191512,0.9267352914586313
ENC00598,v6,0.043106700792642574,0.03879943859453003,0.9180938595817203
ENC00600,v6,0.013775080566119868,0.047277827930744164,0.9389470898761199
ENC00606,v6,0.03912601043152098,0.03861403718222806,0.9222599532869127
ENC00608,v6,0.034232549584669876,0.039820193027743714,0.9259472582381585
ENC00620,v6,0.031914215942894196,0.040712288939352845,0.9273734941946722
ENC00631,v6,0.03025919316601983,0.04118139399911895,0.9285594127445578
ENC00637,v6,0.017662446634529764,0.04693185481388705,0.935405699962593
ENC00640,v6,0.02013791327690942,0.04803477805864236,0.9318273131012311
ENC00643,v6,0.024007414707271326,0.04773148070280141,0.9282611082171837
ENC00657,v6,0.029328514407906268,0.04668879999210023,0.9239826848109564
ENC00661,v6,0.02950534432702673,0.04594093337457962,0.9245537245084369
ENC00665,v6,0.03446216835256885,0.042936297533485816,0.922601531533634
ENC00667,v6,0.03649493972549126,0.03571094563674359,0.9277941130456471
ENC00671,v6,0.013724384914030129,0.06004801609203325,0.9262275987483085
ENC00694,v6,0.028569667585984324,0.03966464129925677,0.9317656921617913
ENC00696,v6,0.027892653490847494,0.04122898774836951,0.9308783514384131
ENC00697,v6,0.016937195514107033,0.04734070244733067,0.9357221032891955
ENC00711,v6,0.02799729921389371,0.04529841602421724,0.9267042879110727
ENC00717,v6,0.019919943456473046,0.04692379063818344,0.9331562671550485
ENC00720,v6,0.029369352114471524,0.03474447071467611,0.935886179858988
ENC00721,v6,0.020044110440857597,0.043287892858335626,0.9366679986317953
ENC00727,v6,0.026628076602073926,0.04228471160956448,0.9310872125369246
ENC00729,v6,0.03336135890458536,0.03867901959893061,0.9279596211854368
ENC00730,v6,0.027912415218341983,0.04261867952711805,0.929468900868387
ENC00734,v6,0.028739867986587342,0.04312955650311778,0.9281305734766647
ENC00744,v6,0.027785161787228983,0.048554655210034034,0.9236601822726105
ENC00747,v6,0.040595090479660804,0.04074509869934174,0.9186598132228294
ENC00748,v6,0.03471876702413623,0.04239507965982107,0.9228861558026281
ENC00749,v6,0.032120137842866825,0.037954473908030195,0.9299253872595727
ENC00752,v6,0.025352838361258064,0.047767090787003925,0.9268800716300111
ENC00753,v6,0.026493388123142753,0.044449441608666,0.929057166755544
ENC00757,v6,0.020055213959130923,0.04690026992466301,0.9330445170402527
ENC00759,v6,0.03308062928887766,0.040600802840256106,0.9263185669736165
ENC00762,v6,0.01754452660063863,0.043391155404230906,0.9390643144410754
ENC00765,v6,0.014106935815716797,0.04513188198740993,0.9407611836443891
ENC00771,v6,0.029164026875852674,0.04189816587971701,0.9289378068753793
ENC00772,v6,0.046101993848295775,0.039295181215685954,0.9146028252208934
ENC00778,v6,0.03029690394811169,0.04038442833463482,0.9293186710330478
ENC00787,v6,0.019599725136204678,0.05745543848504039,0.9229448367567623
ENC00788,v6,0.021966342677155304,0.04300327185644871,0.9350303888320923
ENC00792,v6,0.02322897322365803,0.04288020853889106,0.9338908157325143
ENC00797,v6,0.017671393660146376,0.04865397586806419,0.93367462930545
ENC00801,v6,0.0,0.07654520880752876,0.9234547953546783
ENC00802,v6,0.030750898831118804,0.042236856916277425,0.9270122441868324
ENC00807,v6,0.0,0.08608973094008186,0.9139102751558478
ENC00808,v6,0.03786071636750421,0.03374245067243464,0.9283968327799812
ENC00812,v6,0.023271672377616102,0.043352906526834295,0.9333754208004266
ENC00813,v6,0.03038862244855718,0.04061480436609824,0.9289965747821669
ENC00815,v6,0.02138872761043295,0.04476851004300304,0.9338427641974066
ENC00830,v6,0.027453200943643154,0.04382989289728123,0.9287169106179776
ENC00832,v6,0.0,0.07676042475063226,0.9232395722948271
ENC00838,v6,0.03404593203283314,0.040368100927610485,0.9255859681538173
ENC00845,v6,0.02106280897925856,0.04603149354479898,0.932905696552886
ENC00848,v6,0.03209218508587573,0.036882654451741485,0.9310251586328303
ENC00849,v6,0.024190607679462652,0.04084751876525399,0.9349618702400021
ENC00403,v7,0.027815500883540758,0.05592431896366179,0.916260176897049
ENC00405,v7,0.021861254338175058,0.057977602906525136,0.9201611413955688
ENC00413,v7,0.030675369144607615,0.05772717657589143,0.9115974505742391
ENC00414,v7,0.02572451506057405,0.06104424054501578,0.9132312438450754
ENC00418,v7,0.02615977803597579,0.06048233127473174,0.9133578946998527
ENC00419,v7,0.023183144997297362,0.06233386102725159,0.9144829939712178
ENC00424,v7,0.03863028166372152,0.04836112064945083,0.913008596688982
ENC00428,v7,0.022495837017893792,0.0654117110222578,0.9120924525260925
ENC00432,v7,0.02191000178501737,0.056297505804435995,0.921792489726369
ENC00433,v7,0.02715141868023317,0.059697732168399256,0.91315084842988
ENC00435,v7,0.0,0.07727553774085309,0.9227244622177548
ENC00436,v7,0.02200931517357533,0.056929754263913356,0.9210609293166008
ENC00441,v7,0.02477270311706501,0.05666395788248934,0.9185633424852715
ENC00443,v7,0.02154994686918982,0.0697588264900312,0.9086912240874901
ENC00444,v7,0.01678406105278746,0.062110761544646176,0.9211051791234124
ENC00451,v7,0.026674234327308987,0.06240578431027884,0.910919978910563
ENC00453,v7,0.027589030351489782,0.059410741835832594,0.9130002245903015
ENC00457,v7,0.033702925300447766,0.05560795197246272,0.9106891198989449
ENC00459,v7,0.033001683647283814,0.06236218313103194,0.9046361354681162
ENC00461,v7,0.02696090504331024,0.06103914546731271,0.9119999484012001
ENC00462,v7,0.028084412324342795,0.05230999026420734,0.9196055981752683
ENC00444,v7,0.01678406105278746,0.062110761544646176,0.9211051791234124
ENC00449,v7,0.03589677120509901,0.05427424773377808,0.9098289816003097
ENC00451,v7,0.026275852144780485,0.06262122403190594,0.9111029240820143
ENC00453,v7,0.027589030351489782,0.059410741835832594,0.9130002245903015
ENC00457,v7,0.03201313569664586,0.051887298834102216,0.916099573955063
ENC00459,v7,0.033001683647283814,0.06236218313103194,0.9046361354681162
ENC00461,v7,0.027030190791596066,0.062482440750105214,0.9104873646389354
ENC00462,v7,0.028084412324342795,0.05230999026420734,0.9196055981752683
ENC00463,v7,0.035695834878123986,0.054139859374027606,0.9101643094346543
ENC00464,v7,0.02037371799943375,0.07689426090199869,0.9027320251360045
ENC00465,v7,0.0261041186792268,0.06027604275467721,0.9136198401451111
ENC00469,v7,0.02922812403246228,0.051517294773033684,0.9192545771598816
ENC00471,v7,0.023750885702114297,0.05771517014906088,0.9185339490078991
ENC00474,v7,0.019638763252997727,0.0666964181559527,0.9136648145247632
ENC00475,v7,0.02279283871272734,0.06215288984175357,0.9150542678932349
ENC00477,v7,0.02206129217779057,0.06937595740374591,0.9085627489619785
ENC00478,v7,0.027954786615041288,0.05501045956397834,0.9170347535091897
ENC00479,v7,0.027195032508600326,0.05771078168606711,0.9150941854431516
ENC00482,v7,0.03567157905568839,0.06027197663582141,0.9040564471675504
ENC00489,v7,0.03678840496391058,0.052768638268113136,0.910442955493927
ENC00490,v7,0.015711419070755277,0.06293315252612446,0.9213554332078981
ENC00492,v7,0.025526725749174754,0.06146419843037923,0.9130090792973836
ENC00511,v7,0.028790150908371587,0.06162090754502865,0.9095889452050944
ENC00513,v7,0.027435383810822306,0.04995794596214747,0.9226066708564759
ENC00519,v7,0.031179702658762878,0.05244603642829876,0.916374264092281
ENC00524,v7,0.03420968808169509,0.057218588353402315,0.9085717214935127
ENC00529,v7,0.026198859979479534,0.0624017705735953,0.9113993761332139
ENC00538,v7,0.0336628722485214,0.05856654529888478,0.9077705778772869
ENC00543,v7,0.027776793639185195,0.06510367544041466,0.9071195273055244
ENC00548,v7,0.027595851798024443,0.05856055854302314,0.9138435827361213
ENC00550,v7,0.02877077677172341,0.05140647493073181,0.9198227451272207
ENC00559,v7,0.030042370254369944,0.056545626733599134,0.9134119988272065
ENC00562,v7,0.03242247100904218,0.04786846275273405,0.9197090654099573
ENC00563,v7,0.020032049761549837,0.06475262076262085,0.9152153339879266
ENC00571,v7,0.025037059824524532,0.06347259078452837,0.9114903469583882
ENC00573,v7,0.029843217627683157,0.05944976160748744,0.9107070225225368
ENC00575,v7,0.02982871172666226,0.055696342272036105,0.9144749408182891
ENC00577,v7,0.0239873327644028,0.06433957139158557,0.9116730946919014
ENC00580,v7,0.029115040755520263,0.0597527808376721,0.9111321795554388
ENC00581,v7,0.028201191717436395,0.06028814406062548,0.9115106560862981
ENC00587,v7,0.026989860544494523,0.05793239323671643,0.915077747322443
ENC00590,v7,0.02995795851554906,0.06292698056538507,0.9071150640449902
ENC00591,v7,0.02029503426318498,0.05999800402082895,0.9197069657476324
ENC00592,v7,0.031872603010980445,0.043123804078511664,0.9250035900279788
ENC00596,v7,0.026097639521534464,0.06014957496550231,0.9137527842437272
ENC00598,v7,0.026325285134913577,0.06011113878467107,0.9135635756466487
ENC00600,v7,0.013249895739755494,0.07423300359477387,0.9125171012066781
ENC00606,v7,0.03230531632093849,0.053999064785496494,0.9136956214177899
ENC00608,v7,0.02970013324200183,0.04974123356907174,0.9205586360406506
ENC00620,v7,0.02599735698179127,0.06053990963846445,0.9134627339931635
ENC00631,v7,0.03170309297274798,0.06625576198101044,0.9020411443710327
ENC00637,v7,0.020089397466859046,0.07402147898830257,0.9058891239675503
ENC00640,v7,0.022030997570459798,0.05878656055830734,0.9191824432829736
ENC00643,v7,0.01932463284042156,0.06840453144501556,0.9122708311135118
ENC00657,v7,0.025524237186562083,0.060178868485786394,0.9142968929405754
ENC00661,v7,0.022808122644034614,0.0645915101881006,0.912600364536047
ENC00665,v7,0.027824461707896597,0.061899784730251775,0.9102757518444586
ENC00667,v7,0.03152796364866379,0.050913884471041886,0.9175581505628136
ENC00671,v7,0.010235262476677491,0.06909090286690342,0.920673833405676
ENC00694,v7,0.027759250775974898,0.05136404657835951,0.9208767040995242
ENC00696,v7,0.028533416400390744,0.06467203295441588,0.9067945492388022
ENC00697,v7,0.01259694504331938,0.06337869251674076,0.9240243682321513
ENC00711,v7,0.022811483207828644,0.06142954413958809,0.915758972105227
ENC00717,v7,0.01983029127586633,0.06687724763019519,0.9132924654267051
ENC00720,v7,0.025850844974995832,0.05323452472665839,0.9209146245142047
ENC00721,v7,0.017889068712849683,0.06343059215277176,0.9186803385101515
ENC00727,v7,0.025266365553703037,0.058379161239211115,0.9163544730794045
ENC00729,v7,0.03399894289587709,0.06178417231210254,0.9042168877341531
ENC00730,v7,0.023807806626519584,0.05826928903620074,0.9179229051109374
ENC00734,v7,0.024886198459178444,0.06104980797807532,0.9140639887081357
ENC00744,v7,0.026201586451526118,0.06611661962007434,0.9076817984719878
ENC00747,v7,0.03915302025373368,0.05753002638983376,0.903316955356037
ENC00748,v7,0.02766767119474966,0.05172005517344023,0.9206122710787017
ENC00749,v7,0.026773740569456615,0.05666881072413148,0.9165574462359188
ENC00752,v7,0.02071401738628213,0.06327177649363876,0.9160142089639391
ENC00753,v7,0.022623481745224282,0.057456332420849285,0.9199201874974845
ENC00757,v7,0.017174437328909352,0.06390094349935518,0.9189246201937178
ENC00759,v7,0.031475109767846086,0.05193174080727817,0.9165931473245154
ENC00762,v7,0.017726140262311674,0.05648562149144709,0.9257882409729064
ENC00765,v7,0.01280816820655189,0.06875188276171684,0.9184399498712033
ENC00771,v7,0.028051134010758063,0.05870035048009771,0.9132485136841283
ENC00772,v7,0.03314442370794023,0.06008984691773852,0.9067657225661807
ENC00778,v7,0.02205254408746346,0.06510458203421822,0.9128428786548216
ENC00787,v7,0.01358056767743879,0.06911457817269755,0.9173048527113029
ENC00788,v7,0.023892289920380914,0.05746990557115777,0.918637806759741
ENC00792,v7,0.01712422336942639,0.06860087936123212,0.9142748981483223
ENC00797,v7,0.015958094264432374,0.0679607476901125,0.916081158651246
ENC00801,v7,0.0,0.06881592549836717,0.9311840727522567
ENC00802,v7,0.030787220494036215,0.06162254857909249,0.9075902384447764
ENC00807,v7,0.0,0.06641953926058423,0.9335804593643086
ENC00808,v7,0.028919435856836057,0.055515733422405684,0.9155648310682667
ENC00812,v7,0.024711861919091496,0.06315817717496339,0.9121299627664927
ENC00813,v7,0.02426465357676512,0.05422151663408774,0.9215138258972788
ENC00815,v7,0.020722483066723696,0.06917801240666045,0.9100995016476464
ENC00830,v7,0.02457121131651172,0.06048568083537281,0.9149431121458701
ENC00832,v7,0.0,0.07184682039828119,0.9281531789545285
ENC00838,v7,0.027814582732051264,0.05597840127166967,0.9162070203659146
ENC00845,v7,0.021142090311435265,0.06490916263048105,0.9139487461780939
ENC00848,v7,0.02855896450535849,0.05859739687510355,0.9128436404605245
ENC00849,v7,0.024365080622853814,0.060186558945493386,0.9154483577707312
