encounter_id,version,image_avg,text_avg,sink_avg
ENC00002,v1,0.04358928965129813,0.14712809038455368,0.8092826204221757
ENC00003,v1,0.03904453528424104,0.9576381132716224,0.0033173548002239494
ENC00004,v1,0.049299944428106146,0.17009489276756842,0.7806051659584046
ENC00006,v1,0.04521735947766975,0.16712299389999455,0.7876596430770489
ENC00007,v1,0.04390080984060963,0.1610511818693744,0.7950480133295059
ENC00008,v1,0.04032029061218594,0.13488806299127565,0.8247916462397812
ENC00013,v1,0.04807749720958044,0.14161380412021898,0.8103086976510174
ENC00014,v1,0.019198040616246734,0.16676385575296857,0.8140381111366914
ENC00017,v1,0.04106985254031492,0.1889684868113297,0.7699616536861513
ENC00022,v1,0.05381879912068446,0.13335749531009544,0.8128237038850784
ENC00023,v1,0.03944994590482583,0.1393075486845976,0.8212425025070414
ENC00024,v1,0.03251709225945748,0.20498747372856507,0.762495428782243
ENC00031,v1,0.03614238306434582,0.14756685431601238,0.8162907637331797
ENC00034,v1,0.05232099041450715,0.15583159693557283,0.7918474112731823
ENC00043,v1,0.033076304607320486,0.16483590009099827,0.802087796170537
ENC00052,v1,0.04903067261911929,0.1644249820895493,0.7865443450212478
ENC00063,v1,0.05141011354896952,0.16949944101712283,0.7790904416757471
ENC00064,v1,0.03357239230944399,0.14633250862294644,0.8200950983323549
ENC00065,v1,0.039965364169144986,0.13794162732060297,0.8220930005064105
ENC00067,v1,0.03547168139400136,0.1624436540545052,0.8020846662867782
ENC00080,v1,0.07082430894528939,0.9222041260112416,0.006971563668974506
ENC00081,v1,0.04601469174684847,0.1596172702005681,0.7943680360036738
ENC00084,v1,0.038920019348686344,0.9610799829490849,0
ENC00088,v1,0.04409745148557231,0.16655250158675802,0.789350045163457
ENC00089,v1,0.04786347152495926,0.13492829229852016,0.8172082369977778
ENC00090,v1,0.04958233793919114,0.15190419000198788,0.7985134761908959
ENC00096,v1,0.048872297491740296,0.1243445664057853,0.8267831410522815
ENC00098,v1,0.0368110908616689,0.9631889121873038,0
ENC00103,v1,0.022257085335017607,0.13517280478369106,0.8425701092589986
ENC00106,v1,0.03872998079690987,0.16411245463845822,0.7971575695734757
ENC00111,v1,0.03383251758790467,0.15145623026588975,0.814711258854977
ENC00113,v1,0,0.19885042550809243,0.8011495782171979
ENC00121,v1,0.04364342389739732,0.1338929873612574,0.8224635878179827
ENC00125,v1,0.0451074231043458,0.13763065805658697,0.817261919081211
ENC00128,v1,0.0675817195786744,0.16118681795334303,0.7712314651217512
ENC00130,v1,0.05048568484069097,0.9495143129093813,0
ENC00133,v1,0.05924171770320219,0.15222516903544173,0.7885331055697273
ENC00143,v1,0.037354092950285495,0.1715037464716677,0.7911421595993688
ENC00149,v1,0.03716450186544343,0.13035979900313052,0.8324757030135707
ENC00151,v1,0,0.23153438773311552,0.7684656117783218
ENC00159,v1,0.026225716790317426,0.137614030080537,0.836160251782054
ENC00162,v1,0.036530104112287944,0.14752093139682373,0.8159489677335224
ENC00164,v1,0.05325330261929104,0.14531477229096568,0.8014319263971769
ENC00167,v1,0.03156702620908618,0.14991589430719615,0.8185170822673373
ENC00170,v1,0.056516180158401215,0.1534032403682986,0.7900805807282739
ENC00171,v1,0.04823916488503282,0.19501275111090494,0.7567480899192192
ENC00173,v1,0.03759177268615791,0.17080893549992113,0.7915992879745911
ENC00188,v1,0.03619669497047908,0.1444984927390502,0.8193048138484776
ENC00191,v1,0.060993751148796745,0.1361452822090575,0.8028609622959737
ENC00192,v1,0.02521993195305961,0.14891266659653002,0.8258674022301223
ENC00193,v1,0.033917778115495144,0.15985347202653627,0.8062287468508066
ENC00202,v1,0.036396079090272274,0.14843029238630173,0.8151736266391222
ENC00208,v1,0.026898425489920993,0.18847363446464485,0.784627936009703
ENC00209,v1,0.05646906103495331,0.13152194182787622,0.8120090003524508
ENC00210,v1,0.03263751279769672,0.18398475617998175,0.7833777334955003
ENC00214,v1,0,0.29379808679223063,0.7062019146978855
ENC00217,v1,0.046522812539821164,0.18412882970536457,0.7693483566536623
ENC00237,v1,0.045547501801942974,0.13948156855678043,0.8149709265965682
ENC00238,v1,0.040677402749077066,0.1631517213249168,0.7961708760106718
ENC00250,v1,0.03604566713588105,0.15871877893805503,0.805235555768013
ENC00255,v1,0.04554600832457452,0.1905403255039583,0.7639136618894079
ENC00256,v1,0.03878465237031723,0.18771042854621492,0.7735049227873484
ENC00259,v1,0.04643788314698374,0.95356211884349,0
ENC00260,v1,0.035395348034521094,0.15157396830062367,0.813030683282596
ENC00263,v1,0.03344619557882349,0.19744188825289408,0.7691119134426116
ENC00264,v1,0.03735758227449429,0.16289749383171903,0.7997449293166776
ENC00267,v1,0.03674124099095078,0.1557457383502932,0.8075130222474828
ENC00270,v1,0.04198783836786596,0.12732597797269551,0.8306861840923068
ENC00271,v1,0.0475848750169347,0.14874246859973347,0.8036726525237968
ENC00272,v1,0.03005858091171831,0.165165430624038,0.8047759807109833
ENC00275,v1,0.032691519135343176,0.17467701073203767,0.792631476691791
ENC00289,v1,0.04062274959647939,0.15930307092411178,0.800074177980423
ENC00291,v1,0.044972699764487034,0.17824180233110856,0.7767855048953712
ENC00292,v1,0.03677265228651149,0.17699540878685427,0.786231944258784
ENC00294,v1,0.05066594291323175,0.13097543384258944,0.8183586234847705
ENC00296,v1,0.04273780311457813,0.16612423274666072,0.7911379644274712
ENC00298,v1,0.04503086364129558,0.16321398213040084,0.7917551510035992
ENC00304,v1,0.03835503963221397,0.14714415990821425,0.814500797599081
ENC00306,v1,0.0337800885980519,0.216214602211347,0.750005304813385
ENC00310,v1,0.03197422774974257,0.14523964819090907,0.8227861230261624
ENC00319,v1,0.0555092597561371,0.1897594745322648,0.7547312519616551
ENC00323,v1,0.035136932772102544,0.13261167984455824,0.832251385881983
ENC00326,v1,0.03166366976742842,0.1704893248649884,0.797847004873412
ENC00327,v1,0.03252170854248106,0.1573643982131034,0.8101138871908188
ENC00329,v1,0.05639104343773354,0.15437250236670177,0.7892364558719454
ENC00330,v1,0.04678832061888118,0.13928994805818157,0.8139217322958368
ENC00336,v1,0.04382293079253457,0.139731108740724,0.8164459559895577
ENC00337,v1,0.041981095812566906,0.1839501243894515,0.7740687815391499
ENC00341,v1,0.03968761273798473,0.12199597893916864,0.8383164066583553
ENC00344,v1,0.032130309099028274,0.14153106756104056,0.8263386252314545
ENC00349,v1,0.04087226745406432,0.19007525337593897,0.7690524731363569
ENC00358,v1,0,0.26677924824448734,0.7332207474571008
ENC00359,v1,0.04571602721181181,0.1504255248233676,0.8038584407832887
ENC00360,v1,0.035724939839949586,0.1504306487018629,0.8138444131275393
ENC00362,v1,0.01321268072518121,0.2229632366271246,0.7638240818466459
ENC00368,v1,0.044936725862441566,0.12642902889706958,0.8286342461278119
ENC00372,v1,0.03592194663921753,0.16916456531329327,0.7949134930070624
ENC00376,v1,0.03556916332815455,0.15143161572374497,0.8129992190795609
ENC00381,v1,0.04129517981537471,0.15858727644540763,0.8001175420848947
ENC00382,v1,0.05375329874779867,0.15239451084609912,0.793852187693119
ENC00386,v1,0.03866628269987324,0.1339840077293607,0.8273497089170493
ENC00389,v1,0.0572394614546806,0.16630639052339669,0.7764541465660622
ENC00390,v1,0.04096317884201805,0.16035671814211777,0.7986801067988077
ENC00392,v1,0.045936014680635365,0.13561845334867637,0.8184455295403799
ENC00393,v1,0.03776556312627459,0.12570412197323927,0.8365303121380887
ENC00402,v1,0.05152250854492498,0.1487133484139728,0.7997641417508324
ENC00403,v1,0.0845173277381447,0.9123593793120436,0.0031232923123439755
ENC00405,v1,0.03549372465177267,0.16015102952304813,0.8043552446696494
ENC00413,v1,0.04664551669799061,0.1552552260929741,0.7980992488832359
ENC00414,v1,0.04401410808003394,0.1757561607965242,0.7802297311408497
ENC00418,v1,0.05761259789418044,0.15095108935352544,0.791436308416827
ENC00419,v1,0.038178774241644606,0.17662658202615414,0.7851946419411964
ENC00424,v1,0.04932259079241366,0.9506774031453662,0
ENC00428,v1,0.032448586733325534,0.162482288479805,0.8050691259534736
ENC00432,v1,0.035544746182858945,0.959898672320626,0.00455658322925129
ENC00433,v1,0.03201621400869705,0.16983064511282878,0.7981531424955888
ENC00435,v1,0,0.3237646664633895,0.6762353326335098
ENC00436,v1,0.04322666719650166,0.16598792810323118,0.7907854024367996
ENC00441,v1,0.03178218129177053,0.15528097260399026,0.8129368449459556
ENC00443,v1,0.0327359196704088,0.13595261882680157,0.8313114643096924
ENC00444,v1,0.0290388266904035,0.146243565010302,0.8247176095692799
ENC00451,v1,0.042413600853511264,0.20090994146930707,0.7566764575320405
ENC00453,v1,0.037913140952932065,0.17057460732758045,0.7915122470370045
ENC00456,v1,0.033880559289280104,0.1713439699116291,0.7947754674877217
ENC00457,v1,0.04704628171719084,0.15065812089038316,0.8022955963105867
ENC00459,v1,0.05474991548988151,0.16866594920979766,0.7765841327789353
ENC00461,v1,0.038422482152122496,0.1352072601005727,0.8263702576651293
ENC00444,v1,0.0290388266904035,0.146243565010302,0.8247176095692799
ENC00449,v1,0.04736686190686275,0.9464025644911933,0.006230566081754172
ENC00451,v1,0.042413600853511264,0.20090994146930707,0.7566764575320405
ENC00453,v1,0.037913140952932065,0.17057460732758045,0.7915122470370045
ENC00456,v1,0.033880559289280104,0.1713439699116291,0.7947754674877217
ENC00457,v1,0.04704628171719084,0.15065812089038316,0.8022955963105867
ENC00459,v1,0.05474991548988151,0.16866594920979766,0.7765841327789353
ENC00461,v1,0.038422482152122496,0.1352072601005727,0.8263702576651293
ENC00462,v1,0.04849854238669981,0.16810688494958662,0.7833945751190186
ENC00463,v1,0.047487243378385044,0.9482009129962702,0.004311850329261573
ENC00464,v1,0.03873036936070625,0.19085213808076723,0.7704174983036982
ENC00465,v1,0.042290141725521764,0.17119042637447515,0.7865194273583683
ENC00469,v1,0.04170116391667927,0.1572570969795131,0.8010417399081317
ENC00471,v1,0.03439007807673529,0.1766015278608209,0.789008396743524
ENC00474,v1,0.03271907018035773,0.1342471132963157,0.8330338168735346
ENC00475,v1,0.03061683182604611,0.15846037476633987,0.8109227895736695
ENC00477,v1,0.028173468293661765,0.14505620901836147,0.8267703210631161
ENC00478,v1,0.04676295676165157,0.1391616405815714,0.8140754010942247
ENC00479,v1,0.04219336916545504,0.16120509889565016,0.7966015348308965
ENC00482,v1,0.05611149579371241,0.1290941400255895,0.8147943622686646
ENC00489,v1,0.05105081329479663,0.13129714201910025,0.817652042164947
ENC00490,v1,0.021579440181645062,0.13421631461152664,0.8442042441959055
ENC00492,v1,0.048165385921796165,0.9518346129319607,0
ENC00511,v1,0.05118306641144535,0.1691822660012314,0.7796346665574954
ENC00513,v1,0.04506633408033313,0.17482624585047746,0.7801074217527341
ENC00519,v1,0.06170645198907773,0.14976284109969745,0.788530707359314
ENC00524,v1,0.05365173194264428,0.1501559346098076,0.7961923372879457
ENC00529,v1,0.04070916117893325,0.17768834887279406,0.7816024932596418
ENC00538,v1,0.05182283478478591,0.948177170753479,0
ENC00543,v1,0.03429072503072834,0.15889049871164618,0.806818772577545
ENC00548,v1,0.04037004792115698,0.15118303227285712,0.8084469210293334
ENC00550,v1,0.029936544215257363,0.15095320593802228,0.8191102486123484
ENC00559,v1,0.04046405742909493,0.15832187193778477,0.8012140691280365
ENC00562,v1,0.05806258805347858,0.16114577517618198,0.7807916330324637
ENC00563,v1,0.036491735076362435,0.14792415678425871,0.8155841147056734
ENC00571,v1,0.042205137943494175,0.15177136350290052,0.8060235015693165
ENC00573,v1,0.05058145555889323,0.14281561880239418,0.8066029253460112
ENC00575,v1,0.048710263620775476,0.14961122818147907,0.8016785054634779
ENC00577,v1,0.062256674680318085,0.1439923451191956,0.793750976362536
ENC00580,v1,0.03525478895553338,0.9647452074994323,0
ENC00581,v1,0.04601261377184078,0.14837746348495434,0.8056099228184632
ENC00587,v1,0.03648590521984979,0.1497320727984372,0.8137820221875843
ENC00590,v1,0.03926806736149286,0.15224401398905013,0.8084879235217446
ENC00591,v1,0.04036798650831586,0.14397165674076537,0.8156603529597773
ENC00592,v1,0.04733035123388239,0.11982641179714627,0.8328432434757284
ENC00596,v1,0.03968349999671144,0.1662332625513462,0.7940832365276222
ENC00598,v1,0.061355557684278625,0.16655956392853774,0.7720848775722764
ENC00600,v1,0.030732324145930377,0.18269635105603618,0.7865713241853212
ENC00606,v1,0.05304270526739182,0.15008434018603078,0.7968729573267478
ENC00608,v1,0.04392817701496508,0.11221972019479111,0.843852101676706
ENC00620,v1,0.03292253100846568,0.15117865722053325,0.8158988145172087
ENC00631,v1,0.040056662317546246,0.9599433367692151,0
ENC00637,v1,0.02572366437148098,0.16870423240566645,0.8055720997380686
ENC00640,v1,0.028671127267000152,0.19880681296401634,0.7725220613363313
ENC00643,v1,0.03608574067233222,0.19662082376013887,0.7672934355122027
ENC00657,v1,0.03432872844239076,0.1730347764864564,0.7926364914576213
ENC00661,v1,0.037994227254469146,0.16635473666614609,0.7956510361872221
ENC00665,v1,0.06271472882945091,0.172947312053293,0.7643379580229521
ENC00667,v1,0.05775539156653591,0.9373233602927612,0.004921247483638057
ENC00671,v1,0.023317646281793714,0.20396156573996824,0.7727207920130561
ENC00694,v1,0.04779374530886883,0.9522062533504361,0
ENC00696,v1,0.04104610235761788,0.1696850436155574,0.7892688555737674
ENC00697,v1,0.037773595197665454,0.21816271916031837,0.7440636879519412
ENC00711,v1,0.05299881874474094,0.17696526024819298,0.7700359194594271
ENC00717,v1,0.0366553409548942,0.13859154154280467,0.8247531184128353
ENC00720,v1,0.048941987743483316,0.9510580097572713,0
ENC00721,v1,0.0361221467028372,0.19012339945766144,0.7737544542178512
ENC00727,v1,0.030972427847062018,0.16128549407771292,0.8077420817410692
ENC00729,v1,0.033336106401223406,0.1570953271495035,0.8095685644791677
ENC00730,v1,0.03971840758921109,0.9602815887638342,0
ENC00734,v1,0.033059147305699976,0.17791774299342272,0.7890231124190397
ENC00744,v1,0.028386331629008055,0.18657343606516885,0.7850402332423778
ENC00747,v1,0.06593070568075192,0.16180875939653092,0.772260534701888
ENC00748,v1,0.06071986580246139,0.15392250535560065,0.7853576273753725
ENC00749,v1,0.05581795221373235,0.9441820505547197,0
ENC00752,v1,0.04130933821365675,0.1941303358248928,0.7645603260573219
ENC00753,v1,0.036960838096482415,0.14369770129221482,0.8193414607545831
ENC00757,v1,0.03946482807397842,0.17417630886038143,0.7863588627179464
ENC00759,v1,0.05403769322777096,0.15507561963381647,0.7908866828000998
ENC00762,v1,0.030361732033917965,0.1447524811630532,0.8248857903783604
ENC00765,v1,0.026159679803970284,0.17010014490696831,0.8037401731463446
ENC00771,v1,0.033579639393806926,0.1751513686471098,0.7912689912037587
ENC00772,v1,0.06311306402256543,0.13855860086835242,0.7983283316547221
ENC00778,v1,0.050876685392672885,0.9491233082666789,0
ENC00787,v1,0.02821257155789416,0.1652446137859097,0.8065428100054777
ENC00788,v1,0.052180573239694446,0.1786001646625144,0.769219269557875
ENC00792,v1,0.03322495442504684,0.17114564631548193,0.7956294053130679
ENC00797,v1,0.0218409329561246,0.18458653274828044,0.7935725290041703
ENC00801,v1,0,0.196098592048427,0.8039014108546145
ENC00802,v1,0.04963006874947231,0.14443249794171203,0.8059374324128598
ENC00807,v1,0,0.2889477677643299,0.711052230745554
ENC00808,v1,0.058326944127900175,0.9416730551436396,0
ENC00812,v1,0.03684073084374317,0.15006562693116182,0.8130936404833427
ENC00813,v1,0.04425491139409132,0.15998097254972285,0.7957641137763858
ENC00815,v1,0.0361837005590672,0.16656717117671127,0.7972491324602903
ENC00830,v1,0.04328104147833644,0.9567189602290883,0
ENC00832,v1,0,0.28935402669012544,0.7106459595263004
ENC00838,v1,0.048591447195836475,0.14795584675784296,0.8034527039789892
ENC00845,v1,0.026401551961696343,0.16827009047341088,0.8053283516479575
ENC00848,v1,0.04319507474808589,0.14491367289472534,0.8118912567910941
ENC00849,v1,0.04137664649169892,0.16499106899007326,0.7936322891877757
ENC00002,v2,0.04053307148814202,0.1457894868850708,0.8136774427890777
ENC00003,v2,0.04557736124843359,0.15879030838006675,0.7956323316602996
ENC00004,v2,0.04322230207423369,0.1798849312712749,0.7768927689393361
ENC00006,v2,0.041325845561184724,0.18361043086746237,0.7750637223432352
ENC00007,v2,0.04007849077705616,0.18666937795502167,0.7732521288188887
ENC00008,v2,0.037901135487879954,0.13590356768865106,0.8261952927479377
ENC00013,v2,0.040167570708255315,0.1397977340163599,0.8200346914858654
ENC00014,v2,0.017477081292896594,0.16999340751796094,0.8125295106647084
ENC00017,v2,0.0369901736975526,0.18274149100255707,0.7802683432465014
ENC00022,v2,0.040311975675676744,0.1321417773142457,0.8275462497970951
ENC00023,v2,0.040731694662209716,0.15364686136293892,0.8056214424696836
ENC00024,v2,0.026880354021808932,0.20782579332590104,0.765293847663062
ENC00031,v2,0.03507099617716102,0.15285861263761208,0.8120703913626217
ENC00034,v2,0.04722881871633805,0.17306571940963084,0.7797054634644435
ENC00043,v2,0.027690271908721448,0.16454693308214144,0.8077627961732903
ENC00052,v2,0.04425155185163021,0.15857417811389252,0.797174273960052
ENC00063,v2,0.04556535057928584,0.1622726168107549,0.7921620344896929
ENC00064,v2,0.03239683303478602,0.16456332423531259,0.8030398402128134
ENC00065,v2,0.042339656203985214,0.15885635009035468,0.7988039979338646
ENC00067,v2,0.030750523071566765,0.20532164038582282,0.7639278392900121
ENC00080,v2,0.06149544656276703,0.9314099009831747,0.007094647470706453
ENC00081,v2,0.03920769593678415,0.15761027041822673,0.8031820344924927
ENC00084,v2,0.036526193021465155,0.14955255390792074,0.8139212548227633
ENC00088,v2,0.03832161162986236,0.1562238843718759,0.8054545035167616
ENC00089,v2,0.04307649655229583,0.16453218425871158,0.7923913199682625
ENC00090,v2,0.04763864443394477,0.15449464385924133,0.797866717952749
ENC00096,v2,0.048115410462238835,0.13598114116460952,0.8159034495214814
ENC00098,v2,0.03536044232122883,0.19078882566735714,0.7738507325890698
ENC00103,v2,0.022849934545400387,0.1739733247269018,0.8031767437271043
ENC00106,v2,0.02880741277572195,0.16073080391974234,0.8104617771555166
ENC00111,v2,0.028712638101919933,0.1598977478520002,0.8113896099873531
ENC00113,v2,0.0,0.26821852652799516,0.7317814716980571
ENC00121,v2,0.037470367107609356,0.14537243572650133,0.8171571981575754
ENC00125,v2,0.0410879300028648,0.13363806404313952,0.8252740077814966
ENC00128,v2,0.06329836003920611,0.1795967078384231,0.7571049301063313
ENC00130,v2,0.04950959585443303,0.16793668364266773,0.7825537170027639
ENC00133,v2,0.05306909481416745,0.15562834773726505,0.7913025581631167
ENC00143,v2,0.03502987537326084,0.16756121066008878,0.7974089198132865
ENC00149,v2,0.03557276042500654,0.12547580011260623,0.8389514369460253
ENC00151,v2,0.0,0.2278673583498368,0.7721326461205116
ENC00159,v2,0.023511228520937007,0.1376095432466988,0.8388792303786881
ENC00162,v2,0.036110663989146474,0.1540170518382815,0.8098722805503671
ENC00164,v2,0.03058906159668158,0.14150778665386426,0.8279031538046323
ENC00167,v2,0.028800653408706925,0.1538846664774565,0.817314679240003
ENC00170,v2,0.035423296940280125,0.15550924317600825,0.8090674579143524
ENC00171,v2,0.03853855571554353,0.1639426350283126,0.7975188108781973
ENC00173,v2,0.030514993879478425,0.17180393120417228,0.7976810751626124
ENC00188,v2,0.032498261547121016,0.15936957184306305,0.8081321657999702
ENC00191,v2,0.05942972156366235,0.1500307065287703,0.7905395730545647
ENC00192,v2,0.025444440831265906,0.18009608759380438,0.7944594667676617
ENC00193,v2,0.02913598855957389,0.16339702030390868,0.8074669948330632
ENC00202,v2,0.032671417410407834,0.1400533143702584,0.8272752687335014
ENC00208,v2,0.02451155121988532,0.18965074098245663,0.7858377038077875
ENC00209,v2,0.04592790842289105,0.12335207864525728,0.8307200150564313
ENC00210,v2,0.02929325700841016,0.18579703631500402,0.7849097079700894
ENC00214,v2,0.0,0.2606730678323972,0.739326923580493
ENC00217,v2,0.04101334939357536,0.19518852302397804,0.7637981255164091
ENC00237,v2,0.04170256778422111,0.14117062532887706,0.817126805489918
ENC00238,v2,0.03938734715309324,0.1679886065282022,0.7926240457764154
ENC00250,v2,0.03305331672156098,0.16437533364226722,0.8025713508779352
ENC00255,v2,0.03573604572580016,0.18738544353542208,0.776878509701801
ENC00256,v2,0.03565940632848296,0.1901616279671832,0.7741789708777171
ENC00259,v2,0.04886894430775119,0.9487500707713925,0.0023809856996807382
ENC00260,v2,0.03403122155764781,0.16731939621167172,0.7986493807867032
ENC00263,v2,0.027009322161503722,0.19138154797674564,0.7816091307093588
ENC00264,v2,0.031056568036045954,0.161785489698986,0.8071579434433762
ENC00267,v2,0.03442565591453954,0.1573487130580125,0.8082256295062877
ENC00270,v2,0.03959054139974926,0.1340836348544274,0.8263258286884853
ENC00271,v2,0.043540680035124575,0.15583581675206665,0.8006234997141678
ENC00272,v2,0.02738672237927941,0.16424377817999233,0.8083695032379844
ENC00275,v2,0.027241779251626748,0.18861901368398,0.7841392185758141
ENC00289,v2,0.03302160695470362,0.17617249018935996,0.7908059013160792
ENC00291,v2,0.038870806473174264,0.1672693199943751,0.7938598695078066
ENC00292,v2,0.030239352700868395,0.17222754716328004,0.797533095609851
ENC00294,v2,0.04626853637905284,0.14972390971061858,0.8040075575763529
ENC00296,v2,0.04242526036465452,0.16479654163122176,0.792778190828505
ENC00298,v2,0.039659872627817096,0.17603924283757805,0.784300884604454
ENC00304,v2,0.03296182689611131,0.15207524852118862,0.8149629218477599
ENC00306,v2,0.027059493125876882,0.18567420272054252,0.7872663038772542
ENC00310,v2,0.033962932091006745,0.1631434385531715,0.8028936261045081
ENC00319,v2,0.04753574597998522,0.1482471917552175,0.8042170675471425
ENC00323,v2,0.031195410012976446,0.12861576894604004,0.8401888193034414
ENC00326,v2,0.02852160872799563,0.19291803245375186,0.7785603602727255
ENC00327,v2,0.026547531099091252,0.13285753812145937,0.8405949302486606
ENC00329,v2,0.04456929929244022,0.16157408036912482,0.7938566235204537
ENC00330,v2,0.0431746684406933,0.1649647193127557,0.7918606136974535
ENC00336,v2,0.039847892675814886,0.14405098098463245,0.8161011242440769
ENC00337,v2,0.03690762168890427,0.16143408671967566,0.8016582840964908
ENC00341,v2,0.0358463206175196,0.1486606196370683,0.8154930627044243
ENC00344,v2,0.033248829344908394,0.1670845870439913,0.7996665841224146
ENC00349,v2,0.03244431368933108,0.1866871379315853,0.7808685514487719
ENC00358,v2,0.0,0.2584850481454877,0.7415149453757466
ENC00359,v2,0.04154423935752776,0.1572188950764636,0.8012368682358
ENC00360,v2,0.033927562261684516,0.16407354477298808,0.8019988965623233
ENC00362,v2,0.011195213844707647,0.1924115009921587,0.7963932823326628
ENC00368,v2,0.04178473598347241,0.14570181369155394,0.8125134521171826
ENC00372,v2,0.027049869443289937,0.1631088737025857,0.8098412582278252
ENC00376,v2,0.03058061729106738,0.159634220716824,0.809785163546183
ENC00381,v2,0.03851549105214266,0.15981305309105664,0.80167145965
ENC00382,v2,0.047904649465099765,0.16113556178384705,0.7909597861139398
ENC00386,v2,0.034307746919539736,0.14040487256111964,0.8252873769346273
ENC00389,v2,0.04590617665388715,0.16286554650634255,0.7912282793346895
ENC00390,v2,0.04046564277350193,0.1569177219200702,0.8026166348230271
ENC00392,v2,0.04388026322064164,0.1476955112520155,0.8084242311152783
ENC00393,v2,0.03555702667095159,0.14119401862354655,0.8232489589013552
ENC00402,v2,0.04577069504802504,0.13741775676168091,0.8168115500859389
ENC00403,v2,0.06279394170749433,0.14457552396145062,0.7926305317387139
ENC00405,v2,0.03148109419626816,0.15969505943073573,0.8088238498636784
ENC00413,v2,0.045349666634826244,0.18147738335805164,0.7731729540470484
ENC00414,v2,0.04755419105196656,0.1575888788359145,0.7948569268998453
ENC00418,v2,0.05668641991730108,0.14745845100613403,0.7958551261757241
ENC00419,v2,0.03776221531050571,0.18957667133535247,0.7726611171860293
ENC00424,v2,0.05085738206606939,0.14986767196053757,0.7992749441107478
ENC00428,v2,0.03507605932342509,0.19537067121993273,0.7695532693312719
ENC00432,v2,0.03668550417585447,0.15355235283815227,0.8097621355436545
ENC00433,v2,0.029286689029129988,0.16838328817895815,0.8023300185507419
ENC00435,v2,0.0,0.3006110333426054,0.6993889683900878
ENC00436,v2,0.03883085699145044,0.15743940225226827,0.8037297404214238
ENC00441,v2,0.0305214110713709,0.15583368320146512,0.813644905028672
ENC00443,v2,0.03426238697991796,0.1791901608597334,0.786547454252635
ENC00444,v2,0.025943907925152575,0.1657240041799244,0.8083320873222132
ENC00451,v2,0.038597897725070225,0.19616711214184762,0.7652349917327657
ENC00453,v2,0.0315903077976112,0.15776209303443015,0.8106476007586848
ENC00456,v2,0.032505211980409315,0.17949591491472078,0.7879988748479534
ENC00457,v2,0.04091666447026516,0.13624215533317469,0.8228411825735178
ENC00459,v2,0.051678342131398075,0.17199134858461415,0.7763303118508037
ENC00461,v2,0.03492736110561773,0.12645200083970576,0.8386206418499911
ENC00444,v2,0.025943907925152575,0.1657240041799244,0.8083320873222132
ENC00449,v2,0.045630270576414965,0.16948392355504135,0.7848858046034972
ENC00451,v2,0.038597897725070225,0.19616711214184762,0.7652349917327657
ENC00453,v2,0.0315903077976112,0.15776209303443015,0.8106476007586848
ENC00456,v2,0.032505211980409315,0.17949591491472078,0.7879988748479534
ENC00457,v2,0.04091666447026516,0.13624215533317469,0.8228411825735178
ENC00459,v2,0.051678342131398075,0.17199134858461415,0.7763303118508037
ENC00461,v2,0.03492736110561773,0.12645200083970576,0.8386206418499911
ENC00462,v2,0.040416315430775285,0.16081719786430207,0.7987664852004784
ENC00463,v2,0.04267543158284179,0.14696959013471733,0.8103549791885926
ENC00464,v2,0.031927505586683363,0.19189378909476393,0.7761787067760121
ENC00465,v2,0.03952842265947388,0.14863473660189588,0.811836839284537
ENC00469,v2,0.03819243496880659,0.15393031681480918,0.807877251824129
ENC00471,v2,0.03153382319643503,0.17652097626561575,0.791945206056727
ENC00474,v2,0.030265475069550244,0.15273471587748677,0.8169998115784413
ENC00475,v2,0.025963049136347824,0.14875375569521726,0.8252831900512779
ENC00477,v2,0.028944537771167234,0.17409329813173308,0.7969621662050486
ENC00478,v2,0.046139517945519994,0.18257539476571458,0.7712850798381848
ENC00479,v2,0.03799473886982989,0.16487382655752073,0.7971314308569604
ENC00482,v2,0.050856316560935796,0.13938405342174298,0.8097596324302934
ENC00489,v2,0.04245989431975165,0.1397433758459308,0.8177967297308373
ENC00490,v2,0.019341512519866228,0.14815033258497715,0.832508152961731
ENC00492,v2,0.04217109260532786,0.9578289067043978,0.0
ENC00511,v2,0.04259494653738597,0.15825609457405174,0.7991489575189703
ENC00513,v2,0.03779984125397121,0.15204320943001845,0.810156949240752
ENC00519,v2,0.05691190389916301,0.16229072041236436,0.7807973743631289
ENC00524,v2,0.042756285006692124,0.16667445755185006,0.7905692562952147
ENC00529,v2,0.03219147620848933,0.1488694002125728,0.8189391269017074
ENC00538,v2,0.04602977439859196,0.15399953468065514,0.7999706927098726
ENC00543,v2,0.03466000189753563,0.1743508887717898,0.7909891109788016
ENC00548,v2,0.03980016795561669,0.17219776858357674,0.7880020661556975
ENC00550,v2,0.029972544265910984,0.16815644717560366,0.8018710104318766
ENC00559,v2,0.04259942530009609,0.16179538458012618,0.7956051909006558
ENC00562,v2,0.04380102951687818,0.1413372512716724,0.8148617184891993
ENC00563,v2,0.03221322134292374,0.15225439685120903,0.8155323860270006
ENC00571,v2,0.041400977530117546,0.1804960769202028,0.7781029420239585
ENC00573,v2,0.04494091517990455,0.16229199992958457,0.7927670869976282
ENC00575,v2,0.044278811293248184,0.1625684638364384,0.7931527193540182
ENC00577,v2,0.05271762523767168,0.16025072590044115,0.7870316500157382
ENC00580,v2,0.03304526418009225,0.15134491931427926,0.8156098120352802
ENC00581,v2,0.0388389418639981,0.15072364381908834,0.8104374199300199
ENC00587,v2,0.032178774968070804,0.16641961844673134,0.801401603334355
ENC00590,v2,0.03894610629261782,0.18039906593427682,0.7806548243388534
ENC00591,v2,0.03353928283987833,0.13235604516895755,0.8341046734047788
ENC00592,v2,0.05284314347869333,0.15305060520768166,0.7941062535141029
ENC00596,v2,0.032335747589046754,0.15755317989736795,0.8101110724608104
ENC00598,v2,0.045762087896610924,0.15214194576210768,0.8020959589087847
ENC00600,v2,0.018284672805748414,0.13697574161536372,0.8447395830104748
ENC00606,v2,0.04573801671109208,0.14431511057163035,0.8099468733880903
ENC00608,v2,0.040337837976403536,0.14571865835847955,0.8139434983332952
ENC00620,v2,0.0308641678215388,0.16172009863804618,0.8074157328164878
ENC00631,v2,0.04003017055974514,0.17892138263279642,0.7810484474455869
ENC00637,v2,0.0229351905555549,0.18200998710976404,0.7950548177415674
ENC00640,v2,0.026689683390634784,0.19122004404329182,0.7820902734660031
ENC00643,v2,0.02905582078253326,0.18583936446789398,0.7851048129276165
ENC00657,v2,0.03623699534016297,0.15335719009011012,0.8104058144533116
ENC00661,v2,0.0343238868079679,0.17274273771752593,0.7929333781683316
ENC00665,v2,0.05424568372277113,0.18377069522364017,0.7619836173760586
ENC00667,v2,0.052034739318683194,0.13670243791959905,0.8112628233653528
ENC00671,v2,0.020187560108308567,0.21344357483634135,0.7663688659667969
ENC00694,v2,0.04022335786638515,0.157889660385226,0.8018869820262203
ENC00696,v2,0.04056652118602107,0.1857385182733177,0.7736949638653827
ENC00697,v2,0.030154521945495526,0.16671392100525426,0.8031315593929081
ENC00711,v2,0.04228681004800213,0.16844742411437133,0.789265767360727
ENC00717,v2,0.03604999662570234,0.16236283493070108,0.8015871722743196
ENC00720,v2,0.04069803970950571,0.14606531855057586,0.8132366418838501
ENC00721,v2,0.02824291056022048,0.19096448073054062,0.7807926149929271
ENC00727,v2,0.028627899046256847,0.16203496281934135,0.8093371408827165
ENC00729,v2,0.0332297099650734,0.1756163870087928,0.7911539064513312
ENC00730,v2,0.036131782254771046,0.15208869353206694,0.8117795249690181
ENC00734,v2,0.02918217455347379,0.18314846745261582,0.7876693593558445
ENC00744,v2,0.03260371056195272,0.19442030240078362,0.7729759861011894
ENC00747,v2,0.06368603344604958,0.16106708199881456,0.7752468828477111
ENC00748,v2,0.05199279891246039,0.1386351822996917,0.8093720112157905
ENC00749,v2,0.048360551786521135,0.13732057189533733,0.8143188717230311
ENC00752,v2,0.0360701607954171,0.17456654856602352,0.7893632915284898
ENC00753,v2,0.03416762979492089,0.1515286332946651,0.8143037423795584
ENC00757,v2,0.03549376147566363,0.1745741195976734,0.7899321131408215
ENC00759,v2,0.05024506655061924,0.1604082788800514,0.7893466542038736
ENC00762,v2,0.026478211241537482,0.15492891552621277,0.8185928691241701
ENC00765,v2,0.019883539598873432,0.153546924834304,0.8265695396591636
ENC00771,v2,0.0306972616302137,0.16496183110663554,0.8043409053911299
ENC00772,v2,0.0568838156316252,0.1606077148712107,0.782508468344098
ENC00778,v2,0.03954588730287339,0.16785336381622723,0.7926007466656821
ENC00787,v2,0.024194351588154122,0.15426127364238104,0.8215443696294512
ENC00788,v2,0.03834067603747826,0.16944305854849517,0.7922162667382509
ENC00792,v2,0.028030544919993287,0.14262659138729494,0.8293428594066251
ENC00797,v2,0.019890831131488085,0.18763160052895547,0.792477566242218
ENC00801,v2,0.0,0.16834650118395966,0.8316534985348863
ENC00802,v2,0.04024116954641398,0.1521614581999398,0.8075973701845739
ENC00807,v2,0.0,0.26720884886193785,0.732791135285763
ENC00808,v2,0.0504888624726039,0.9453695675112167,0.004141571715184189
ENC00812,v2,0.0342446497345988,0.15626888603974992,0.8094864579347464
ENC00813,v2,0.04363471846140567,0.18173053962666363,0.7746347455041749
ENC00815,v2,0.03245395608763728,0.17516837500863605,0.7923776712682512
ENC00830,v2,0.03871127658103611,0.16512976736560755,0.7961589580073076
ENC00832,v2,0.0,0.25411521922796965,0.7458847819694451
ENC00838,v2,0.03903925736788018,0.13051271025123523,0.830448032710059
ENC00845,v2,0.02413631861217003,0.1759719542881593,0.7998917207438895
ENC00848,v2,0.04157012273413195,0.16561160113295198,0.7928182755557585
ENC00849,v2,0.035112035856929735,0.18487727558657305,0.7800106797645341
ENC00002,v3,0.028582629663023083,0.15944182315671987,0.811975546316667
ENC00003,v3,0.03466964426094338,0.16040761289460695,0.804922744850902
ENC00004,v3,0.027216410294308196,0.16913149753319365,0.8036520928144455
ENC00006,v3,0.02987359445860498,0.17831031134368008,0.7918160967847221
ENC00007,v3,0.030724927010110665,0.16871070725478463,0.8005643683610503
ENC00008,v3,0.03823761679955478,0.1960438921758272,0.7657184930681025
ENC00013,v3,0.029176176774005094,0.1730898709812512,0.7977339533468087
ENC00014,v3,0.01216293642972046,0.18121680948795296,0.8066202528833404
ENC00017,v3,0.027697089867180457,0.20037759585387033,0.7719253133172574
ENC00022,v3,0.03240488196024671,0.1637823621131247,0.8038127552717924
ENC00023,v3,0.02824077115541226,0.16155835339113286,0.8102008754149416
ENC00024,v3,0.017492183692881774,0.194552691267996,0.7879551248303776
ENC00031,v3,0.031013155430983538,0.1656593918136653,0.8033274562879541
ENC00034,v3,0.035694728932016855,0.1998178063371739,0.764487461997317
ENC00043,v3,0.01431073319859976,0.16294956799278887,0.8227397004763285
ENC00052,v3,0.031257805502286455,0.1769533432470482,0.79178885016285
ENC00063,v3,0.02237691617662423,0.2058877340044643,0.7717353498837987
ENC00064,v3,0.022568954034795752,0.17758196333306842,0.7998490813188255
ENC00065,v3,0.029206127310171724,0.16783947888761758,0.80295439183712
ENC00067,v3,0.022820181780515758,0.20007744249432607,0.7771023744927313
ENC00080,v3,0.04583297284710922,0.1882345079915759,0.7659325202306112
ENC00081,v3,0.02604766718221006,0.18451330072439467,0.7894390365024945
ENC00084,v3,0.0275278422855457,0.15736520483641697,0.8151069550137771
ENC00088,v3,0.031501601823312166,0.15632859086745407,0.81216980496498
ENC00089,v3,0.038182465359568596,0.16216431432885342,0.7996532228486292
ENC00090,v3,0.033190273002859344,0.1846629756813248,0.7821467491211714
ENC00096,v3,0.034382025529709405,0.14731912494842278,0.8182988510293475
ENC00098,v3,0.026931893470875844,0.1879140686507177,0.7851540398116064
ENC00103,v3,0.015939788570484288,0.18026123562047625,0.8037989699942434
ENC00106,v3,0.019200836117170862,0.17781399068102907,0.8029851722183512
ENC00111,v3,0.020024153150411117,0.24675939596361585,0.7332164519362979
ENC00113,v3,0.0,0.19949659591333735,0.8005034019135766
ENC00121,v3,0.02792376742698252,0.18646380569785834,0.7856124272942543
ENC00125,v3,0.030449442299348966,0.1481132925621101,0.8214372600827898
ENC00128,v3,0.040473032797986676,0.1866192996691344,0.77290766673573
ENC00130,v3,0.030198025988000962,0.20565758032931222,0.7641443928082784
ENC00133,v3,0.04275340022126196,0.1648784964217232,0.7923681014174715
ENC00143,v3,0.026521052281030372,0.17589328860085976,0.7975856608982328
ENC00149,v3,0.027443599740141315,0.16676789823275312,0.8057885017610134
ENC00151,v3,0.0,0.21922287228122606,0.7807771260455504
ENC00159,v3,0.02102727212600018,0.17016955872899608,0.808803173115379
ENC00162,v3,0.02098653207437318,0.19678648279231287,0.7822269816821981
ENC00164,v3,0.02849726968134443,0.19544112091263136,0.77606160958608
ENC00167,v3,0.019338002119555463,0.16578264855684674,0.8148793492998395
ENC00170,v3,0.03270665663652695,0.20383471758156033,0.7634586246459039
ENC00171,v3,0.038531111502379645,0.17283235490322113,0.7886365288868546
ENC00173,v3,0.02465322514140756,0.17581475994684412,0.7995320161183676
ENC00188,v3,0.025258662084871458,0.2542686810096105,0.7204726593835014
ENC00191,v3,0.03700071372025247,0.17846793698013894,0.7845313490501472
ENC00192,v3,0.024017257313244045,0.19275182678053776,0.7832309161623319
ENC00193,v3,0.01685521241764478,0.18068155301136707,0.8024632340177483
ENC00202,v3,0.02833842303415265,0.1886494676287793,0.7830121072032784
ENC00208,v3,0.019385722274772633,0.2023118017320959,0.7783024713524387
ENC00209,v3,0.044583980739767944,0.14220428247968633,0.8132117369791845
ENC00210,v3,0.029884395900548304,0.18308359288078332,0.7870320092354502
ENC00214,v3,0.0,0.17142615632408045,0.8285738448189064
ENC00217,v3,0.029666587115102207,0.19542754549033864,0.7749058671833313
ENC00237,v3,0.03205097211143515,0.15688338312577074,0.8110656428524828
ENC00238,v3,0.03146884841128038,0.18231679102057938,0.7862143627889864
ENC00250,v3,0.022720189489148283,0.18015319422853213,0.7971266127294965
ENC00255,v3,0.029662835487532756,0.20344620288977788,0.7668909631496252
ENC00256,v3,0.02879240833527337,0.1913944547279523,0.7798131383382357
ENC00259,v3,0.045026331286981844,0.12872966546043058,0.8262440005195475
ENC00260,v3,0.02692638477610965,0.1768354917726209,0.7962381249473941
ENC00263,v3,0.01977696499868649,0.19803339807153905,0.7821896382905904
ENC00264,v3,0.028283086410235792,0.15733305607878026,0.8143838581584749
ENC00267,v3,0.021708257134678294,0.19115571334090048,0.7871360310073038
ENC00270,v3,0.0351756950558135,0.18057829852808605,0.7842460044405677
ENC00271,v3,0.03403688064593423,0.18576624307648412,0.780196878526892
ENC00272,v3,0.022596665039658546,0.15000917962193488,0.8273941569328308
ENC00275,v3,0.020208315553089367,0.17751745313623,0.8022742340865644
ENC00289,v3,0.026717430398006132,0.18029816655649078,0.7929844035042657
ENC00291,v3,0.029509597610343587,0.18960624069652773,0.7808841583403674
ENC00292,v3,0.019690680993540634,0.18755304192503294,0.7927562761050398
ENC00294,v3,0.031391795817762615,0.15765596910972487,0.8109522407705133
ENC00296,v3,0.030229074972952512,0.16971018849640873,0.8000607380630277
ENC00298,v3,0.029362350246427874,0.17917731331759376,0.7914603321175826
ENC00304,v3,0.031695469555983305,0.18801969395728285,0.780284835931358
ENC00306,v3,0.021764362896969425,0.23572075074609322,0.7425148913377448
ENC00310,v3,0.025860914606601,0.16753459352254868,0.8066044912338257
ENC00319,v3,0.033821450878999064,0.18791527100721328,0.778263281874296
ENC00323,v3,0.02721284090408257,0.14484268411242662,0.8279444825749437
ENC00326,v3,0.02274204658223661,0.1898185513154776,0.7874394003991727
ENC00327,v3,0.02546509566500482,0.16702365920399176,0.8075112459635494
ENC00329,v3,0.03579661829604043,0.18243060637679365,0.7817727721399731
ENC00330,v3,0.041132201800860885,0.18331709124569623,0.7755507073312435
ENC00336,v3,0.03241089695943988,0.17341229205669687,0.7941768040759958
ENC00337,v3,0.03636833763967204,0.18446379125413329,0.7791678695985587
ENC00341,v3,0.03025963988953403,0.19368651143851734,0.7760538467339106
ENC00344,v3,0.02527012925461999,0.17806624056657358,0.7966636321982559
ENC00349,v3,0.026092301582126585,0.21236873540568024,0.7615389636118118
ENC00358,v3,0.0,0.2287662117422082,0.7712337907034023
ENC00359,v3,0.03207745759934187,0.1706833516061306,0.7972391886711121
ENC00360,v3,0.032535654291886526,0.17045016670514138,0.7970141784860454
ENC00362,v3,0.008218377617110188,0.19138191354771455,0.8003997072577477
ENC00368,v3,0.0239389534556092,0.19190850988245353,0.7841525364380616
ENC00372,v3,0.01891303585705765,0.17545847880557694,0.8056284831515674
ENC00376,v3,0.018766304357753446,0.16784592769108714,0.8133877674738567
ENC00381,v3,0.023956615124673893,0.1657011608282725,0.8103422249356905
ENC00382,v3,0.04072675423468558,0.1782665814520145,0.7810066661664418
ENC00386,v3,0.025056858422855537,0.15031514793323975,0.8246279905239741
ENC00389,v3,0.03296829502245313,0.1972914032245937,0.7697403045077073
ENC00390,v3,0.030966041375139204,0.15560473281916953,0.8134292265494093
ENC00392,v3,0.034167517726826996,0.16309519087964738,0.802737295627594
ENC00393,v3,0.030656490138628416,0.2038969120217694,0.7654466006963973
ENC00402,v3,0.03301924625732775,0.18448137712889703,0.7824993739868032
ENC00403,v3,0.028903727251616187,0.17240340660389206,0.7986928632384852
ENC00405,v3,0.02391771517605299,0.15607816467479785,0.820004118340356
ENC00413,v3,0.03139383265409957,0.1842745617220197,0.7843316028816532
ENC00414,v3,0.026971195151418215,0.18542750060441904,0.7876013047061861
ENC00418,v3,0.0391820100042969,0.1906584196537733,0.7701595771312714
ENC00419,v3,0.03416592636658402,0.1859429677466998,0.7798911051803761
ENC00424,v3,0.04575985455442043,0.15781098249412717,0.7964291663396926
ENC00428,v3,0.027942130798473953,0.19977004654705524,0.772287819981575
ENC00432,v3,0.020992801224605905,0.18875031189786062,0.7902568876743317
ENC00433,v3,0.022581903349368944,0.20675641120573796,0.7706616827107351
ENC00435,v3,0.0,0.2942265102267265,0.7057734924554825
ENC00436,v3,0.03894976953510195,0.16463079169392586,0.7964194375276565
ENC00441,v3,0.02530663441590006,0.18958148518853848,0.7851118799483422
ENC00443,v3,0.024581042665522544,0.16274758630121747,0.8126713715493679
ENC00444,v3,0.018055715551208548,0.15472239315384576,0.8272218864505031
ENC00451,v3,0.030107519850705047,0.19524397480548644,0.7746485082470641
ENC00453,v3,0.026395771514216904,0.17805180698633194,0.7955524178687483
ENC00456,v3,0.02291834520933739,0.2100197007027218,0.7670619492813692
ENC00457,v3,0.03354466366707473,0.18010985564339804,0.7863454775767283
ENC00459,v3,0.03241314860236532,0.18739994678576039,0.7801869073004093
ENC00461,v3,0.030983849257534862,0.170016098995598,0.7990000515568013
ENC00444,v3,0.018055715551208548,0.15472239315384576,0.8272218864505031
ENC00449,v3,0.03716123215937322,0.1815816542200212,0.7812571113130876
ENC00451,v3,0.030107519850705047,0.19524397480548644,0.7746485082470641
ENC00453,v3,0.026395771514216904,0.17805180698633194,0.7955524178687483
ENC00456,v3,0.02291834520933739,0.2100197007027218,0.7670619492813692
ENC00457,v3,0.031080103248194622,0.15165736087101656,0.8172625394633216
ENC00459,v3,0.03241314860236532,0.18739994678576039,0.7801869073004093
ENC00461,v3,0.027022044554135753,0.17292461770324452,0.8000533337731963
ENC00462,v3,0.03389658461829633,0.16328769273885335,0.8028157166852296
ENC00463,v3,0.029508572804831688,0.14697681995889833,0.8235146057221198
ENC00464,v3,0.01944447072420382,0.19310043213155234,0.7874551004532612
ENC00465,v3,0.025354109455033073,0.18534941585468395,0.7892964684537479
ENC00469,v3,0.030815048742520272,0.16001226055267892,0.8091726884490154
ENC00471,v3,0.02531572943922901,0.22057886303417265,0.7541054061480931
ENC00474,v3,0.021995311235145167,0.18747752765868453,0.7905271601849708
ENC00475,v3,0.020107053259077173,0.17699767196817057,0.8028952730080438
ENC00477,v3,0.022904742493251848,0.19032365367324514,0.7867716022513129
ENC00478,v3,0.031797100022873455,0.18425998884965392,0.7839429048930897
ENC00479,v3,0.034215444691479205,0.17143835227191448,0.7943462071418762
ENC00482,v3,0.03623207578263981,0.15736662179819846,0.8064013041163746
ENC00489,v3,0.031364573141426044,0.1557187730860379,0.8129166528290394
ENC00490,v3,0.017284904843822956,0.16912282599466982,0.8135922748908818
ENC00492,v3,0.029214234269772456,0.1730285487790531,0.7977572183742702
ENC00511,v3,0.027169882934227462,0.1876612714797008,0.7851688338427985
ENC00513,v3,0.02788512815267926,0.15386606879091183,0.8182488007372931
ENC00519,v3,0.029048892659678433,0.19474889795916775,0.7762022092938423
ENC00524,v3,0.039497235126193915,0.16652700200077447,0.7939757629372608
ENC00529,v3,0.028375329530757408,0.15932582092026007,0.8122988490954689
ENC00538,v3,0.03757410353547571,0.17994192563513717,0.7824839716500575
ENC00543,v3,0.030308344940605917,0.1781697210904799,0.7915219350865013
ENC00548,v3,0.033496712142711174,0.17209763262493938,0.7944056537805819
ENC00550,v3,0.023664660607800654,0.16590566358039366,0.8104296762918689
ENC00559,v3,0.028703282034828092,0.22195704683077103,0.7493396722802929
ENC00562,v3,0.04700765757694502,0.17894139236093246,0.7740509513426911
ENC00563,v3,0.01971370673821709,0.19090765990256295,0.7893786304365329
ENC00571,v3,0.02396796026638126,0.18048851164739307,0.7955435298807253
ENC00573,v3,0.0325225939208916,0.16624434764475324,0.8012330599071443
ENC00575,v3,0.02827710056453383,0.14287466985782735,0.8288482281946599
ENC00577,v3,0.03218878332450233,0.20099919266772992,0.7668120283069033
ENC00580,v3,0.022685741786805227,0.16359258003723928,0.8137216840544318
ENC00581,v3,0.024126670180762907,0.18011031679961145,0.7957630114895957
ENC00587,v3,0.025758421086464766,0.1622126808183061,0.8120288968086242
ENC00590,v3,0.025023550718157952,0.1812110820984734,0.7937653671417918
ENC00591,v3,0.02702002700917968,0.1772542880711759,0.7957256825231924
ENC00592,v3,0.034847846400019124,0.13915303504054852,0.8259991166439462
ENC00596,v3,0.02886680957292103,0.15919131784337676,0.8119418724543519
ENC00598,v3,0.03543693313406686,0.16648590372149216,0.7980771643125405
ENC00600,v3,0.015498832695121909,0.20008782676324763,0.7844133441304338
ENC00606,v3,0.03456931740747414,0.19785192538646684,0.7675787612147953
ENC00608,v3,0.03220807610509487,0.17916961266034906,0.7886223111833844
ENC00620,v3,0.02857879067940468,0.17327337766235526,0.7981478300961581
ENC00631,v3,0.031145779698545862,0.1846988470826903,0.7841553764465528
ENC00637,v3,0.016274705853764757,0.1958699075486323,0.787855387336076
ENC00640,v3,0.02527383470442146,0.22338505048790705,0.7513411168171011
ENC00643,v3,0.02725766412544227,0.1882999199664309,0.7844424162592206
ENC00657,v3,0.021462188137735684,0.21254141810957505,0.7659963920064594
ENC00661,v3,0.025469525712805818,0.18778205613763826,0.7867484171435518
ENC00665,v3,0.02885552833417082,0.15018794947583985,0.8209565228563014
ENC00667,v3,0.035622159066872716,0.16458090986960974,0.7997969292167925
ENC00671,v3,0.012915440991729777,0.22374246704661957,0.7633420936415128
ENC00694,v3,0.027138811886310576,0.17375092700123787,0.7991102638244629
ENC00696,v3,0.03302083969659483,0.20011245226487517,0.7668667063117027
ENC00697,v3,0.01598596837175137,0.1778576647338923,0.8061563670635223
ENC00711,v3,0.03121514240442549,0.14543977217043488,0.8233450813200868
ENC00717,v3,0.02036903006475918,0.19797885890320405,0.7816521101391193
ENC00720,v3,0.02154664530987955,0.17299100396188874,0.8054623471366035
ENC00721,v3,0.021826720415342567,0.19209724424027763,0.7860760335373668
ENC00727,v3,0.02548302894715091,0.16881433122887693,0.805702638523332
ENC00729,v3,0.024901326587599405,0.16937213816311,0.8057265343531123
ENC00730,v3,0.027328833467750387,0.1736317305740985,0.7990394380959598
ENC00734,v3,0.0231804167797022,0.20485724182251622,0.7719623467501472
ENC00744,v3,0.028339734977572903,0.1816346668280088,0.7900255979635776
ENC00747,v3,0.06092046686551637,0.19635039050545958,0.7427291393280029
ENC00748,v3,0.03396516578091729,0.1704713369088788,0.7955634978509718
ENC00749,v3,0.04039071032777428,0.15883872032165527,0.80077057659626
ENC00752,v3,0.022434493081759564,0.18919269127392135,0.788372815446516
ENC00753,v3,0.022955822341931546,0.16477731206431623,0.8122668678198404
ENC00757,v3,0.02377391272028418,0.1997306350161109,0.7764954483299925
ENC00759,v3,0.03701027893731671,0.1586417346952423,0.8043479830987992
ENC00762,v3,0.0164674321067188,0.15463355287783226,0.8288990142991988
ENC00765,v3,0.02109042033719431,0.20970772499484674,0.7692018541551772
ENC00771,v3,0.025139826185228985,0.1735618886560565,0.8012982883104464
ENC00772,v3,0.038324216533259584,0.1675627057215777,0.7941130774802175
ENC00778,v3,0.02581315616252603,0.16162475575616614,0.8125620870316614
ENC00787,v3,0.019333196708932517,0.19404164943099023,0.7866251535415649
ENC00788,v3,0.02262409434289388,0.16596809826467349,0.8114078083763951
ENC00792,v3,0.0199849546867578,0.20546419866796997,0.7745508510205481
ENC00797,v3,0.01671135759877287,0.19539191804053085,0.7878967245232384
ENC00801,v3,0.0,0.20787236615292076,0.7921276289282493
ENC00802,v3,0.030153675637929964,0.1785298754785503,0.7913164476330361
ENC00807,v3,0.0,0.17718830650736545,0.8228116974748414
ENC00808,v3,0.0392052564622447,0.1555594943906411,0.8052352513417159
ENC00812,v3,0.027982621013309606,0.1673611678876156,0.8046562089476474
ENC00813,v3,0.03279202855417445,0.16857465143285452,0.7986333163515213
ENC00815,v3,0.021821923828564394,0.1911951494283783,0.7869829313877301
ENC00830,v3,0.02642129230053099,0.20560648868423562,0.7679722187824027
ENC00832,v3,0.0,0.2902792911140286,0.7097207107106034
ENC00838,v3,0.03027847427720866,0.1596370053685401,0.8100845222630777
ENC00845,v3,0.01696054454100883,0.16249679967643707,0.8205426616931525
ENC00848,v3,0.031736951249027714,0.15979199464098343,0.8084710471838423
ENC00849,v3,0.0283022469912584,0.1937289303407455,0.7779688197068679
ENC00002,v4,0.02426264446694404,0.18312235718110093,0.7926149931218889
ENC00003,v4,0.030345928213192208,0.17429081940402588,0.7953632496523134
ENC00004,v4,0.027721899283527255,0.16283694213832453,0.8094411612414628
ENC00006,v4,0.029473924727253888,0.18598984369505062,0.7845362313907512
ENC00007,v4,0.023729255966742167,0.17454237280876045,0.801728367805481
ENC00008,v4,0.027917157712013082,0.2180824422587951,0.7540004013313187
ENC00013,v4,0.021066920228464448,0.2272217467751192,0.7517113312431004
ENC00014,v4,0.010021957047338112,0.20476698563897122,0.7852110576908491
ENC00017,v4,0.024166625910712516,0.2214079872595475,0.7544253865147338
ENC00022,v4,0.03211439366910666,0.18081093144913515,0.7870746751626333
ENC00023,v4,0.025475792583453356,0.16910293581728025,0.8054212696260685
ENC00024,v4,0.016568617805695303,0.20142245213859356,0.7820089287482775
ENC00031,v4,0.03035903869963744,0.15147996283885018,0.8181609961332059
ENC00034,v4,0.032785075385067045,0.1836481090409286,0.7835668144804059
ENC00043,v4,0.012675986948086559,0.1797411584866648,0.8075828552246094
ENC00052,v4,0.028752130913144013,0.194328478695649,0.776919387983826
ENC00063,v4,0.0225460038030226,0.22648518975628049,0.7509688057397541
ENC00064,v4,0.018909069743110903,0.1827428599198659,0.7983480675352944
ENC00065,v4,0.021413681644993195,0.189268873219595,0.7893174455600714
ENC00067,v4,0.016231928780101813,0.181980090148938,0.8017879814673693
ENC00080,v4,0.042942189795459496,0.1854549916346132,0.7716028145801874
ENC00081,v4,0.02241340119831471,0.23556251503113243,0.7420240880714523
ENC00084,v4,0.01870450945010871,0.1791687294056541,0.8021267659233925
ENC00088,v4,0.030392451466162915,0.1919304817727133,0.777677074951284
ENC00089,v4,0.027362600713968278,0.18155297419947128,0.7910844224950542
ENC00090,v4,0.026183679838605384,0.2026975955219662,0.771118717624786
ENC00096,v4,0.032189787134498826,0.1495870727253711,0.8182231366165041
ENC00098,v4,0.019922917373348156,0.1740953317888967,0.8059817427521819
ENC00103,v4,0.013319528463014632,0.19204258676105684,0.794637884021899
ENC00106,v4,0.017099160221264217,0.21098907083047158,0.7719117707826875
ENC00111,v4,0.012385917985636109,0.19531279284530464,0.7923012887531856
ENC00113,v4,0.0,0.20119136675902002,0.7988086315718564
ENC00121,v4,0.016849444989126428,0.19770680324522996,0.7854437522727288
ENC00125,v4,0.024976077311802455,0.14266036238561394,0.8323635599946463
ENC00128,v4,0.03148343918457775,0.18203588263454415,0.7864806755344467
ENC00130,v4,0.024460820409779746,0.19160102566083273,0.7839381535847981
ENC00133,v4,0.0423363088508663,0.18081935397956683,0.7768443343432053
ENC00143,v4,0.022862291075837086,0.19853200976024657,0.7786056995391846
ENC00149,v4,0.017185010297175545,0.20479207517361486,0.7780229126091127
ENC00151,v4,0.0,0.21415524508168057,0.7858447579348959
ENC00159,v4,0.02073462836657806,0.20491986473401388,0.7743455047408739
ENC00162,v4,0.019738901146071946,0.1995207259147349,0.7807403757410535
ENC00164,v4,0.022904193235444837,0.16559956971323117,0.8114962354302406
ENC00167,v4,0.016989908423662808,0.1739426193331989,0.8090674715737501
ENC00170,v4,0.03420843736213796,0.20559181641129887,0.7601997470154481
ENC00171,v4,0.027312650664064745,0.1729090985770409,0.7997782532985394
ENC00173,v4,0.021710169242559283,0.16596262980967957,0.8123271980427749
ENC00188,v4,0.020097713540147603,0.25116474695246793,0.7287375428553285
ENC00191,v4,0.03071270533837378,0.19848762392997743,0.7707996779680252
ENC00192,v4,0.022001640418091335,0.20642553796773558,0.7715728137944196
ENC00193,v4,0.013548843611855634,0.20360368980954474,0.7828474612190173
ENC00202,v4,0.022801468842567837,0.20197648479014027,0.7752220478593087
ENC00208,v4,0.013777781967842661,0.23941253412754163,0.7468096895502248
ENC00209,v4,0.04062023575399194,0.15174294196513316,0.8076368219015614
ENC00210,v4,0.023591795095536335,0.18133777550002872,0.7950704329765883
ENC00214,v4,0.0,0.19124503117619138,0.8087549681013281
ENC00217,v4,0.01810874361244421,0.20202204498552506,0.7798692141809771
ENC00237,v4,0.031493847234385836,0.1898491031192627,0.7786570461754946
ENC00238,v4,0.026239852096592443,0.19839956165615763,0.7753605802407425
ENC00250,v4,0.019334902681146907,0.19345849910468765,0.7872065955942328
ENC00255,v4,0.026114480166662752,0.21000265616125294,0.7638828621378967
ENC00256,v4,0.02109186797353782,0.1756535788115702,0.8032545530258265
ENC00259,v4,0.03852062963685671,0.1354838169013807,0.8259955533715182
ENC00260,v4,0.02516844903796234,0.2033455583520911,0.7714859965172681
ENC00263,v4,0.01634294497273346,0.22883394500701734,0.7548231095960825
ENC00264,v4,0.024196552435967546,0.15515793536689657,0.8206455113966603
ENC00267,v4,0.01833651467740279,0.19861914037630476,0.7830443443923161
ENC00270,v4,0.024433552865888095,0.17882043196801928,0.7967460204841225
ENC00271,v4,0.02516719265087672,0.18600111514987314,0.7888316882445532
ENC00272,v4,0.02178534302876982,0.18006395045832724,0.79815070397031
ENC00275,v4,0.018956498758326102,0.21102953345602393,0.7700139661120553
ENC00289,v4,0.02571286272119593,0.18705173675660733,0.7872353979834804
ENC00291,v4,0.027344259688169018,0.1913714583358194,0.7812842818406912
ENC00292,v4,0.02283072867172046,0.21512271981272432,0.7620465550157759
ENC00294,v4,0.028976285429758445,0.16827492478573433,0.802748789297086
ENC00296,v4,0.029739970559372553,0.16558147130149697,0.8046785567014937
ENC00298,v4,0.022834856089485704,0.18928699052465037,0.7878781523344651
ENC00304,v4,0.02556081909375886,0.17821361731737853,0.7962255624930064
ENC00306,v4,0.01934423042047355,0.2219714707384507,0.7586843033631643
ENC00310,v4,0.02122900480369352,0.1892483532955905,0.7895226456084341
ENC00319,v4,0.03175335487552969,0.18827125326145527,0.779975392559702
ENC00323,v4,0.023325202540934453,0.16737050475107015,0.8093042929479681
ENC00326,v4,0.018345240137983707,0.21698539000805292,0.7646693687572658
ENC00327,v4,0.023307511575861285,0.16377830067436203,0.8129141926765442
ENC00329,v4,0.02811695950041557,0.18501180924218277,0.7868712277247988
ENC00330,v4,0.02856653369963169,0.1840648462455119,0.7873686196342591
ENC00336,v4,0.026835475653614396,0.1883147726880341,0.784849754193934
ENC00337,v4,0.02085380658476812,0.18267122031662797,0.7964749695336233
ENC00341,v4,0.023343923711427697,0.17380036957360603,0.8028557088461008
ENC00344,v4,0.01837223697015468,0.1826923661226151,0.7989353952454585
ENC00349,v4,0.023926323501689134,0.20996564494393696,0.7661080290781004
ENC00358,v4,0.0,0.21433752311381282,0.7856624756033057
ENC00359,v4,0.033443482546135786,0.1810049058124423,0.7855516135692596
ENC00360,v4,0.024653426540846176,0.180769456174187,0.7945771133056795
ENC00362,v4,0.007353500348809002,0.2128680912018926,0.7797784098872432
ENC00368,v4,0.020003292964840377,0.18387712494090752,0.7961195830945615
ENC00372,v4,0.016272775923871264,0.2518508291366149,0.7318763954907047
ENC00376,v4,0.01930226946191848,0.16924928327979044,0.811448449774306
ENC00381,v4,0.023163887728701964,0.1675241436704854,0.8093119703720664
ENC00382,v4,0.03572528250515461,0.17574658486145464,0.7885281287811019
ENC00386,v4,0.02317673903043297,0.1689212431115183,0.8079020175066861
ENC00389,v4,0.02485559510699074,0.15846761564690887,0.8166767920234373
ENC00390,v4,0.023646503133713304,0.18909970757768566,0.7872537874189535
ENC00392,v4,0.02761330637485557,0.2035367124013065,0.7688499781274304
ENC00393,v4,0.026867460990802217,0.24207194732167783,0.7310605866786761
ENC00402,v4,0.029371613092616062,0.20401920433913437,0.7666091852098982
ENC00403,v4,0.02696509736225657,0.16255956634832835,0.8104753372091684
ENC00405,v4,0.02330154621679532,0.19378807893709132,0.7829103739638078
ENC00413,v4,0.034869495593011376,0.20893995434045792,0.7561905459562938
ENC00414,v4,0.022995670448013004,0.15851617469674065,0.818488155802091
ENC00418,v4,0.032403214501315045,0.21252465718670896,0.7550721250082317
ENC00419,v4,0.026617423598572873,0.1907846993979132,0.7825978800915835
ENC00424,v4,0.03982358206096187,0.15503067542847834,0.8051457415547287
ENC00428,v4,0.017242584584958174,0.22462914328683506,0.7581282751126723
ENC00432,v4,0.013829058127572076,0.1749888124015135,0.8111821250824989
ENC00433,v4,0.019839403704997708,0.19277215639380277,0.7873884378172827
ENC00435,v4,0.0,0.29516065401851005,0.7048393561030334
ENC00436,v4,0.019894874443844805,0.20276214814973328,0.777342974296156
ENC00441,v4,0.020977401786422642,0.1780272060665336,0.800995387735158
ENC00443,v4,0.020253680185608875,0.1987235399040704,0.7810227811957399
ENC00444,v4,0.01870792893888919,0.16997858195712692,0.8113134920597076
ENC00451,v4,0.02405276184535434,0.20577142737869525,0.7701758110625112
ENC00453,v4,0.020749648767939912,0.21417477732993723,0.7650755745608632
ENC00456,v4,0.019352980826142025,0.20940771183849852,0.7712393108709359
ENC00457,v4,0.0294920538893036,0.18516870662902615,0.7853392399847507
ENC00459,v4,0.038109984792965027,0.1890007850763045,0.7728892351451673
ENC00461,v4,0.023723008179956158,0.20468196885093398,0.7715950271357661
ENC00462,v4,0.030485531214770732,0.17703517475256733,0.7924792982783972
ENC00444,v4,0.01870792893888919,0.16997858195712692,0.8113134920597076
ENC00449,v4,0.02949997629924131,0.1911625606277265,0.7793374682260938
ENC00451,v4,0.02318436719544299,0.20481920883327992,0.7719964293746261
ENC00453,v4,0.020749648767939912,0.21417477732993723,0.7650755745608632
ENC00456,v4,0.019949242633617956,0.19670861968655645,0.7833421368289877
ENC00457,v4,0.0336225612530696,0.1799302005506668,0.7864472356039224
ENC00459,v4,0.038109984792965027,0.1890007850763045,0.7728892351451673
ENC00461,v4,0.023300202534601244,0.22930438374889264,0.7473954100584247
ENC00462,v4,0.030485531214770732,0.17703517475256733,0.7924792982783972
ENC00463,v4,0.029369816015518847,0.17357138524807636,0.7970587997209458
ENC00464,v4,0.016547270302692332,0.21815117950535426,0.7653015546374402
ENC00465,v4,0.02031998099817887,0.19721450568653467,0.7824655156435929
ENC00469,v4,0.022515358165242617,0.17649915002118377,0.8009854877801766
ENC00471,v4,0.021247762065304786,0.23550849240653368,0.7432437475238528
ENC00474,v4,0.021842666004024642,0.18342227123579696,0.794735060710656
ENC00475,v4,0.016883888567428826,0.19324720358042596,0.7898689079209693
ENC00477,v4,0.016783373439874575,0.20321433352572577,0.7800022935380742
ENC00478,v4,0.02481153379760195,0.17576801185017435,0.7994204581340897
ENC00479,v4,0.024617046006707423,0.1906908872716744,0.7846920640643583
ENC00482,v4,0.030357610786865864,0.17337984793952532,0.7962625358785902
ENC00489,v4,0.032033271469368504,0.16733106962758407,0.8006356610306378
ENC00490,v4,0.01447753507897935,0.18352427902546795,0.8019981825893575
ENC00492,v4,0.023184743150214262,0.16895672272241444,0.80785853162818
ENC00511,v4,0.023066607775746394,0.19517246211897457,0.7817609243045579
ENC00513,v4,0.027983949889118474,0.1566698887447516,0.815346163113912
ENC00519,v4,0.025369811267592014,0.20969381988048552,0.7649363619089127
ENC00524,v4,0.0339245392421547,0.16323893173382834,0.802836534495537
ENC00529,v4,0.023231999287825256,0.21634826809167862,0.7604197326160612
ENC00538,v4,0.03180941844593499,0.17612089406881298,0.7920696889603889
ENC00543,v4,0.019322542858197157,0.16817777713930065,0.8124996798508095
ENC00548,v4,0.032321629224737226,0.18571564633595317,0.7819627230627495
ENC00550,v4,0.023098507482144568,0.17717747966492037,0.7997240140075572
ENC00559,v4,0.02705980507656932,0.21006033384799958,0.7628798651695251
ENC00562,v4,0.03870192072617839,0.16613657229562412,0.795161504509314
ENC00563,v4,0.02036434628472135,0.22510032845778508,0.7545353225222579
ENC00571,v4,0.018789465280039417,0.2018821114193528,0.7793284279684867
ENC00573,v4,0.022970763426767477,0.19856961629051245,0.7784596168442278
ENC00575,v4,0.02595687357401385,0.17278472281703092,0.8012584036993748
ENC00577,v4,0.0261785221443842,0.2233278738154519,0.7504936019259114
ENC00580,v4,0.02334347598235866,0.20903670140589126,0.7676198229645238
ENC00581,v4,0.0170933656316279,0.1854462245948442,0.7974604072461602
ENC00587,v4,0.020949767229871616,0.17833882132692944,0.8007114101496954
ENC00590,v4,0.02209505496486541,0.1617553585599507,0.8161495802863952
ENC00591,v4,0.02581298169172784,0.18714527346857704,0.7870417476290523
ENC00592,v4,0.032245352601220134,0.1624281558968866,0.805326494551797
ENC00596,v4,0.02775692213035654,0.16442920494591817,0.8078138701617718
ENC00598,v4,0.02077253857377644,0.20136160880508946,0.7778658505256583
ENC00600,v4,0.014880286072702887,0.2278148657250627,0.7573048519753964
ENC00606,v4,0.03338346036790467,0.19586240436270166,0.7707541342546691
ENC00608,v4,0.028720108783481833,0.17961026044022815,0.7916696344580606
ENC00620,v4,0.02255787378637476,0.18987575382663963,0.7875663698389289
ENC00631,v4,0.022605662338832426,0.15511476766516472,0.8222795707234264
ENC00637,v4,0.014939918740457225,0.22716680703864944,0.7578932710232273
ENC00640,v4,0.019263377778719518,0.19036475025883345,0.7903718661482089
ENC00643,v4,0.01841097617662459,0.2561633105407346,0.7254257148729181
ENC00657,v4,0.019587613047204085,0.18720412235937,0.7932082620667823
ENC00661,v4,0.020599010639597435,0.21898258054578626,0.7604184094313029
ENC00665,v4,0.023896707670280227,0.15880187214524658,0.8173014208858396
ENC00667,v4,0.0314676100768301,0.19007750535954018,0.7784548821497936
ENC00671,v4,0.011074110909248702,0.18505456661315342,0.8038713214428801
ENC00694,v4,0.026507168391684967,0.20160511239535278,0.7718877262539334
ENC00696,v4,0.028927990287574458,0.18681379773750387,0.7842582063428287
ENC00697,v4,0.0192899308709916,0.201041689630851,0.7796683788878246
ENC00711,v4,0.018327061229595733,0.18732822962826298,0.7943447083234787
ENC00717,v4,0.01889526503142512,0.20591740697188285,0.7751873332319907
ENC00720,v4,0.018155375894159078,0.1706836394816637,0.8111609830856323
ENC00721,v4,0.0180986403953284,0.19211042660933275,0.7897909354705077
ENC00727,v4,0.018335044531651388,0.20366259355370592,0.7780023558837611
ENC00729,v4,0.021570970374991054,0.18437471802878594,0.794054304648723
ENC00730,v4,0.020855252979124345,0.18984378487305734,0.7893009608231701
ENC00734,v4,0.017416362919181853,0.18977127633653246,0.792812353318876
ENC00744,v4,0.02303175290149671,0.20134561602026224,0.7756226283532602
ENC00747,v4,0.05251645276343429,0.2140047971036408,0.733478749518866
ENC00748,v4,0.030161910960565745,0.17679128770567018,0.793046799706824
ENC00749,v4,0.03719653399661183,0.17562227327376603,0.7871811908483505
ENC00752,v4,0.016460578683038036,0.19412364230140464,0.7894157751814112
ENC00753,v4,0.02088527603317862,0.18720723283679588,0.7919074918912805
ENC00757,v4,0.0175527851653075,0.169989993879872,0.812457223092356
ENC00759,v4,0.029201648512182855,0.17359645675713495,0.797201895325847
ENC00762,v4,0.017740554636870715,0.1775689899813438,0.8046904547490935
ENC00765,v4,0.01600531433249199,0.2278397398753257,0.7561549370801901
ENC00771,v4,0.02101322332699154,0.19314272886326722,0.7858440524285978
ENC00772,v4,0.030878235380656607,0.18895734028201402,0.7801644222473535
ENC00778,v4,0.020678681659743063,0.18822835287095135,0.7910929648285239
ENC00787,v4,0.01259926903550348,0.20373616071668924,0.7836645725348317
ENC00788,v4,0.026830405255572662,0.20774724452286705,0.7654223538871504
ENC00792,v4,0.014229345686831757,0.17296170567472777,0.8128089489992599
ENC00797,v4,0.015444162869651881,0.21782679002836486,0.7667290509861207
ENC00801,v4,0.0,0.202669921168289,0.797330080212413
ENC00802,v4,0.02802028282894753,0.15570140617071754,0.8162783086299896
ENC00807,v4,0.0,0.18798264821193048,0.8120173501116889
ENC00808,v4,0.028940678582386633,0.17456740787071465,0.7964919140908571
ENC00812,v4,0.018944835702924035,0.16438215121013833,0.8166730120966706
ENC00813,v4,0.02588122224470026,0.21385366514882195,0.7602651147084816
ENC00815,v4,0.018762356706804807,0.18538208361915362,0.7958555644558322
ENC00830,v4,0.023633091151714324,0.19956723409039634,0.7767996762480055
ENC00832,v4,0.0,0.2703011164182349,0.7296988862224772
ENC00838,v4,0.03287797194905579,0.1973837936669588,0.7697382271289825
ENC00845,v4,0.01492447784277711,0.17192687422519537,0.8131486471179578
ENC00848,v4,0.026461445862638218,0.1792482290733254,0.7942903300501266
ENC00849,v4,0.024609967200692907,0.17937737284228206,0.7960126594356869
ENC00002,v5,0.022454234831749312,0.16073404325876828,0.8168117197066391
ENC00003,v5,0.02693268391630498,0.1835483061476496,0.7895190104057914
ENC00004,v5,0.026491239329503067,0.21307720829719218,0.7604315527107405
ENC00006,v5,0.029646026871858105,0.22870753120671036,0.7416464423620572
ENC00007,v5,0.025493618305202345,0.21053650412632494,0.7639698769365039
ENC00008,v5,0.025033547029156108,0.240703120142564,0.7342633289852362
ENC00013,v5,0.02104363512722248,0.23497348609116842,0.7439828748410603
ENC00014,v5,0.008260696580242595,0.2151171370052997,0.776622165132452
ENC00017,v5,0.023161831656470896,0.2383218951523304,0.7385162705183029
ENC00022,v5,0.02765385231587215,0.21246719082533302,0.7598789576756753
ENC00023,v5,0.020189899521378372,0.1842710028728868,0.7955390966346121
ENC00024,v5,0.012413137683766746,0.22564701116252167,0.7619398537083207
ENC00031,v5,0.025829062881794842,0.1681555852632631,0.8060153533111919
ENC00034,v5,0.03791380924458551,0.2098017665419248,0.7522844211889965
ENC00043,v5,0.014784344207410786,0.17652609686113216,0.8086895590478723
ENC00052,v5,0.02636579854170913,0.20170876480962918,0.7719254348589026
ENC00063,v5,0.02091501761378363,0.23499215875912194,0.7440928235800579
ENC00064,v5,0.01455549953569626,0.19363298572856805,0.791811518011422
ENC00065,v5,0.020761893584326008,0.18941694429886888,0.789821160774605
ENC00067,v5,0.018893155645121607,0.24319729130519063,0.7379095517752463
ENC00080,v5,0.03364622310735285,0.174257595166564,0.7920961856842041
ENC00081,v5,0.01662749636660118,0.21590029595807048,0.7674722019398567
ENC00084,v5,0.021019739815248892,0.23819776674589285,0.7407824927224562
ENC00088,v5,0.02433309034731622,0.22571979184574056,0.7499471189819764
ENC00089,v5,0.025359358209714616,0.17901985304389925,0.7956207829842464
ENC00090,v5,0.021814348586181653,0.17381121512891642,0.8043744375011814
ENC00096,v5,0.03101375662637028,0.1830865162170746,0.7858997290784663
ENC00098,v5,0.020453640154300956,0.21485687128733844,0.7646894855424762
ENC00103,v5,0.011116225179284811,0.21844062279909848,0.7704431423544884
ENC00106,v5,0.015745397393370983,0.2031179978108475,0.7811366057809378
ENC00111,v5,0.011605243743096868,0.23999404738987645,0.7484007040339131
ENC00113,v5,0.0,0.22534600773271712,0.7746539907601043
ENC00121,v5,0.01658573919793463,0.2177944736455688,0.7656197893710537
ENC00125,v5,0.022031252026345913,0.1881384929202921,0.7898302519224524
ENC00128,v5,0.03204394270765728,0.21508147976627306,0.752874579546707
ENC00130,v5,0.020715317886023626,0.20207130479334046,0.7772133737584971
ENC00133,v5,0.03960384967223067,0.18789506764632874,0.7725010853389214
ENC00143,v5,0.022215009696914683,0.22660629962171827,0.7511786912168775
ENC00149,v5,0.02027781614229726,0.22570526524842213,0.754016917386501
ENC00151,v5,0.0,0.2338492744602263,0.7661507330420945
ENC00159,v5,0.017393884625142582,0.20361666152110466,0.7789894462778018
ENC00162,v5,0.020479198434721617,0.19884131479440098,0.7806794858079845
ENC00164,v5,0.015474217036145104,0.19666323719033296,0.7878625483616538
ENC00167,v5,0.014421921165194362,0.1961914128003021,0.7893866635859013
ENC00170,v5,0.03444182405086315,0.1805317051338483,0.7850264697711661
ENC00171,v5,0.026756009002300827,0.17899944091385062,0.7942445524467909
ENC00173,v5,0.021330128955557498,0.18512763333187174,0.7935422325312201
ENC00188,v5,0.013379808267458312,0.21788847602663503,0.7687317185824917
ENC00191,v5,0.02378435820518505,0.20343746620984304,0.7727781718685514
ENC00192,v5,0.018352905460430877,0.1956399140096661,0.7860071762748386
ENC00193,v5,0.009811348151013163,0.18186416718418952,0.8083244823379281
ENC00202,v5,0.017879504823704827,0.1691602660921981,0.8129602296126855
ENC00208,v5,0.013777781967842661,0.23941253412754163,0.7468096895502248
ENC00209,v5,0.03372001707269128,0.17145295348611606,0.7948270314817976
ENC00210,v5,0.02662151342243418,0.1841154629003632,0.7892630174178485
ENC00214,v5,0.0,0.2451110099968703,0.7548889922059101
ENC00217,v5,0.017544818804157477,0.21427285143711272,0.7681823342385954
ENC00237,v5,0.02738058752969236,0.18281682619058034,0.7898025826057967
ENC00238,v5,0.024883282679619024,0.20998851371848065,0.7651282001448714
ENC00250,v5,0.018858802257583733,0.19358357434383536,0.7875576254013366
ENC00255,v5,0.020203817910736516,0.2045753124923933,0.7752208664303735
ENC00256,v5,0.023216226368744687,0.20784107045930567,0.7689427004277127
ENC00259,v5,0.031421794629126205,0.17208539643416218,0.7964928120959038
ENC00260,v5,0.021218020060601143,0.21492947883044297,0.7638525052712514
ENC00263,v5,0.015754413657954762,0.20214609567608152,0.7820994956152779
ENC00264,v5,0.023332202304154635,0.15524500606954098,0.8214227862358093
ENC00267,v5,0.012879556462661746,0.2006659139879048,0.7864545281319058
ENC00270,v5,0.024895027242941646,0.2019316157916697,0.773173360199463
ENC00271,v5,0.024976471096347524,0.19104403486979082,0.7839794940543625
ENC00272,v5,0.017440932904391138,0.18008879222031823,0.8024702777988032
ENC00275,v5,0.01644551644074874,0.2249799879411092,0.7585744963815579
ENC00289,v5,0.02129080922764947,0.20047593711734676,0.7782332506968821
ENC00291,v5,0.02115833583586621,0.20042027441679305,0.7784213896067638
ENC00292,v5,0.01780795320519246,0.22123283120648315,0.7609592073907455
ENC00294,v5,0.027368646437110743,0.18710943527310808,0.7855219139116947
ENC00296,v5,0.02530568124105533,0.1956077452529879,0.7790865731589934
ENC00298,v5,0.021792920844181794,0.2127464645823767,0.7654606106207352
ENC00304,v5,0.023839230687978368,0.18525468827121788,0.7909060815970103
ENC00306,v5,0.01911635521950351,0.2160535468845754,0.764830096347912
ENC00310,v5,0.017725701009233794,0.1863752396688575,0.7958990607942854
ENC00319,v5,0.03037436909200448,0.21585123964919234,0.7537743882188257
ENC00323,v5,0.020487714427785422,0.18117070137829838,0.7983415883458304
ENC00326,v5,0.017870465684349517,0.2257370357401669,0.7563925002302442
ENC00327,v5,0.020452180259268392,0.20349256240508773,0.7760552552613345
ENC00329,v5,0.028249129385727902,0.2172360626251801,0.7545148105724998
ENC00330,v5,0.026041645970609453,0.20553066432476044,0.7684276885456509
ENC00336,v5,0.022944381360341853,0.19281462786271225,0.7842409954040865
ENC00337,v5,0.01771056784340983,0.21290681668525113,0.7693826114309246
ENC00341,v5,0.020985579941355224,0.1911377799364605,0.7878766389829772
ENC00344,v5,0.01737136280696307,0.17787783984627042,0.8047507926395961
ENC00349,v5,0.0196173655081685,0.22290049464378542,0.7574821400989606
ENC00358,v5,0.0,0.2175219815812613,0.7824780158698559
ENC00359,v5,0.02441993797939967,0.16872236797419504,0.806857689124782
ENC00360,v5,0.0227419671912988,0.177359436749525,0.7998986002944765
ENC00362,v5,0.006119961163266471,0.23106456584497995,0.7628154725420708
ENC00368,v5,0.01786813796459397,0.20531602333153576,0.7768158370798285
ENC00372,v5,0.01648038998246193,0.27545118177759237,0.7080684269981823
ENC00376,v5,0.01690177611621598,0.2017612296084945,0.7813369883940771
ENC00381,v5,0.01990657636573664,0.17256406005611993,0.8075293665541742
ENC00382,v5,0.028020853732793945,0.1868910993114837,0.7850880437684291
ENC00386,v5,0.02110359120871062,0.18821840869343798,0.7906779942305192
ENC00389,v5,0.02297627205605344,0.20004916378705623,0.7769745609743132
ENC00390,v5,0.020337363042976377,0.1904896941720223,0.789172941730136
ENC00392,v5,0.025343371264170855,0.20815129491966217,0.7665053334087133
ENC00393,v5,0.026399894602831424,0.19561199777884278,0.7779881062470083
ENC00402,v5,0.02715230388823179,0.23439928879021504,0.7384484076718671
ENC00403,v5,0.021871545278217372,0.19649718557598023,0.7816312701963797
ENC00405,v5,0.023836413218911428,0.2274404198396951,0.7487231623381376
ENC00413,v5,0.029021307333771673,0.19437513365632011,0.7766035596529642
ENC00414,v5,0.024738635981314573,0.21468413370747527,0.7605772233810746
ENC00418,v5,0.030482959753322984,0.2275130371412923,0.7420040019737777
ENC00419,v5,0.023754458575353136,0.17666102597748276,0.7995845122929037
ENC00424,v5,0.035379126931713745,0.1831917556052187,0.7814291159136105
ENC00428,v5,0.015772078877489548,0.21681227057706565,0.7674156546127051
ENC00432,v5,0.015042067226022481,0.20044463622570038,0.7845132944583892
ENC00433,v5,0.018176620901231805,0.21323694517054864,0.7685864404324563
ENC00435,v5,0.0,0.22001727899909018,0.7799827182292938
ENC00436,v5,0.019710949422005797,0.19573134570964612,0.784557705046609
ENC00441,v5,0.020293184775201714,0.18118688381989212,0.7985199317336082
ENC00443,v5,0.018334943094644052,0.2354193093876044,0.7462457435569544
ENC00444,v5,0.015847189819289592,0.1810940573375453,0.8030587542144692
ENC00451,v5,0.021752173476413172,0.2060649058307117,0.7721829200690647
ENC00453,v5,0.01960815370099944,0.22572997082537466,0.7546618761272605
ENC00456,v5,0.019352980826142025,0.20940771183849852,0.7712393108709359
ENC00457,v5,0.022942506446668953,0.17833396672488075,0.798723530687698
ENC00459,v5,0.027752516599272498,0.190153248750299,0.7820942315436502
ENC00461,v5,0.025466755754575972,0.22465126266640223,0.7498819844776325
ENC00462,v5,0.03165135848702806,0.20326152280198806,0.7650871168483387
ENC00444,v5,0.015847189819289592,0.1810940573375453,0.8030587542144692
ENC00449,v5,0.029515727363159938,0.21165623092515903,0.7588280419057066
ENC00451,v5,0.021115133238016767,0.20761381168808557,0.7712710560423083
ENC00453,v5,0.01960815370099944,0.22572997082537466,0.7546618761272605
ENC00456,v5,0.019949242633617956,0.19670861968655645,0.7833421368289877
ENC00457,v5,0.022733182624334426,0.19512435019485594,0.7821424678554685
ENC00459,v5,0.027752516599272498,0.190153248750299,0.7820942315436502
ENC00461,v5,0.022548737505491336,0.23947597335538137,0.7379752873726513
ENC00462,v5,0.03165135848702806,0.20326152280198806,0.7650871168483387
ENC00463,v5,0.024537635857227798,0.1668342464597699,0.8086281174458332
ENC00464,v5,0.013581420131827478,0.18572708328733337,0.8006914988749445
ENC00465,v5,0.019785852408999164,0.2316740225725526,0.7485401210368879
ENC00469,v5,0.024396911117512344,0.19900004504554308,0.7766030404105115
ENC00471,v5,0.018521240062361197,0.20478916259866858,0.7766895951732756
ENC00474,v5,0.019908703079701755,0.22727948464721226,0.7528118083802916
ENC00475,v5,0.01473045034251888,0.19745147960150944,0.7878180696683772
ENC00477,v5,0.014231983146847304,0.18718518798512623,0.7985828238770478
ENC00478,v5,0.025355517167911353,0.20411617462044565,0.7705283053567477
ENC00479,v5,0.023151048709063187,0.17625993453240132,0.8005890171317493
ENC00482,v5,0.02744055259245215,0.18325807267683558,0.7893013772554696
ENC00489,v5,0.030831935890771524,0.20242940386136374,0.7667386555912519
ENC00490,v5,0.01080765617584252,0.1980368449667077,0.7911554984985643
ENC00492,v5,0.01930128050115064,0.17335120668617365,0.8073475160331369
ENC00511,v5,0.02733108741187743,0.23372289162372875,0.7389460289589712
ENC00513,v5,0.0313557509671558,0.19486420554193584,0.7737800451842222
ENC00519,v5,0.027942269941941447,0.22223157060407375,0.7498261660990053
ENC00524,v5,0.03048907331579808,0.2001933032664859,0.7693176194302087
ENC00529,v5,0.022873997623746346,0.22142664660321604,0.7556993557084905
ENC00538,v5,0.025833878636796464,0.19765278837970784,0.776513333793159
ENC00543,v5,0.01778175810440665,0.21381619920333225,0.7684020462490263
ENC00548,v5,0.029934828534868417,0.2111606031802355,0.7589045649065691
ENC00550,v5,0.021966093805648627,0.22527057180802026,0.7527633360637132
ENC00559,v5,0.02419158633921511,0.1904821641558458,0.7853262488507042
ENC00562,v5,0.03233094984947258,0.1662961456830762,0.8013729022330597
ENC00563,v5,0.020257166333197216,0.23783801037019917,0.7419048249721527
ENC00571,v5,0.01829593952235048,0.17741047130648496,0.8042935884682236
ENC00573,v5,0.017602867289521807,0.19507568327055588,0.7873214531589199
ENC00575,v5,0.023277092289746455,0.198805612390456,0.7779172952624335
ENC00577,v5,0.025638130089167016,0.2444567722521087,0.7299050959043725
ENC00580,v5,0.020182643994508732,0.17010212166895788,0.8097152397517235
ENC00581,v5,0.01908984131207972,0.2251343676312403,0.755775790774461
ENC00587,v5,0.019877556296573444,0.19159724634479391,0.7885251969099045
ENC00590,v5,0.022425629186712332,0.19762449818900077,0.7799498744435229
ENC00591,v5,0.021477036554223068,0.1869204267859459,0.7916025361762598
ENC00592,v5,0.03122485711411306,0.17591215651126424,0.7928629825069646
ENC00596,v5,0.026743135615510658,0.18961371960014933,0.7836431434584988
ENC00598,v5,0.023090037304201935,0.21086139100439408,0.7660485695000567
ENC00600,v5,0.01097890481663247,0.22798758652948198,0.7610335111618042
ENC00606,v5,0.0241229573271516,0.19254348614681377,0.7833335556253029
ENC00608,v5,0.026508947515061925,0.20188879647425242,0.7716022568089621
ENC00620,v5,0.023036625053915943,0.19733326793550612,0.7796301099803898
ENC00631,v5,0.021646383844522967,0.19683801864998207,0.7815155982971191
ENC00637,v5,0.01301717623707135,0.24464439524679768,0.7423384293001525
ENC00640,v5,0.021520232007202534,0.22682342191438865,0.7516563493426484
ENC00643,v5,0.01750966682283313,0.2570887700707283,0.7254015674006264
ENC00657,v5,0.01591007169531463,0.19340847388326704,0.7906814544767766
ENC00661,v5,0.02110473401331174,0.22823081253551122,0.7506644519295279
ENC00665,v5,0.020822011976054423,0.17004138977715264,0.8091365959909227
ENC00667,v5,0.02813519593577699,0.19218221858942083,0.7796825841069221
ENC00671,v5,0.0086910824829377,0.18179775084953131,0.8095111691433451
ENC00694,v5,0.01669147765746207,0.19882311076591058,0.7844854087701866
ENC00696,v5,0.027442725685735542,0.19665411536892255,0.7759031603733698
ENC00697,v5,0.014680678689202994,0.20083022069766981,0.7844890973983555
ENC00711,v5,0.015830009165008298,0.18494394047990104,0.7992260503497991
ENC00717,v5,0.0162764742591797,0.2180309798363801,0.765692549092429
ENC00720,v5,0.017071598282485615,0.19600941058175236,0.7869189913366356
ENC00721,v5,0.01616756065522094,0.2060740274620486,0.7777584138754252
ENC00727,v5,0.018162251900464884,0.19094564853922316,0.7908920998636045
ENC00729,v5,0.022658467662434296,0.23647216000815027,0.7408693715469125
ENC00730,v5,0.0188167498348967,0.19181641586647744,0.789366832950659
ENC00734,v5,0.01442060301472482,0.22757506464657032,0.7580043397451702
ENC00744,v5,0.02120074030244723,0.21690053436905146,0.7618987212578455
ENC00747,v5,0.04193731060017221,0.17615993903172728,0.7819027571093957
ENC00748,v5,0.028125987765539824,0.20478637728454738,0.7670876316983124
ENC00749,v5,0.02825586275139358,0.19029232619019845,0.7814518089095751
ENC00752,v5,0.013621362388579987,0.19367741562531027,0.7927012260950786
ENC00753,v5,0.018498016480589286,0.21428217738866806,0.7672198049724102
ENC00757,v5,0.015046827377780347,0.18743465720971889,0.7975185160026994
ENC00759,v5,0.026220134686396904,0.20077010951623195,0.7730097525260028
ENC00762,v5,0.016945422610531995,0.18388745505509413,0.7991671228972007
ENC00765,v5,0.01692157548809932,0.24658098004081033,0.7364974401213906
ENC00771,v5,0.0196631433158789,0.2151375307661036,0.7651993250069411
ENC00772,v5,0.026321860879633417,0.19525891896599615,0.7784192196919885
ENC00778,v5,0.018500454445201597,0.18915138298981501,0.7923481606069158
ENC00787,v5,0.010941228035975385,0.21103262170045464,0.778026149780662
ENC00788,v5,0.024608522888507928,0.23123789384021415,0.7441535812240463
ENC00792,v5,0.015007372280316693,0.20418951614272027,0.7808031104859852
ENC00797,v5,0.014749425860796252,0.21684695966541767,0.7684036110495699
ENC00801,v5,0.0,0.16798005295269067,0.8320199471810905
ENC00802,v5,0.02781674602010753,0.20005821619027606,0.7721250432853898
ENC00807,v5,0.0,0.18157958207442798,0.8184204157342247
ENC00808,v5,0.020243978257412497,0.18889983947510305,0.7908561841301296
ENC00812,v5,0.01892372669482773,0.18054129219980855,0.8005349803151507
ENC00813,v5,0.019455202985281014,0.21448254599875094,0.7660622567522759
ENC00815,v5,0.01676944368746835,0.19184599410403858,0.791384562120571
ENC00830,v5,0.018903029568331398,0.1831192125606796,0.7979777574539184
ENC00832,v5,0.0,0.24578767598316234,0.7542123230554725
ENC00838,v5,0.02372390610521267,0.16241439806885624,0.8138616971279445
ENC00845,v5,0.016043181359767913,0.20780434685945512,0.7761524691581726
ENC00848,v5,0.025382476121154244,0.18723316886256228,0.7873843517978635
ENC00849,v5,0.022340275387289703,0.1886033666951041,0.7890563549533967
ENC00002,v6,0.04014962520967755,0.14441759762480672,0.8154327773753508
ENC00003,v6,0.035873127424182666,0.13635895072212934,0.8277679211214969
ENC00004,v6,0.03550142561250324,0.11681937777778371,0.8476791933730796
ENC00006,v6,0.03534059078837058,0.12266437123451694,0.841995038478023
ENC00007,v6,0.03190326187341066,0.13479153570206312,0.8333052063591024
ENC00008,v6,0.03353576865313308,0.12788359826164586,0.838580630677087
ENC00013,v6,0.03586383651040025,0.10639380562801178,0.8577423559164438
ENC00014,v6,0.016194254234722705,0.14942094615124976,0.8343847976138554
ENC00017,v6,0.02891848227009177,0.14528676172379743,0.8257947528904135
ENC00022,v6,0.0452793125204449,0.1210965394942362,0.8336241446184308
ENC00023,v6,0.03170924145364907,0.13306615561610316,0.8352246030074794
ENC00024,v6,0.026647707750840532,0.1740327537059784,0.7993195383779464
ENC00031,v6,0.03390652421604162,0.12412483578418973,0.8419686362803357
ENC00034,v6,0.04205219702501046,0.12420245875980247,0.8337453478261044
ENC00043,v6,0.03426174741658174,0.1365621202900388,0.8291761316166023
ENC00052,v6,0.03626648419165086,0.12856019415212264,0.8351733219747098
ENC00063,v6,0.04213269655022542,0.149811228832268,0.8080560780909597
ENC00064,v6,0.02772975509397615,0.13438653915171633,0.8378837045352414
ENC00065,v6,0.03032748597960038,0.10974573939497664,0.8599267681109954
ENC00067,v6,0.02907006991941721,0.1401967540246631,0.830733177995463
ENC00080,v6,0.05882294549881624,0.1120204598097221,0.8291565945232492
ENC00081,v6,0.03191763532432278,0.11931390025460258,0.8487684639363453
ENC00084,v6,0.031934785925360636,0.12407869808704054,0.8439865166132671
ENC00088,v6,0.0370613060076721,0.12938825608216575,0.8335504402639344
ENC00089,v6,0.03967813555117663,0.13217095296561449,0.8281509086892411
ENC00090,v6,0.03851090024479411,0.11773936038738803,0.843749740477384
ENC00096,v6,0.0410645424419052,0.11259469421641839,0.8463407630448813
ENC00098,v6,0.02792183503984137,0.13125172298044918,0.8408264433766933
ENC00103,v6,0.020566362734825816,0.13725227846477467,0.842181355620806
ENC00106,v6,0.02864549075472921,0.12047478742490819,0.8508797221568994
ENC00111,v6,0.026903416144656626,0.12713046109971196,0.8459661226859068
ENC00113,v6,0.0,0.2834102593553372,0.7165897465669192
ENC00121,v6,0.03788352974782318,0.12660439238127127,0.8355120768849279
ENC00125,v6,0.04217509398965732,0.12939664014898564,0.8284282688645349
ENC00128,v6,0.04164779860184353,0.1033628446093644,0.8549893591552973
ENC00130,v6,0.045509226315202767,0.1253411345652234,0.8291496414887277
ENC00133,v6,0.044113970316440154,0.1194153349955105,0.8364706949412244
ENC00143,v6,0.03286638178542489,0.14015914131960017,0.8269744769204408
ENC00149,v6,0.029383335846810126,0.11480556341889754,0.855811099398811
ENC00151,v6,0.0,0.26031254642996293,0.7396874489455387
ENC00159,v6,0.022692737446884347,0.13884024434740755,0.8384670167212274
ENC00162,v6,0.03772727855325199,0.14784520996857414,0.8144275114923565
ENC00164,v6,0.03251340464569041,0.11889063660828281,0.8485959600116207
ENC00167,v6,0.02242002823395419,0.137705167835771,0.8398748072742046
ENC00170,v6,0.04178012807599523,0.12781041593036868,0.8304094611243769
ENC00171,v6,0.03863096124349305,0.1383953307209035,0.8229737064013114
ENC00173,v6,0.027580957473643745,0.12812947472557426,0.8442895707984766
ENC00188,v6,0.02646143608041765,0.1352311017101302,0.8383074620190789
ENC00191,v6,0.05247880500824883,0.12780979122871008,0.819711406261493
ENC00192,v6,0.027013142591144526,0.15232376910877965,0.8206630891139528
ENC00193,v6,0.023356927863354686,0.12747596130641395,0.8491671114813449
ENC00202,v6,0.028987766972807034,0.12478100994316044,0.8462312246756579
ENC00208,v6,0.021580410891652316,0.15095024159247125,0.827469347803681
ENC00209,v6,0.04890239441687649,0.12724386302027155,0.8238537410363794
ENC00210,v6,0.02721962332509941,0.13303212816740764,0.8397482528730675
ENC00214,v6,0.0,0.2959819809784965,0.7040180194945562
ENC00217,v6,0.03899554909375592,0.16219520565914355,0.7988092465194192
ENC00237,v6,0.040783463331053454,0.12580473143227247,0.833411801226285
ENC00238,v6,0.030763122164804875,0.11206193418033293,0.8571749447748579
ENC00250,v6,0.030651486552895825,0.1449605302683487,0.8243879833418852
ENC00255,v6,0.03960103082058371,0.16674643647068185,0.793652533507738
ENC00256,v6,0.035867043006055005,0.15999623550879244,0.8041367209115565
ENC00259,v6,0.038615512999967905,0.091339903196058,0.870044588111341
ENC00260,v6,0.03150465120861848,0.14783231655175808,0.8206630313909182
ENC00263,v6,0.023667951658195845,0.15894245513515665,0.8173895957152968
ENC00264,v6,0.03118994370651778,0.11569409930835599,0.8531159624673318
ENC00267,v6,0.031019653659313917,0.13293450387815633,0.8360458466268721
ENC00270,v6,0.041750435148782315,0.1329662109626897,0.825283352454104
ENC00271,v6,0.042496199921515654,0.12243391034280648,0.8350698931608349
ENC00272,v6,0.025491056101980495,0.13467791648720628,0.8398310295977995
ENC00275,v6,0.02075771919010041,0.12426274673829615,0.8549795374624046
ENC00289,v6,0.029020783989835763,0.1242472790836473,0.846731937257573
ENC00291,v6,0.037613842981837446,0.15233488437389173,0.8100512769914443
ENC00292,v6,0.027208945275667834,0.12693526870170735,0.8458557851713707
ENC00294,v6,0.040325392708182334,0.11648796118795872,0.8431866486370564
ENC00296,v6,0.03952294143009416,0.1221951235713468,0.8382819387135585
ENC00298,v6,0.032245118427090345,0.13611689996388224,0.8316379823618465
ENC00304,v6,0.03367357146089489,0.1223912084751646,0.843935223063454
ENC00306,v6,0.027149073582153484,0.16364103599249968,0.8092098919271725
ENC00310,v6,0.029250496421809657,0.12457921150780749,0.846170294447802
ENC00319,v6,0.040025520976258805,0.12010658721637774,0.8398678894023819
ENC00323,v6,0.030193310137838124,0.13907248632749541,0.8307342050597072
ENC00326,v6,0.025149247550614803,0.14758314847913345,0.8272676018891355
ENC00327,v6,0.02891521875426406,0.15621703811484622,0.8148677423596382
ENC00329,v6,0.04560771742716241,0.12382973259330815,0.8305625465945301
ENC00330,v6,0.04350120321589899,0.12610735604539514,0.8303914450584574
ENC00336,v6,0.041192926705190085,0.1323682335087487,0.8264388417518591
ENC00337,v6,0.03431665106488273,0.14557229113230047,0.8201110573842171
ENC00341,v6,0.031767990350085235,0.11760055044285171,0.8506314542082792
ENC00344,v6,0.02964389418090178,0.1300044817511331,0.8403516231982175
ENC00349,v6,0.022035365359687437,0.13934423177633234,0.8386204024796845
ENC00358,v6,0.0,0.30729973207820543,0.6927002771334214
ENC00359,v6,0.03513081884783441,0.13093973035044268,0.8339294491551857
ENC00360,v6,0.02926454249791277,0.11027791240485385,0.8604575475910679
ENC00362,v6,0.009157774456061724,0.15925781482435536,0.831584406922562
ENC00368,v6,0.036620374184567483,0.11739087119232863,0.8459887520968914
ENC00372,v6,0.02440350022649175,0.13750602575822682,0.838090476650877
ENC00376,v6,0.02844204997512488,0.12728183823398864,0.8442761093760148
ENC00381,v6,0.03079293286666656,0.12847532064486772,0.8407317473338201
ENC00382,v6,0.04260339718016367,0.13084739495916342,0.8265492113494368
ENC00386,v6,0.030856763138561637,0.13290727607956207,0.8362359613985628
ENC00389,v6,0.04689300451825214,0.14824322432779322,0.8048637678346983
ENC00390,v6,0.033095895928346504,0.1421481376924252,0.8247559696941053
ENC00392,v6,0.04055574731854954,0.12318572360762761,0.8362585300236792
ENC00393,v6,0.03335007888414822,0.12809059194064346,0.8385593289959019
ENC00402,v6,0.04333339054137468,0.1168676551976582,0.8397989537657761
ENC00403,v6,0.05882673091705768,0.12708400588442562,0.8140892601141365
ENC00405,v6,0.030474344425154135,0.13334414125599253,0.8361815128188866
ENC00413,v6,0.03867280400388747,0.1156100623370826,0.8457171315318542
ENC00414,v6,0.04056599449359055,0.12988773051620228,0.8295462727546692
ENC00418,v6,0.05284746119080211,0.12539827586675184,0.8217542619394833
ENC00419,v6,0.03086329416469916,0.15552407893303194,0.8136126317475971
ENC00424,v6,0.0402773618377711,0.11322674853940827,0.8464958890589005
ENC00428,v6,0.028867650332094562,0.1398561807394388,0.8312761709094048
ENC00432,v6,0.02846516867070214,0.1261597822812435,0.845375049427936
ENC00433,v6,0.02617144037642891,0.13271044213250577,0.8411181167777316
ENC00435,v6,0.0,0.2631772332664194,0.7368227623659989
ENC00436,v6,0.0345698266857422,0.1159114045578809,0.8495187643501494
ENC00441,v6,0.030893018920014195,0.1440680978443236,0.8250388820120629
ENC00443,v6,0.03341532513709703,0.125976110692136,0.8406085624144628
ENC00444,v6,0.027280873463188453,0.14876645925183465,0.8239526671218121
ENC00451,v6,0.030148074981601287,0.15607683167521222,0.8137750950021049
ENC00453,v6,0.030695043031591922,0.14587056007236243,0.8234344007074833
ENC00456,v6,0.029951499112235803,0.16042496630501363,0.8096235324778864
ENC00457,v6,0.040849008747430235,0.12026807202850111,0.838882920690454
ENC00459,v6,0.04566863735129878,0.14885111373836454,0.8054802464703991
ENC00461,v6,0.03234682851446105,0.12715382145887072,0.8404993532813169
ENC00444,v6,0.027280873463188453,0.14876645925183465,0.8239526671218121
ENC00449,v6,0.035270231316806136,0.1265802259913811,0.8381495420063767
ENC00451,v6,0.030148074981601287,0.15607683167521222,0.8137750950021049
ENC00453,v6,0.030695043031591922,0.14587056007236243,0.8234344007074833
ENC00456,v6,0.029951499112235803,0.16042496630501363,0.8096235324778864
ENC00457,v6,0.040849008747430235,0.12026807202850111,0.838882920690454
ENC00459,v6,0.04566863735129878,0.14885111373836454,0.8054802464703991
ENC00461,v6,0.03234682851446105,0.12715382145887072,0.8404993532813169
ENC00462,v6,0.03972857422782343,0.12355417450459502,0.8367172502169088
ENC00463,v6,0.03918983270837502,0.13414317717648705,0.8266669901257212
ENC00464,v6,0.029911283908263784,0.13153239364529254,0.838556322218484
ENC00465,v6,0.03756830798499663,0.12239446890813233,0.8400372248707395
ENC00469,v6,0.033615705330864845,0.11912233687972075,0.8472619617932311
ENC00471,v6,0.032029273488850735,0.16279934180566846,0.8051713851850424
ENC00474,v6,0.02747185547644638,0.11967056283779512,0.852857581087362
ENC00475,v6,0.02175619349711471,0.14843128784847112,0.8298125152970538
ENC00477,v6,0.02764269054519929,0.13392353550870978,0.8384337725620421
ENC00478,v6,0.035194844505084415,0.11866271862494095,0.8461424391610282
ENC00479,v6,0.03787893804392832,0.12923831613734366,0.8328827468787923
ENC00482,v6,0.04689319170426324,0.12200280884524603,0.8311040050384262
ENC00489,v6,0.04047150358492057,0.11582400579629097,0.8437044919850017
ENC00490,v6,0.01999770859784456,0.13731767640439504,0.8426846125998448
ENC00492,v6,0.030648921302727554,0.11689506411121404,0.8524560140184134
ENC00511,v6,0.03881272861861393,0.12812488082334653,0.8330623916326425
ENC00513,v6,0.04058529523712012,0.1551820068740316,0.8042326958910111
ENC00519,v6,0.045954397446959394,0.1170534274891996,0.8369921738984155
ENC00524,v6,0.039864833541287226,0.107762495179486,0.8523726689163595
ENC00529,v6,0.030629635861640827,0.13699827855209093,0.8323720865224669
ENC00538,v6,0.03859112052604148,0.122910208317566,0.8384986738227818
ENC00543,v6,0.032329541868625244,0.13522857972135655,0.8324418790182289
ENC00548,v6,0.035744816521424555,0.15269224945600932,0.8115629342856345
ENC00550,v6,0.026927640021312982,0.1170323211736104,0.856040038052015
ENC00559,v6,0.04028546010158607,0.1269526639371179,0.8327618770999834
ENC00562,v6,0.03464292398026205,0.10530641625352237,0.8600506585600093
ENC00563,v6,0.028443352014548024,0.1374452674117778,0.8341113787671034
ENC00571,v6,0.035913229438786706,0.12954103140160442,0.8345457382996877
ENC00573,v6,0.035943082356783326,0.11190485201219763,0.8521520641055043
ENC00575,v6,0.03715719903308538,0.12091420075345424,0.8419286016494997
ENC00577,v6,0.051470403763709864,0.1172657271877664,0.8312638729322152
ENC00580,v6,0.02644997633719218,0.10802000717792128,0.8655300178964224
ENC00581,v6,0.03636270149133212,0.12765000807845223,0.8359872894892421
ENC00587,v6,0.031039601219817997,0.13580992008093745,0.8331504783034325
ENC00590,v6,0.029836137353991852,0.1125741646410181,0.8575896996718186
ENC00591,v6,0.03245579118452717,0.11430870660504941,0.8532355054143513
ENC00592,v6,0.043165323511751556,0.11979601993940021,0.8370386587564277
ENC00596,v6,0.03577472116282218,0.14725832300951502,0.8169669570497504
ENC00598,v6,0.0466412142362623,0.1308871440589428,0.8224716424942017
ENC00600,v6,0.02217029878206981,0.1333698856536872,0.8444598142344218
ENC00606,v6,0.0499092867797233,0.13415803352501166,0.8159326798140757
ENC00608,v6,0.03502578322231942,0.12440082696239556,0.8405733897506846
ENC00620,v6,0.02748263116917713,0.12223516605728496,0.8502822019885071
ENC00631,v6,0.03228570975876788,0.12437738691865702,0.8433368998431714
ENC00637,v6,0.020305685613427805,0.14006067526313554,0.8396336450634232
ENC00640,v6,0.031430481248747956,0.15481749816140547,0.8137520215838089
ENC00643,v6,0.029931507552619915,0.15455789127719333,0.8155106002824348
ENC00657,v6,0.03400387616258942,0.14531086548231542,0.8206852560655938
ENC00661,v6,0.03302688901583669,0.1577521481566013,0.80922095848139
ENC00665,v6,0.04780491508324357,0.14126588623313344,0.8109291970729828
ENC00667,v6,0.04929855789190957,0.10831317403132007,0.842388269447145
ENC00671,v6,0.02261788221588028,0.19311119011002228,0.784270926992944
ENC00694,v6,0.03534009400755167,0.12975241564440004,0.8349074894731695
ENC00696,v6,0.032420367082490666,0.12720764172366011,0.8403719888122071
ENC00697,v6,0.025163574921455056,0.1252255282586529,0.8496108980405899
ENC00711,v6,0.041239720852806784,0.1320559662133933,0.8267043078174958
ENC00717,v6,0.02917041051483085,0.13078660698131073,0.840042981990548
ENC00720,v6,0.03573699053165249,0.10264071856879375,0.8616222939708016
ENC00721,v6,0.023954109238942537,0.11600511146255245,0.8600407800271144
ENC00727,v6,0.02431301056577634,0.13458554924876298,0.8411014422934543
ENC00729,v6,0.030593709569075145,0.12421242249547504,0.8451938682701439
ENC00730,v6,0.02780150320155151,0.13722944051742253,0.834969056375099
ENC00734,v6,0.025383249491824245,0.135023914717749,0.8395928372628987
ENC00744,v6,0.029702556987657495,0.15454302083336466,0.8157544220271318
ENC00747,v6,0.05656875373675809,0.1329909386821309,0.8104403106092709
ENC00748,v6,0.051047802934872696,0.1268048188626179,0.8221473799550475
ENC00749,v6,0.037894877217695466,0.1009685727985925,0.86113654775545
ENC00752,v6,0.033084916725911045,0.16044731339166216,0.8064677698628886
ENC00753,v6,0.02940167831876073,0.1246936115452406,0.8459047068750238
ENC00757,v6,0.0316482882713899,0.14151245272951202,0.8268392549827694
ENC00759,v6,0.04355440524168222,0.1262418677769147,0.8302037268877029
ENC00762,v6,0.022852539889287773,0.1248950137554732,0.852252444262227
ENC00765,v6,0.02061933131087674,0.12635627976403788,0.8530243913550953
ENC00771,v6,0.03223478880081001,0.14917327983003434,0.8185919299412565
ENC00772,v6,0.047365267328260574,0.12528080426375657,0.827353927843711
ENC00778,v6,0.03543622844256134,0.11071305958913606,0.8538507136859392
ENC00787,v6,0.02702820147113765,0.17838858517215533,0.7945832168354707
ENC00788,v6,0.029528013836695916,0.13103850189492935,0.8394334852695465
ENC00792,v6,0.026207105878263418,0.12228366611020759,0.8515092269540421
ENC00797,v6,0.020363149357775986,0.15878037507142959,0.8208564801115386
ENC00801,v6,0.0,0.23600158923202091,0.7639984091122946
ENC00802,v6,0.043321620964966084,0.1254270454805534,0.8312513350093432
ENC00807,v6,0.0,0.30334818417375736,0.6966518185355447
ENC00808,v6,0.04613165206319536,0.10072043127001962,0.8531479167286307
ENC00812,v6,0.027732080929063,0.11780186021994603,0.8544660563531675
ENC00813,v6,0.03370329053405114,0.12488997633369105,0.8414067307464507
ENC00815,v6,0.0251581211700984,0.12588572680246307,0.8489561512173596
ENC00830,v6,0.029610215907385728,0.12806403511542017,0.8423257448486776
ENC00832,v6,0.0,0.2743300523223548,0.7256699507606441
ENC00838,v6,0.03766091405192301,0.1326880753816416,0.8296510115975425
ENC00845,v6,0.02193204008770236,0.14480365922994162,0.8332643025725551
ENC00848,v6,0.032500808186318515,0.11598325836079829,0.8515159342494713
ENC00849,v6,0.03179131734934522,0.12136641111134029,0.8468422684727646
ENC00403,v7,0.024566192373943824,0.2026176038508614,0.7728162104884784
ENC00405,v7,0.01943533904105425,0.1769415404200554,0.8036231186389923
ENC00413,v7,0.034544819375119544,0.20360788566771373,0.7618472973505656
ENC00414,v7,0.0223504012938065,0.2025190087442752,0.7751305899582803
ENC00418,v7,0.03390938544914395,0.20884307604786512,0.7572475379114753
ENC00419,v7,0.025545725302601404,0.19690363816916942,0.7775506393475966
ENC00424,v7,0.0352909712357417,0.13960380540303294,0.8251052151123682
ENC00428,v7,0.021118485767394304,0.23831824791431427,0.740563271522522
ENC00432,v7,0.016649529440101327,0.2000033511984639,0.7833471198876699
ENC00433,v7,0.019409962826304965,0.17888342455765346,0.8017066152375422
ENC00435,v7,0.0,0.25951350347863306,0.7404864933755663
ENC00436,v7,0.023644142229650313,0.20838792724463776,0.7679679284568961
ENC00441,v7,0.018815015686950723,0.19494528657772014,0.7862396960864302
ENC00443,v7,0.01994085849231381,0.22714782786670695,0.7529113172145372
ENC00444,v7,0.01585032171709813,0.18151843402170598,0.8026312423827953
ENC00451,v7,0.024923383400832513,0.22713933064013112,0.7479372833456311
ENC00453,v7,0.01900662162154913,0.21252637434005736,0.7684670040607452
ENC00457,v7,0.027422196197605463,0.18725408019002424,0.7853237248341972
ENC00459,v7,0.031052701538531007,0.19683651151237908,0.772110790341765
ENC00461,v7,0.02106382324801464,0.22651024233353764,0.7524259328842163
ENC00462,v7,0.027319236102400068,0.16142081339984274,0.811259948306804
ENC00444,v7,0.01585032171709813,0.18151843402170598,0.8026312423827953
ENC00449,v7,0.02658573576788369,0.2138876889097063,0.7595265733568292
ENC00451,v7,0.02387845761264966,0.22643059642627986,0.7496909463044369
ENC00453,v7,0.01900662162154913,0.21252637434005736,0.7684670040607452
ENC00457,v7,0.027440602460121814,0.17863587308521114,0.7939235252782333
ENC00459,v7,0.031052701538531007,0.19683651151237908,0.772110790341765
ENC00461,v7,0.02070080153079647,0.23492534940290932,0.7443738483419322
ENC00462,v7,0.027319236102400068,0.16142081339984274,0.811259948306804
ENC00463,v7,0.02703865247293691,0.1813889481127262,0.7915723983906517
ENC00464,v7,0.014892416407487221,0.23484119167039683,0.7502663944448743
ENC00465,v7,0.01806374151174995,0.20338364795527675,0.7785526072437113
ENC00469,v7,0.02344936538886811,0.20268995141876595,0.773860678928239
ENC00471,v7,0.020407812872334667,0.1940015647097589,0.7855906223658449
ENC00474,v7,0.018481368649985612,0.19387582484192736,0.787642803248458
ENC00475,v7,0.018190460785667203,0.21249254032348594,0.769317002967
ENC00477,v7,0.015590138032308055,0.21718596902986367,0.7672238975763321
ENC00478,v7,0.022930483665803206,0.17976692715740722,0.7973025767699532
ENC00479,v7,0.023533421949232147,0.17169860238948512,0.8047679736027642
ENC00482,v7,0.03138782941205527,0.1926026561007064,0.7760095160494569
ENC00489,v7,0.026200135964900256,0.17324234308302403,0.8005575201511383
ENC00490,v7,0.012635755687490228,0.1971974863770826,0.7901667597865271
ENC00492,v7,0.02136207553336308,0.17381273163926034,0.8048251907030741
ENC00511,v7,0.021087430524410773,0.22585547752067692,0.7530570926724888
ENC00513,v7,0.026839432107477353,0.17639357725094104,0.7967669865180707
ENC00519,v7,0.02246441324937275,0.18846592033046417,0.7890696606074257
ENC00524,v7,0.02952426290888896,0.1947369033834715,0.7757388332794453
ENC00529,v7,0.023213335662148893,0.22130499537224355,0.755481670084207
ENC00538,v7,0.028680114134673088,0.1970658218931584,0.7742540621095233
ENC00543,v7,0.02142539310278659,0.21476081259471855,0.763813799804019
ENC00548,v7,0.028453251926435365,0.19503704561955398,0.7765097005499734
ENC00550,v7,0.023011321300793797,0.18820189403956883,0.7887867891216931
ENC00559,v7,0.023250251236420712,0.18963597967338405,0.7871137633919716
ENC00562,v7,0.029951101260595633,0.15944555959068848,0.8106033418510781
ENC00563,v7,0.01964698704066633,0.2483164501087419,0.7320365631717375
ENC00571,v7,0.019262601809103542,0.20697439559248845,0.7737630049684154
ENC00573,v7,0.019945491469320908,0.20045153405779684,0.779602973813742
ENC00575,v7,0.024696442111314314,0.1881810018144872,0.7871225560488908
ENC00577,v7,0.027623444173388696,0.2522723561088587,0.7201041992882202
ENC00580,v7,0.020571841729716177,0.1991329209435554,0.7802952420143854
ENC00581,v7,0.01667345921920899,0.19943876550174677,0.7838877766178205
ENC00587,v7,0.020614159597802585,0.17682907571942788,0.8025567646571031
ENC00590,v7,0.02222282105208476,0.2162352423782986,0.7615419369522888
ENC00591,v7,0.02043350514416632,0.19227463536356626,0.7872918561885232
ENC00592,v7,0.02488850519072516,0.13460670146474077,0.8405047905591368
ENC00596,v7,0.028522104029007983,0.19802481559129942,0.7734530805486494
ENC00598,v7,0.021559226591369673,0.2233807737747692,0.7550599950633637
ENC00600,v7,0.012586613455688225,0.23711205281792802,0.7503013338180299
ENC00606,v7,0.027338510719922986,0.19452976183284346,0.7781317281286891
ENC00608,v7,0.024126468883293083,0.17959197783886,0.7962815525919892
ENC00620,v7,0.018889579684652675,0.1920360503001855,0.7890743687748909
ENC00631,v7,0.01938106860499829,0.20539115604013206,0.7752277767658233
ENC00637,v7,0.01477786522919258,0.22944954359560338,0.7557725894798353
ENC00640,v7,0.02257968356478697,0.20092977612266238,0.7764905397321137
ENC00643,v7,0.019363395171239972,0.2542602621357549,0.726376338777217
ENC00657,v7,0.018363948389623606,0.19600922561495016,0.7856268316295976
ENC00661,v7,0.02086068320204504,0.23013353587261268,0.7490057854780129
ENC00665,v7,0.02167819201126011,0.18296008811699688,0.795361717906567
ENC00667,v7,0.028101758225025926,0.19380831606383245,0.7780899284331779
ENC00671,v7,0.009669934391729102,0.20340386026900661,0.786926206971003
ENC00694,v7,0.022346060431583693,0.18849758323253565,0.7891563586606324
ENC00696,v7,0.02671592001981958,0.21004114537076515,0.7632429419141827
ENC00697,v7,0.014881829245736436,0.19912084135806785,0.7859973297366556
ENC00711,v7,0.018229584054400522,0.20440206768219932,0.7773683526014027
ENC00717,v7,0.017568833148106932,0.23745873075994578,0.7449724343690005
ENC00720,v7,0.01799930966187143,0.16465198194210448,0.8173487079277467
ENC00721,v7,0.015959476449944335,0.20952833983404884,0.7745121907571266
ENC00727,v7,0.01926578124309139,0.2010476263840833,0.7796865932403072
ENC00729,v7,0.022575432019816204,0.19663463053716854,0.7807899380272085
ENC00730,v7,0.018695620882258877,0.191073047011856,0.7902313325348802
ENC00734,v7,0.014241855301872247,0.17965542843316015,0.8061027184246093
ENC00744,v7,0.022795768183411905,0.21846799849017154,0.75873623021598
ENC00747,v7,0.04655865700367619,0.21399913677105717,0.7394422123245165
ENC00748,v7,0.027571925565857313,0.18895765640612305,0.7834704189464964
ENC00749,v7,0.025123180274119358,0.16972775131691503,0.8051490683592003
ENC00752,v7,0.01632204102185954,0.21969912858413798,0.7639788331730025
ENC00753,v7,0.017673020433310583,0.1831442126599343,0.7991827698289484
ENC00757,v7,0.01610315736976609,0.2060947548598051,0.777802090465495
ENC00759,v7,0.027760334104507952,0.19085199380671228,0.781387675892223
ENC00762,v7,0.013557521382608684,0.16826375304663088,0.8181787286885083
ENC00765,v7,0.016317534973896153,0.23426515226243833,0.7494173085470812
ENC00771,v7,0.02181023916681156,0.21648724098699262,0.7617025110456679
ENC00772,v7,0.031248814094363263,0.221830936010789,0.7469202525637768
ENC00778,v7,0.020805140936385785,0.20050778926642082,0.7786870696651402
ENC00787,v7,0.011738390476758858,0.22069396481050976,0.7675676457583904
ENC00788,v7,0.023148611194937302,0.20740780499028533,0.7694435756009325
ENC00792,v7,0.012492914494603526,0.20972450646434643,0.7777825801871544
ENC00797,v7,0.01490722725348961,0.22203821454335143,0.7630545634914327
ENC00801,v7,0.0,0.1973405282289998,0.8026594783406
ENC00802,v7,0.030054203010197865,0.1948933840605868,0.7750524138829794
ENC00807,v7,0.0,0.19136950938693628,0.8086304924632078
ENC00808,v7,0.02343228243207976,0.1809553754474245,0.7956123423220506
ENC00812,v7,0.022704933237217298,0.18790811669450622,0.7893869431169184
ENC00813,v7,0.022341016791685205,0.1847420741417786,0.7929169065584012
ENC00815,v7,0.01857443683455506,0.2308938428759575,0.7505317207366701
ENC00830,v7,0.02304570130798795,0.20522285543313815,0.7717314428145733
ENC00832,v7,0.0,0.23607689732590975,0.7639231010008667
ENC00838,v7,0.03309762085852928,0.21799537088981893,0.7489070032918176
ENC00845,v7,0.015706144430945944,0.19036594665367304,0.7939279133409965
ENC00848,v7,0.02300773596196154,0.20294888798407343,0.7740433801745259
ENC00849,v7,0.022733919470888247,0.19313491979143121,0.784131163424188
