encounter_id,version,image_avg,text_avg,sink_avg
ENC00002,v1,0.42406815416970345,0.20384674287348423,0.37208510457344773
ENC00003,v1,0.4669333322143013,0.19692781785587696,0.33613885363394563
ENC00004,v1,0.3529757160979968,0.23533749520683137,0.4116867897220147
ENC00006,v1,0.40009675920009613,0.16439497698161562,0.4355082667227519
ENC00007,v1,0.33316770163211196,0.26773139678842417,0.39910090673755816
ENC00008,v1,0.41808037286580996,0.21376935591877894,0.3681502723416617
ENC00013,v1,0.3718480229088404,0.19352677343322813,0.43462520505039437
ENC00014,v1,0.17051352902430378,0.3449098917413248,0.484576575355987
ENC00017,v1,0.31939003338115385,0.2621803137313838,0.4184296545055177
ENC00022,v1,0.4230670279010813,0.19637468910994046,0.3805582822954401
ENC00023,v1,0.3333912078072043,0.2188446044045336,0.4477641834932215
ENC00024,v1,0.21330246943980455,0.25241160690784453,0.5342859195545315
ENC00031,v1,0.3172269036824053,0.21214980121955954,0.470623294738206
ENC00034,v1,0.4396817064148256,0.209765594345571,0.3505527031147617
ENC00043,v1,0.21048129132289564,0.2198170180735963,0.5697016982215174
ENC00052,v1,0.34741531705690754,0.26854836552714306,0.3840363199512164
ENC00063,v1,0.32175637395293627,0.20508410907522948,0.4731595252675039
ENC00064,v1,0.28003898271076055,0.28320707729005296,0.43675394226675446
ENC00065,v1,0.4033100925227429,0.19210302689053277,0.4045868772775569
ENC00067,v1,0.3618112550604911,0.24183681731422743,0.39635192922183443
ENC00080,v1,0.423132723496284,0.22671793442633417,0.3501493458026721
ENC00081,v1,0.29957304960941966,0.24720123108429246,0.45322571317606336
ENC00084,v1,0.38228706579725696,0.18538148488568248,0.43233144775314153
ENC00088,v1,0.4904671713618413,0.1743113680005622,0.3352214595291512
ENC00089,v1,0.4632436322129291,0.20129034218742795,0.33546602871754894
ENC00090,v1,0.4396303082289903,0.1956941784238038,0.3646755190971105
ENC00096,v1,0.4370277641074998,0.17808476227278613,0.3848874722512401
ENC00098,v1,0.3544548689336567,0.2960587733394497,0.3494863462644619
ENC00103,v1,0.1855841637091729,0.19458480488545107,0.6198310367401364
ENC00106,v1,0.21402077614626985,0.21510319734745204,0.5708760230782184
ENC00111,v1,0.3375129471315402,0.17308586059468928,0.4894011928656391
ENC00113,v1,0.0,0.377857465881343,0.6221425320003547
ENC00121,v1,0.36002432830307796,0.20195289267955915,0.43802277938179346
ENC00125,v1,0.4018490540630677,0.2211826849509688,0.37696826273904127
ENC00128,v1,0.4721873179078102,0.19729966058262757,0.3305130196469171
ENC00130,v1,0.4411808588617557,0.1500598547627797,0.4087592844624777
ENC00133,v1,0.36169529906832254,0.19030565506993577,0.447999043819996
ENC00143,v1,0.343272738089716,0.24459858449106966,0.41212867697079975
ENC00149,v1,0.45182712376117706,0.1708028486988566,0.3773700253920512
ENC00151,v1,0.0,0.5500221711302561,0.4499778345463768
ENC00159,v1,0.22762054657297476,0.16549364537266747,0.6068858057260513
ENC00162,v1,0.3414465208969465,0.2260126454028778,0.432540831769385
ENC00164,v1,0.2259908091131743,0.25741898795807516,0.5165902035576957
ENC00167,v1,0.22100971350628956,0.1949313760132474,0.5840589106082916
ENC00170,v1,0.349936793731936,0.18291079559189788,0.4671524145593077
ENC00171,v1,0.42836011859566664,0.23645139593890932,0.3351884794443153
ENC00173,v1,0.3791236517706303,0.2566766007756344,0.36419973785829063
ENC00188,v1,0.26840734239443237,0.21628694106117788,0.5153057151530163
ENC00191,v1,0.442428595587319,0.19188637196944625,0.3656850276040096
ENC00192,v1,0.3206800794849793,0.34884285144507887,0.33047707205017407
ENC00193,v1,0.23166986885997984,0.24889732566144732,0.5194328092038631
ENC00202,v1,0.462228459934903,0.15629152964768755,0.3814800084274039
ENC00208,v1,0.20129293927715886,0.3507486041635275,0.4479584538688262
ENC00209,v1,0.35619547747467695,0.24245485707529282,0.40134965981307785
ENC00210,v1,0.3213847811596516,0.21910674721957782,0.4595084695670849
ENC00214,v1,0.0,0.5232834593454997,0.4767165356874466
ENC00217,v1,0.27853727030257386,0.23152445607064737,0.4899382713649954
ENC00237,v1,0.483608694622914,0.1701087319602569,0.34628257118165495
ENC00238,v1,0.40678724841429637,0.1593151970408284,0.4338975571669065
ENC00250,v1,0.3452501930024502,0.21661221942979925,0.43813758251005713
ENC00255,v1,0.2970500475651509,0.2989262985820706,0.4040236553630313
ENC00256,v1,0.37792189561940254,0.2892407621950545,0.33283733956991357
ENC00259,v1,0.48208719699881797,0.19021759383640316,0.3276952065007631
ENC00260,v1,0.3858596722400466,0.25972946100803307,0.3544108645860539
ENC00263,v1,0.18985182233154774,0.3211744847241789,0.48897368758916854
ENC00264,v1,0.365485090312067,0.24111487626374423,0.3934000301492083
ENC00267,v1,0.2975743007110922,0.17714139676995969,0.5252843059991535
ENC00270,v1,0.4629842972714607,0.14133126002876725,0.39568444555752896
ENC00271,v1,0.32964483268406924,0.20913320726581983,0.46122196271103255
ENC00272,v1,0.26815214401317966,0.23459348844847194,0.49725437026332925
ENC00275,v1,0.2020793715001721,0.24858284124026173,0.5493377905927206
ENC00289,v1,0.28258572246980024,0.301292053197284,0.4161222325386228
ENC00291,v1,0.38905706335889534,0.20752670570336124,0.4034162235069782
ENC00292,v1,0.28557391169961993,0.2181844827565518,0.49624161225753827
ENC00294,v1,0.48166303945084415,0.16358088521907727,0.35475607179105284
ENC00296,v1,0.4175118810876652,0.18443462268138924,0.3980534899014014
ENC00298,v1,0.3660387574852287,0.25317515278017366,0.380786095927288
ENC00304,v1,0.34711080216444457,0.32139757914202555,0.3314916142723063
ENC00306,v1,0.30202202477316925,0.30712506018471025,0.3908529087253239
ENC00310,v1,0.3090807130035845,0.2485940292911622,0.4423252574159104
ENC00319,v1,0.3379308341479883,0.2701203471004236,0.39194882170456213
ENC00323,v1,0.4082864919758361,0.20926657695647166,0.38244692916455475
ENC00326,v1,0.2718103813628356,0.31434838810107774,0.4138412216885222
ENC00327,v1,0.31062472905173444,0.21167778700703022,0.47769748442100757
ENC00329,v1,0.3962081434286159,0.20329322420951465,0.400498627482549
ENC00330,v1,0.38339884923054623,0.20549794738846167,0.4111032038927078
ENC00336,v1,0.39093043968499264,0.18530654221355358,0.42376301764884844
ENC00337,v1,0.3182643706478724,0.23015595609095038,0.4515796747149491
ENC00341,v1,0.3264906480908394,0.21082240841802088,0.46268695016061107
ENC00344,v1,0.3949238200187683,0.23530696687102318,0.36976921248435973
ENC00349,v1,0.2564314194507413,0.2621657926250588,0.4814027901980784
ENC00358,v1,0.0,0.5499157711035676,0.4500842324147622
ENC00359,v1,0.3867287484856395,0.23480982773683287,0.3784614240194296
ENC00360,v1,0.4082654595047563,0.21345753992324348,0.3782769906651843
ENC00362,v1,0.22254849019411363,0.3220029787993745,0.45544853218291936
ENC00368,v1,0.3488644800343356,0.20563470056423774,0.44550081874643055
ENC00372,v1,0.25061067866991804,0.23242410748119813,0.5169652140284159
ENC00376,v1,0.26875672445577736,0.2362034074962139,0.495039864673334
ENC00381,v1,0.30253083045993534,0.1765260184516332,0.520943154447845
ENC00382,v1,0.36344932615756986,0.23170062063727528,0.404850048199296
ENC00386,v1,0.3089894528190295,0.20924717718842387,0.48176336836540834
ENC00389,v1,0.289124280456605,0.16962837845813938,0.5412473426601752
ENC00390,v1,0.3573417282222133,0.24496281544040693,0.3976954525630725
ENC00392,v1,0.4170841780876873,0.2201903031179399,0.36272552082634935
ENC00393,v1,0.3367874463902244,0.2322840677880788,0.43092849190476573
ENC00402,v1,0.3704339679297026,0.1739087298948754,0.4556573005141439
ENC00403,v1,0.4221196986259298,0.19411000680733234,0.3837702838664359
ENC00405,v1,0.32972791938336343,0.249454624828074,0.42081745476513116
ENC00413,v1,0.34367155737993194,0.23171617002112838,0.4246122738937052
ENC00414,v1,0.36275339316814503,0.21538274701526192,0.4218638621746226
ENC00418,v1,0.34611745353074785,0.19731260776678297,0.45656993715687
ENC00419,v1,0.3024214148737382,0.2880515740725441,0.40952700851620105
ENC00424,v1,0.47265496098243437,0.16746510447816806,0.3598799297401497
ENC00428,v1,0.24543665908277035,0.2358175862337584,0.5187457555338092
ENC00432,v1,0.4337567737326026,0.22686577669810504,0.33937745336443187
ENC00433,v1,0.2973985587773116,0.24509363602037015,0.4575078045544417
ENC00435,v1,0.0,0.5860682648420333,0.4139317372441292
ENC00436,v1,0.28708216289476474,0.20119175402333542,0.511726086997256
ENC00441,v1,0.4119408455491066,0.2534023337438703,0.33465682089328763
ENC00443,v1,0.24348731145408808,0.21007892792569657,0.5464337621541584
ENC00444,v1,0.3262669256086959,0.21789260771731997,0.45584046840667725
ENC00451,v1,0.34165681976204115,0.2364165456383489,0.4219266370249291
ENC00453,v1,0.4069125527872684,0.17514203705805095,0.41794540875769676
ENC00456,v1,0.3686180864572525,0.281690076559782,0.34969184279441834
ENC00457,v1,0.44479935599448983,0.1765635141864755,0.3786371294268988
ENC00459,v1,0.37664160286558085,0.22756195543655033,0.3957964418263271
ENC00461,v1,0.3556996715210733,0.20266339644080117,0.4416369359408106
ENC00444,v1,0.3262669256086959,0.21789260771731997,0.45584046840667725
ENC00449,v1,0.44065750141938526,0.18161041868540148,0.37773207848270735
ENC00451,v1,0.34165681976204115,0.2364165456383489,0.4219266370249291
ENC00453,v1,0.4069125527872684,0.17514203705805095,0.41794540875769676
ENC00456,v1,0.3686180864572525,0.281690076559782,0.34969184279441834
ENC00457,v1,0.44479935599448983,0.1765635141864755,0.3786371294268988
ENC00459,v1,0.37664160286558085,0.22756195543655033,0.3957964418263271
ENC00461,v1,0.3556996715210733,0.20266339644080117,0.4416369359408106
ENC00462,v1,0.28965491081841965,0.22857466488229958,0.48177042366428807
ENC00463,v1,0.460967737613088,0.17474327610521498,0.36428898724458986
ENC00464,v1,0.2769006326627196,0.29416103795003357,0.4289383308941059
ENC00465,v1,0.34226097176341636,0.24690980750969366,0.41082921192834254
ENC00469,v1,0.27140400744974613,0.21906807357888847,0.5095279191931089
ENC00471,v1,0.36117292950753455,0.15043872141209588,0.4883883483961326
ENC00474,v1,0.25898057689853743,0.2377100031749875,0.5033094153976908
ENC00475,v1,0.39786941285540417,0.22206461091139695,0.3800659768465089
ENC00477,v1,0.30944816599289576,0.33381562570730844,0.356736203233401
ENC00478,v1,0.4170966489534629,0.23783587105572224,0.34506748302986745
ENC00479,v1,0.3270546025540455,0.26946498309991446,0.4034804138074438
ENC00482,v1,0.4093527602053237,0.21061315595161642,0.3800340837788308
ENC00489,v1,0.4188725369415064,0.21386536345656576,0.3672621024922393
ENC00490,v1,0.23880420504913977,0.2112654426212733,0.5499303510102133
ENC00492,v1,0.3972101300954819,0.21759933386655414,0.38519053652006036
ENC00511,v1,0.36455049696895814,0.20539055642568402,0.4300589500202073
ENC00513,v1,0.4013644050185879,0.20547652310536554,0.39315907393271726
ENC00519,v1,0.4742168511199479,0.1770116751921354,0.3487714682475175
ENC00524,v1,0.4419780289264102,0.230276512668321,0.32774545654262366
ENC00529,v1,0.410576975128303,0.20897010849633565,0.3804529177335401
ENC00538,v1,0.40811547011137006,0.1887184550240636,0.40316607616841793
ENC00543,v1,0.3917109840972857,0.20488887181449117,0.4034001407298175
ENC00548,v1,0.3275801347169493,0.22543559316545725,0.44698427870337454
ENC00550,v1,0.39531373274326326,0.20287742386758328,0.40180884158611296
ENC00559,v1,0.4187159571558871,0.22927929738417585,0.35200474696590545
ENC00562,v1,0.44530333548784257,0.18917561672627925,0.36552105396986007
ENC00563,v1,0.30174168833392734,0.24489321579482962,0.45336509575235084
ENC00571,v1,0.37693117395406817,0.2363781819301771,0.3866906464099884
ENC00573,v1,0.43189068154451693,0.1997425565496087,0.3683667538013864
ENC00575,v1,0.46018457205759156,0.16208378712784638,0.37773164002983656
ENC00577,v1,0.39735290628892406,0.22152335950989782,0.3811237330054059
ENC00580,v1,0.40818887682897703,0.21405230631076155,0.3777588238673551
ENC00581,v1,0.3908508681937268,0.1964331065941798,0.4127160263688941
ENC00587,v1,0.3861612057821317,0.2490366527980024,0.3648021397265521
ENC00590,v1,0.42034651147256985,0.18301402854889925,0.3966394552204869
ENC00591,v1,0.25689758248116873,0.24647032438892208,0.4966320944567249
ENC00592,v1,0.4293403656946288,0.19891288079735306,0.3717467553085751
ENC00596,v1,0.33337963595442527,0.23866374265864818,0.42795662581920624
ENC00598,v1,0.4604404855829974,0.19056266903256378,0.34899684119348723
ENC00600,v1,0.18814727193215391,0.22285785468725058,0.5889948721115406
ENC00606,v1,0.42406631067947104,0.25012695773240223,0.3258067294035429
ENC00608,v1,0.44389450700765243,0.20324019623104106,0.35286529713802123
ENC00620,v1,0.3350133160352707,0.24173837652802468,0.4232483149766922
ENC00631,v1,0.4112874524933951,0.1871521914144978,0.4015603535143392
ENC00637,v1,0.21303506765043598,0.23355474755510516,0.5534101861646805
ENC00640,v1,0.184430481882199,0.19326580837368965,0.6223037091286286
ENC00643,v1,0.2703603949117404,0.2987016429023076,0.43093795689844316
ENC00657,v1,0.3440981884750555,0.21072074528432116,0.4451810696496154
ENC00661,v1,0.3617016481725793,0.2746773853505913,0.3636209671434603
ENC00665,v1,0.3682621372182195,0.22646540998503928,0.40527245220614644
ENC00667,v1,0.45963802022262684,0.1750494256543303,0.3653125624054844
ENC00671,v1,0.20713854464421788,0.24608218135783472,0.5467792823013052
ENC00694,v1,0.3418435089765711,0.20640851242190345,0.4517479797310017
ENC00696,v1,0.3199888643409525,0.30446245556785945,0.3755486808007672
ENC00697,v1,0.32611213127772015,0.24654849665239453,0.42733936943113804
ENC00711,v1,0.4112002303709789,0.18723476195365799,0.4015650054325863
ENC00717,v1,0.19681984214112164,0.2508093427401036,0.5523708123713732
ENC00720,v1,0.451753399512741,0.20947078807970113,0.3387758057941212
ENC00721,v1,0.2036705899375434,0.20316872867394467,0.5931606843155257
ENC00727,v1,0.3634365329215693,0.26798708944819694,0.368576385427353
ENC00729,v1,0.470483315719975,0.15413274240793942,0.37538393624394917
ENC00730,v1,0.30668853658638645,0.27650986507200126,0.41680160097861557
ENC00734,v1,0.2942480218115744,0.2880621646623035,0.41768980943239653
ENC00744,v1,0.29903235082470236,0.27551381866491975,0.42545383441306295
ENC00747,v1,0.39277901901648593,0.21399948131907118,0.3932215011381841
ENC00748,v1,0.3220772794202754,0.2365335263311863,0.44138919758169276
ENC00749,v1,0.39398387638908444,0.255015941336751,0.3510001732996016
ENC00752,v1,0.2965383077971637,0.2283692207187414,0.47509247101843355
ENC00753,v1,0.21797184607425293,0.2608117473541529,0.5212164035478195
ENC00757,v1,0.23925580938657126,0.24694766918818156,0.5137965190410614
ENC00759,v1,0.41611071992665527,0.2288694027578458,0.35501988120377065
ENC00762,v1,0.2749612054321915,0.20060841810967153,0.5244303760118783
ENC00765,v1,0.25990118930737177,0.2405098110437393,0.4995890031258265
ENC00771,v1,0.373429802632091,0.2444234366970833,0.38214675826255723
ENC00772,v1,0.462254567209043,0.20868706326735648,0.32905836003391364
ENC00778,v1,0.32682674993639405,0.2655978749195735,0.40757537320040277
ENC00787,v1,0.1823852325323969,0.2808998144231737,0.5367149524390697
ENC00788,v1,0.3834261003107128,0.18168003886643022,0.434893859052422
ENC00792,v1,0.24421036058948153,0.203730186216888,0.5520594578413737
ENC00797,v1,0.21075988940217277,0.1981996340169148,0.5910404789176854
ENC00801,v1,0.0,0.5168194914857547,0.4831805101699299
ENC00802,v1,0.41484789079371487,0.18966517370756505,0.3954869359731674
ENC00807,v1,0.0,0.5301936234550915,0.4698063700363554
ENC00808,v1,0.43972750819555606,0.18442164794864632,0.37585084022271753
ENC00812,v1,0.2571352575857615,0.21894258245364906,0.5239221550447425
ENC00813,v1,0.3213931278458663,0.26931186957018716,0.40929500183888845
ENC00815,v1,0.3236436356563826,0.27814187562546216,0.39821449143661036
ENC00830,v1,0.32278167325258256,0.17029482139647006,0.5069235076904297
ENC00832,v1,0.0,0.5513818532228469,0.44861814205845196
ENC00838,v1,0.4031870769163997,0.19316127902069657,0.4036516415089676
ENC00845,v1,0.3089038938647363,0.29778904549595786,0.3933070560054081
ENC00848,v1,0.3900198558556665,0.1972648928076336,0.4127152502229533
ENC00849,v1,0.33958594393039093,0.2666296160415463,0.3937844353309576
ENC00002,v2,0.4170994165344773,0.2108586154808508,0.37204197104846204
ENC00003,v2,0.47169057442383333,0.17678360673175617,0.35152581361207097
ENC00004,v2,0.32725669028503557,0.2671250801799553,0.4056182322757585
ENC00006,v2,0.4222339486653826,0.18386984267066012,0.3938962081364826
ENC00007,v2,0.3402737333542771,0.20502872896139268,0.45469753899508053
ENC00008,v2,0.4115609136121026,0.2291923561615163,0.3592467287491108
ENC00013,v2,0.37393411865798376,0.20184433696571216,0.4242215371260079
ENC00014,v2,0.17891007681687673,0.344648975978295,0.47644094546635946
ENC00017,v2,0.30504200079487365,0.2642304188418157,0.43072758759688407
ENC00022,v2,0.43090350653814236,0.17224880414002616,0.3968476899292158
ENC00023,v2,0.3189118342101574,0.21012325102463364,0.4709649117290974
ENC00024,v2,0.1782653179505597,0.2775072740471881,0.5442274076783139
ENC00031,v2,0.3130399864166975,0.22073495548895813,0.4662250569936904
ENC00034,v2,0.4228326224145435,0.2291649892660124,0.3480023894281614
ENC00043,v2,0.19931745159971928,0.22065330928723728,0.5800292336248926
ENC00052,v2,0.3451517011142439,0.2752061168042322,0.3796421746826834
ENC00063,v2,0.3037194842190454,0.18254438849786916,0.513736126887979
ENC00064,v2,0.2827960921263476,0.2528455285782661,0.464358378304254
ENC00065,v2,0.4027151746001649,0.19871906698384184,0.398565762537591
ENC00067,v2,0.3860464253744414,0.24034813509950803,0.373605442081773
ENC00080,v2,0.42171392502722804,0.24542820069019672,0.33285786850111826
ENC00081,v2,0.28799997423110263,0.23131053826572107,0.48068948263036354
ENC00084,v2,0.3790325892192346,0.1904409429817288,0.4305264660053783
ENC00088,v2,0.481057550440463,0.18782525145730308,0.33111720110556875
ENC00089,v2,0.4622863684983357,0.19850371948078924,0.33920990708081616
ENC00090,v2,0.4424656445734969,0.17883409765139918,0.3787002538409189
ENC00096,v2,0.4373586641890662,0.17623194817985807,0.38640938287689575
ENC00098,v2,0.34283485406576986,0.3024930540058348,0.3546720878644423
ENC00103,v2,0.19552105074708767,0.2483368835590304,0.5561420597294544
ENC00106,v2,0.20484887801465534,0.24775438067458924,0.5473967441490718
ENC00111,v2,0.3316382309504315,0.1804860869702776,0.4878756761287166
ENC00113,v2,0,0.3678854779591636,0.6321145203851518
ENC00121,v2,0.3563237656717715,0.209062905172291,0.43461332664541574
ENC00125,v2,0.39621389666024376,0.22135167297194985,0.3824344303678064
ENC00128,v2,0.46584514014929246,0.19816773730212622,0.3359871272323201
ENC00130,v2,0.45931468232794925,0.17377177219804343,0.36691354644728136
ENC00133,v2,0.37723980007731184,0.19908825781348408,0.42367194881852793
ENC00143,v2,0.3432799267525576,0.26110953012747423,0.3956105380642171
ENC00149,v2,0.4449900068342686,0.17240141171496362,0.3826085850596428
ENC00151,v2,0,0.49240040397498663,0.5075995969336208
ENC00159,v2,0.21016391020531605,0.21816215156154198,0.5716739417326571
ENC00162,v2,0.33508707258181697,0.2374690045387699,0.42744391831832057
ENC00164,v2,0.2415295701014669,0.2746796763106568,0.4837907552719116
ENC00167,v2,0.22078487088922227,0.202957820774305,0.5762573130945168
ENC00170,v2,0.341326086057557,0.19686788263229224,0.4618060320106327
ENC00171,v2,0.4356442488528587,0.2040206137708984,0.3603351321574804
ENC00173,v2,0.3622926791732231,0.284395069344325,0.35331225110573716
ENC00188,v2,0.21082914811559023,0.23029935378581284,0.5588714962825179
ENC00191,v2,0.4520552636634919,0.17417078116728413,0.37377395685161313
ENC00192,v2,0.3016777949200736,0.37132195780674615,0.3270002451207903
ENC00193,v2,0.23239716150018633,0.2084081337920257,0.55919470425163
ENC00202,v2,0.4793668959778969,0.17444598337992875,0.34618711938159635
ENC00208,v2,0.1739067539878904,0.3764005850439202,0.4496926638769777
ENC00209,v2,0.3427502120597453,0.24115984839729115,0.41608993520465076
ENC00210,v2,0.3132777154082205,0.23077606864091826,0.4559462165868864
ENC00214,v2,0,0.5103780929144327,0.4896219047633084
ENC00217,v2,0.2809366026912073,0.21192637883653545,0.5071370135052036
ENC00237,v2,0.4751112117653801,0.18761124827322506,0.33727753914537884
ENC00238,v2,0.3928096623947987,0.2042561671875704,0.4029341751279739
ENC00250,v2,0.33113230247886816,0.24230054857171313,0.4265671474288921
ENC00255,v2,0.26088624874629623,0.31035337678906394,0.42876038082489154
ENC00256,v2,0.4083306547708628,0.2652737430592136,0.3263956075761376
ENC00259,v2,0.4752758842432636,0.19508300507548212,0.3296411104243377
ENC00260,v2,0.3835127583321403,0.26214142446132266,0.3543458161985173
ENC00263,v2,0.1605620556675336,0.35696727962178343,0.48247066666098204
ENC00264,v2,0.35168162357239496,0.22239327588606447,0.4259251031137648
ENC00267,v2,0.2949133667181123,0.18922899491241518,0.5158576400212522
ENC00270,v2,0.44809105957117606,0.15105319545259627,0.4008557491415129
ENC00271,v2,0.31630750526400175,0.23308844351593186,0.4506040492478539
ENC00272,v2,0.25267772162609764,0.2803045357439187,0.4670177372080265
ENC00275,v2,0.19669825118035078,0.22240921622142196,0.5808925304251412
ENC00289,v2,0.2604368636177646,0.29613183691269823,0.44343129760689204
ENC00291,v2,0.38817952637390424,0.21046110362775863,0.4013593722415227
ENC00292,v2,0.2799847956712001,0.2141087053465509,0.5059064919146422
ENC00294,v2,0.4743377498040597,0.16912305954222878,0.3565391900638739
ENC00296,v2,0.3720712821150935,0.23730608214472615,0.39062264076499054
ENC00298,v2,0.36371529586129375,0.25008274752695064,0.3862019608934204
ENC00304,v2,0.3371771749741626,0.31644065172042485,0.34638216740117883
ENC00306,v2,0.3211666939732356,0.2866681785060045,0.39216512766404027
ENC00310,v2,0.29982287465379787,0.26674661670739835,0.4334305099283273
ENC00319,v2,0.3414659691108784,0.27565827740120213,0.3828757562687699
ENC00323,v2,0.4072535230053796,0.20949705131351948,0.38324943002727296
ENC00326,v2,0.24485591891003244,0.34547196567794425,0.40967211771158524
ENC00327,v2,0.29426540514907323,0.24297958763467298,0.46275500818952786
ENC00329,v2,0.3875464936620311,0.21295890788498678,0.3994946037468157
ENC00330,v2,0.3795487146292414,0.21859239097070562,0.40185889437958433
ENC00336,v2,0.38220766909194714,0.1634876998705846,0.45430463067058363
ENC00337,v2,0.2720009894161434,0.27020053913468844,0.45779846887012104
ENC00341,v2,0.294372721742361,0.2537464927404355,0.45188077825766343
ENC00344,v2,0.3861471030328955,0.23645634765603712,0.3773965468364103
ENC00349,v2,0.2529755174726635,0.2736753843144163,0.4733491036799047
ENC00358,v2,0,0.5533463367910096,0.4466536645636414
ENC00359,v2,0.3826181987921397,0.23845558358022037,0.3789262192753645
ENC00360,v2,0.3825950194960055,0.2105315665350012,0.4068734137260396
ENC00362,v2,0.21232885205083424,0.3499022002021472,0.4377689514723089
ENC00368,v2,0.34030991428428226,0.2358378309549557,0.4238522587551011
ENC00372,v2,0.2653394224818307,0.23405797433371495,0.5006026013029946
ENC00376,v2,0.26376230087737706,0.24528916920860147,0.4909485375811887
ENC00381,v2,0.29743787306158437,0.2078294028406558,0.4947327216682227
ENC00382,v2,0.3789225219111694,0.2236427509274922,0.3974347285534206
ENC00386,v2,0.3348151660627789,0.25165636878874564,0.4135284572839737
ENC00389,v2,0.2742104027040151,0.21949066269230477,0.5062989334062654
ENC00390,v2,0.3514968666591142,0.2501520578210291,0.3983510758139585
ENC00392,v2,0.4100307960962427,0.23927936852834691,0.35068983678845156
ENC00393,v2,0.3411826296856529,0.2138138262849105,0.44500354104920437
ENC00402,v2,0.3408452977736791,0.2160865976342133,0.44306809944765907
ENC00403,v2,0.43645414755544587,0.161542760890745,0.40200309250645966
ENC00405,v2,0.3186036286118266,0.2622262127288095,0.4191701611974737
ENC00413,v2,0.3396768373687093,0.23877590885613023,0.4215472589542226
ENC00414,v2,0.37429013199828287,0.2093581724739461,0.4163516939238266
ENC00418,v2,0.34777666204854063,0.20354000545646014,0.4486833341811833
ENC00419,v2,0.278862518792072,0.2623942776509885,0.45874319870150493
ENC00424,v2,0.4689046837655561,0.1686392625560984,0.3624560493709786
ENC00428,v2,0.2180190888249268,0.2236489591709638,0.5583319496047698
ENC00432,v2,0.41239124035293406,0.21416223188015548,0.37344652766531167
ENC00433,v2,0.29895232273202366,0.23410667942798868,0.4669410029844362
ENC00435,v2,0,0.5715530702942296,0.42844693153573754
ENC00436,v2,0.2816553117365253,0.20231257485491888,0.5160321114318711
ENC00441,v2,0.3834595351832584,0.2774923058606467,0.33904815993262727
ENC00443,v2,0.19164579332774057,0.23827571649875107,0.570078489081613
ENC00444,v2,0.3225045848724454,0.22557170637125193,0.4519237091028413
ENC00451,v2,0.3747964429088158,0.22519898178553818,0.40000458032187847
ENC00453,v2,0.37173202206002603,0.27362370361933613,0.3546442722920144
ENC00456,v2,0.378792237310574,0.25997740048272855,0.36123035950907345
ENC00457,v2,0.4596639345218609,0.17396809362697524,0.3663679752256963
ENC00459,v2,0.36370181102067867,0.223599989006811,0.4126981981891267
ENC00461,v2,0.35199956011168565,0.21680743336866173,0.4311930033602292
ENC00444,v2,0.3225045848724454,0.22557170637125193,0.4519237091028413
ENC00449,v2,0.4416988751873737,0.21813416167548516,0.34016695618629456
ENC00451,v2,0.3747964429088158,0.22519898178553818,0.40000458032187847
ENC00453,v2,0.37173202206002603,0.27362370361933613,0.3546442722920144
ENC00456,v2,0.378792237310574,0.25997740048272855,0.36123035950907345
ENC00457,v2,0.4596639345218609,0.17396809362697524,0.3663679752256963
ENC00459,v2,0.36370181102067867,0.223599989006811,0.4126981981891267
ENC00461,v2,0.35199956011168565,0.21680743336866173,0.4311930033602292
ENC00462,v2,0.29523574453420365,0.22935585244200551,0.47540839933432066
ENC00463,v2,0.4536631600931287,0.20596080762334168,0.340376032050699
ENC00464,v2,0.25629634180186706,0.3339081464542283,0.40979550981227264
ENC00465,v2,0.3241522780255131,0.24268816253575293,0.4331595653101154
ENC00469,v2,0.3183853082885646,0.22477295129287123,0.456841737483487
ENC00471,v2,0.3444869344638399,0.173582732400372,0.4819303360606028
ENC00474,v2,0.2721324857501757,0.25152015160946617,0.47634736327897936
ENC00475,v2,0.3948521127061146,0.2224443119882447,0.3827035870493912
ENC00477,v2,0.3001983766106592,0.3566545348452485,0.3431470914595369
ENC00478,v2,0.4121045055912762,0.22532602853891326,0.362569461871938
ENC00479,v2,0.37561764092081124,0.2503685237218936,0.37401383659905857
ENC00482,v2,0.4232975786801466,0.21290173560150505,0.36380068558393064
ENC00489,v2,0.4152648993041537,0.19494301608738002,0.38979208797489834
ENC00490,v2,0.24057074892852043,0.2544629336645206,0.5049663177794881
ENC00492,v2,0.35765231067829945,0.20859598863790643,0.43375169422398224
ENC00511,v2,0.367577639617482,0.20422848241821845,0.42819388454057733
ENC00513,v2,0.36003359016918,0.24215013147997005,0.39781627981435685
ENC00519,v2,0.4692028580676942,0.1791239836386272,0.35167316368647983
ENC00524,v2,0.4425669349730015,0.22828115297383383,0.32915191646469266
ENC00529,v2,0.40319575948847663,0.22313178868757355,0.3736724464429749
ENC00538,v2,0.40724792693733075,0.21795944067213788,0.37479262846872347
ENC00543,v2,0.3665893945310797,0.22811274293677083,0.4052978627649801
ENC00548,v2,0.33302036394243656,0.22289014406826185,0.4440894904343978
ENC00550,v2,0.3737605894947874,0.21365330543304825,0.41258610271174334
ENC00559,v2,0.4273269205043713,0.19956068449343245,0.37311239366730053
ENC00562,v2,0.4397607286274433,0.19580956939607858,0.3644297018647194
ENC00563,v2,0.2888211296444916,0.27290738172021256,0.4382714950535671
ENC00571,v2,0.3495829858901826,0.219670234544372,0.4307467808777636
ENC00573,v2,0.42222633149968575,0.21675555760332618,0.3610181153179651
ENC00575,v2,0.4776166682703453,0.16434040543084083,0.35804292546552524
ENC00577,v2,0.36956891044974327,0.253546489123255,0.3768845975399017
ENC00580,v2,0.38586488806388597,0.22899716927415945,0.3851379364390265
ENC00581,v2,0.4039235135040632,0.2234778669094894,0.3725986211765103
ENC00587,v2,0.3781522316157177,0.24999589408918094,0.37185187381441875
ENC00590,v2,0.4192551639648752,0.18984320845215694,0.3909016299411791
ENC00591,v2,0.2586888741344622,0.2515696660194495,0.48974145805999025
ENC00592,v2,0.4419413281847601,0.19799852448151165,0.36006014405385306
ENC00596,v2,0.32505351873754545,0.25552070425211926,0.41942577029912526
ENC00598,v2,0.45260754893434807,0.21004321461820857,0.3373492372796891
ENC00600,v2,0.16470497907424458,0.25195254225816044,0.5833424813285166
ENC00606,v2,0.4079456382837051,0.26263540238142014,0.32941895494094264
ENC00608,v2,0.4517627500597088,0.20320528197562557,0.3450319640252782
ENC00620,v2,0.33755789658962154,0.24949780058784363,0.4129443003071679
ENC00631,v2,0.4000986098281799,0.21064320727381655,0.3892581832985724
ENC00637,v2,0.2102111830194106,0.240496217476568,0.5492925989901882
ENC00640,v2,0.23403749442318592,0.23444932649230085,0.5315131839455628
ENC00643,v2,0.2691041250409705,0.3005608802431085,0.4303349946322066
ENC00657,v2,0.29513787526799284,0.269149506241893,0.43571262272155803
ENC00661,v2,0.36465822957282845,0.2846972459364076,0.3506445229746575
ENC00665,v2,0.3389855210737484,0.2527842650462578,0.40823021585621483
ENC00667,v2,0.4377886341376738,0.18056010089137337,0.3816512632099065
ENC00671,v2,0.20095982241698288,0.25887945493344555,0.5401607204905965
ENC00694,v2,0.34294051007956877,0.23216058712984836,0.4248989000916481
ENC00696,v2,0.3174817332377036,0.30798234112028566,0.3745359249767803
ENC00697,v2,0.3068886247498018,0.2332620259696319,0.45984935410964634
ENC00711,v2,0.40669855183547304,0.19911958417403944,0.3941818595547037
ENC00717,v2,0.17899214825169607,0.2278726047074253,0.5931352493437854
ENC00720,v2,0.4419685853852166,0.1995236292688383,0.358507787850168
ENC00721,v2,0.20242118196828024,0.20667351250137603,0.5909053044659751
ENC00727,v2,0.32979463956442223,0.3006661927035774,0.3695391653532005
ENC00729,v2,0.47654290788603904,0.16528595024649811,0.3581711424696714
ENC00730,v2,0.30360957664939076,0.31231918376989853,0.3840712335629341
ENC00734,v2,0.27695605324374306,0.27577756490144467,0.44726638095798316
ENC00744,v2,0.28370241883648445,0.326756207609033,0.3895413694252451
ENC00747,v2,0.37000718603977995,0.23897815077157503,0.3910146710577975
ENC00748,v2,0.3105562053984258,0.23328096012971022,0.45616283685695835
ENC00749,v2,0.38940682028656576,0.26437802231912294,0.34621515781132145
ENC00752,v2,0.2920768705561109,0.22022496823869323,0.4876981615696264
ENC00753,v2,0.21683592871799098,0.2557736136406273,0.5273904575930013
ENC00757,v2,0.239547109802564,0.2517599964638551,0.5086928953727087
ENC00759,v2,0.4149919439639364,0.20191488050076425,0.38309317766403667
ENC00762,v2,0.2215617062207663,0.20571000547201004,0.5727282907321768
ENC00765,v2,0.2364868115829794,0.24380824146302124,0.5197049444051165
ENC00771,v2,0.3746292385603151,0.22090292779067833,0.4044678377047662
ENC00772,v2,0.4520434544792453,0.2046185823935039,0.34333796480905665
ENC00778,v2,0.33921474191110307,0.2507734963125208,0.41001177106688663
ENC00787,v2,0.18863816307857634,0.27175948955118656,0.5396023510023952
ENC00788,v2,0.3649447706684602,0.1987163202622823,0.4363389044208864
ENC00792,v2,0.2285951964855194,0.19212249052524566,0.5792823146581649
ENC00797,v2,0.17841861388464084,0.30322167585636006,0.5183597129994425
ENC00801,v2,0,0.43569797678154054,0.5643020238445586
ENC00802,v2,0.39221585194752057,0.19348683007495496,0.41429731958699456
ENC00807,v2,0,0.5114828931433814,0.48851710387638636
ENC00808,v2,0.4415766635855425,0.179328356263707,0.37909498289950844
ENC00812,v2,0.25339769088524455,0.24640348407023765,0.5001988193773209
ENC00813,v2,0.30954489248191436,0.2625347502620482,0.42792035875523965
ENC00815,v2,0.26408185055479405,0.2634755404666066,0.4724426124244928
ENC00830,v2,0.33282281484987053,0.1852379703528381,0.4819392164104751
ENC00832,v2,0,0.5198869104956237,0.48011308488711507
ENC00838,v2,0.4031935864195381,0.19703528085320265,0.39977112550710897
ENC00845,v2,0.2605959657828013,0.3513811249534289,0.388022913535436
ENC00848,v2,0.4011375764221476,0.18521315983512945,0.41364925759926174
ENC00849,v2,0.3277277360773749,0.2665091750418974,0.4057630844828155
ENC00002,v3,0.3475029669612287,0.29680404740284727,0.35569298734147864
ENC00003,v3,0.37973686653314176,0.2633924653043145,0.356870671522986
ENC00004,v3,0.22225621568434167,0.38194180234815134,0.39580198083863116
ENC00006,v3,0.3123890014176958,0.325592022933317,0.36201897280269796
ENC00007,v3,0.32034157122436324,0.28496821273706463,0.3946902124505294
ENC00008,v3,0.33012795335841627,0.28658553627583216,0.38328651226354093
ENC00013,v3,0.3711198645980418,0.18946982632164194,0.4394103095811956
ENC00014,v3,0.08142204445062412,0.4831549765335189,0.43542297465933694
ENC00017,v3,0.24539188486199046,0.3725610385800517,0.3820470767312272
ENC00022,v3,0.29871658265006307,0.3485746707986383,0.35270874888873566
ENC00023,v3,0.23739313285635866,0.3044550062791593,0.4581518628890964
ENC00024,v3,0.11912007827539833,0.3401559085718223,0.5407240142931744
ENC00031,v3,0.2789228302867789,0.2601784125362572,0.4608987599611282
ENC00034,v3,0.406473822046801,0.2445076877232065,0.3490184944929536
ENC00043,v3,0.12728884120029632,0.3719477667049928,0.5007633854343434
ENC00052,v3,0.2897775344833543,0.35364402179853827,0.3565784381537498
ENC00063,v3,0.2032870453333965,0.355763320500652,0.4409496306821152
ENC00064,v3,0.2641895543948739,0.29235096414268547,0.44345948482509207
ENC00065,v3,0.33594812274289626,0.2740995895971234,0.3899522878540059
ENC00067,v3,0.3274095693230629,0.2997497067973018,0.37284072071313856
ENC00080,v3,0.3488968552612677,0.3157788138927483,0.33532432375884635
ENC00081,v3,0.21454670730203684,0.31787311916451644,0.4675801738654033
ENC00084,v3,0.33571164611172166,0.27910664324906276,0.38518170695355597
ENC00088,v3,0.42190326081064644,0.21161785231022065,0.36647889098364433
ENC00089,v3,0.4131787595294771,0.2550153703561851,0.33180586766628994
ENC00090,v3,0.42360786210119195,0.1881979909453508,0.3881941449589434
ENC00096,v3,0.3419817172818714,0.319116828425063,0.33890144444174236
ENC00098,v3,0.26461045044873444,0.3796802248273577,0.3557093202003411
ENC00103,v3,0.1311377422799441,0.38500505626540293,0.483857200904326
ENC00106,v3,0.1464755765355385,0.29751720561369044,0.5560072182535051
ENC00111,v3,0.28512690525422707,0.30431224199685647,0.41056085377931595
ENC00113,v3,0.0,0.44145357701927423,0.5585464181547816
ENC00121,v3,0.29245581598051135,0.24905879975807282,0.4584853839810177
ENC00125,v3,0.3466062297915468,0.2606887176337809,0.3927050530910492
ENC00128,v3,0.38449956104159355,0.27927601229972565,0.33622442558407784
ENC00130,v3,0.30313704920739964,0.27100568650097684,0.42585726133708296
ENC00133,v3,0.3698530673019348,0.2260190494839222,0.4041278845360202
ENC00143,v3,0.2701746747681969,0.32208090016716406,0.4077444272605996
ENC00149,v3,0.38026732775298033,0.2504342457448894,0.3692984262650663
ENC00151,v3,0.0,0.43029350230965435,0.5697064949553224
ENC00159,v3,0.1965957971852879,0.305889428614877,0.497514774979547
ENC00162,v3,0.26064903768947567,0.30237029537053434,0.4369806678870977
ENC00164,v3,0.18197545341470026,0.2686814235354012,0.549343120509928
ENC00167,v3,0.17597703190727365,0.3625071471970942,0.461515823379159
ENC00170,v3,0.28929895612428774,0.262618177904273,0.4480828673772092
ENC00171,v3,0.4139498419901158,0.23550592156800818,0.35054423533221507
ENC00173,v3,0.3079496194731514,0.3188173855602179,0.37323299823504574
ENC00188,v3,0.22096585522415818,0.2792019627747997,0.4998321784760362
ENC00191,v3,0.3456681363284588,0.2816756734997034,0.37265618830919267
ENC00192,v3,0.2796567743834184,0.40493597394349623,0.3154072492402427
ENC00193,v3,0.12176920657815493,0.3818188269177209,0.49641196413532546
ENC00202,v3,0.38779354020200596,0.2772801332928316,0.33492632917683535
ENC00208,v3,0.1478202452417463,0.3949886679649353,0.45719108544290066
ENC00209,v3,0.3394965013632408,0.24648599453174916,0.41401750498857254
ENC00210,v3,0.27971373556155554,0.26781249628730225,0.45247376573757386
ENC00214,v3,0.0,0.45042908594414993,0.549570916740744
ENC00217,v3,0.19423136662910967,0.36368225040096863,0.4420863844308199
ENC00237,v3,0.319919352961141,0.34886224117389947,0.33121839928072555
ENC00238,v3,0.32796808506283803,0.2550733554237914,0.4169585593392916
ENC00250,v3,0.23995805949529755,0.3573094815294319,0.4027324576522702
ENC00255,v3,0.21768651040537015,0.40733193499701364,0.3749815502337047
ENC00256,v3,0.2785006940137339,0.3376785518445131,0.38382075795235526
ENC00259,v3,0.4719202963977444,0.18330525139308707,0.344774453007445
ENC00260,v3,0.33707542922990075,0.2685858966333085,0.394338671118021
ENC00263,v3,0.137346296926791,0.37337035807696256,0.48928334130482243
ENC00264,v3,0.33362370986830103,0.24271607742729512,0.4236602192575281
ENC00267,v3,0.21208684872193584,0.29412533798865204,0.4937878105917881
ENC00270,v3,0.36005800851245423,0.2508898468465725,0.3890521491863834
ENC00271,v3,0.26059195934568796,0.2830645422478324,0.4563434986234869
ENC00272,v3,0.265505655967402,0.23322481127842418,0.5012695329650393
ENC00275,v3,0.17222643352233538,0.2249794824805,0.602794078317019
ENC00289,v3,0.17254016933481345,0.43169592019547237,0.3957639103859998
ENC00291,v3,0.3556342968886549,0.2311116992749951,0.41325400295582687
ENC00292,v3,0.2262275558935494,0.27755598279357957,0.49621646118765117
ENC00294,v3,0.3875786191179552,0.26115467183235036,0.35126670614908667
ENC00296,v3,0.3159785184485853,0.25441397021501516,0.4296075110593118
ENC00298,v3,0.30338004848052713,0.29576907623773335,0.4008508716849075
ENC00304,v3,0.29838497286278104,0.37406535931522883,0.3275496655749896
ENC00306,v3,0.23019832461748435,0.38064955887587176,0.3891521203129188
ENC00310,v3,0.29748501063420857,0.2650978672157588,0.4374171230813553
ENC00319,v3,0.27548468053340913,0.3100994172692299,0.4144158989191055
ENC00323,v3,0.3947255328150079,0.1852695807667062,0.4200048836150972
ENC00326,v3,0.2633758821573697,0.3396690264834385,0.3969550985646875
ENC00327,v3,0.2787041286853227,0.25654888850721447,0.4647469768469984
ENC00329,v3,0.3244028949607028,0.25392647908769383,0.4216706240481704
ENC00330,v3,0.2834037806433026,0.3126095428989075,0.4039866760520652
ENC00336,v3,0.366045864709353,0.2393394371147378,0.39461470117508357
ENC00337,v3,0.25630427416987145,0.2915880512087964,0.45210767394075024
ENC00341,v3,0.27909284830093384,0.2972178356938584,0.42368931461905324
ENC00344,v3,0.3531509994483385,0.25309710778662414,0.393751890688646
ENC00349,v3,0.17200936734676361,0.39033385455608366,0.4376567828655243
ENC00358,v3,0.0,0.518196794580906,0.48180320779693886
ENC00359,v3,0.3188960042196451,0.30980888673478796,0.3712951089303518
ENC00360,v3,0.34201913925810395,0.23272186904170802,0.4252589899245824
ENC00362,v3,0.0934515542330894,0.37422937955311003,0.5323190679575535
ENC00368,v3,0.23353326460894416,0.366309522399131,0.4001572074259029
ENC00372,v3,0.17953229758196174,0.2788459368181967,0.541621763358074
ENC00376,v3,0.1323759106961184,0.32057878938048406,0.5470453007776934
ENC00381,v3,0.2715628575929936,0.25280579916657286,0.4756313462523704
ENC00382,v3,0.3637410286685516,0.24587101132833752,0.3903879615767249
ENC00386,v3,0.30395496904850006,0.3025098239382108,0.3935352053244909
ENC00389,v3,0.17027483341541697,0.3581807310593889,0.47154443489110215
ENC00390,v3,0.32563784640282395,0.24837107200175523,0.425991075783968
ENC00392,v3,0.35923502832017046,0.30404459403708894,0.3367203770482794
ENC00393,v3,0.30241773662895993,0.27637487808349487,0.42120738721441947
ENC00402,v3,0.2886178665506987,0.33084104072164605,0.38054108435724987
ENC00403,v3,0.25640140960995966,0.4034933333213513,0.3401052566388479
ENC00405,v3,0.2907602230983752,0.2618563641897506,0.4473834123324465
ENC00413,v3,0.28810701133256933,0.30304739736469394,0.4088455826403147
ENC00414,v3,0.2586850654898268,0.3453338759565594,0.3959810608866239
ENC00418,v3,0.26379466887031283,0.32100008140717234,0.41520525231247857
ENC00419,v3,0.25871175047424105,0.29691066087947954,0.4443775902191798
ENC00424,v3,0.4631251350597099,0.18308527334765703,0.35378958795357635
ENC00428,v3,0.1926676786194245,0.3318960625582781,0.4754362578193347
ENC00432,v3,0.29872250038644543,0.32795303172391393,0.373324465362922
ENC00433,v3,0.24873913535111242,0.3248681236031673,0.4263927351227767
ENC00435,v3,0.0,0.5156939806307064,0.48430602603098927
ENC00436,v3,0.267882408409179,0.3271106137316438,0.40500698285766795
ENC00441,v3,0.29620702625537404,0.35360090748793416,0.3501920650402705
ENC00443,v3,0.13144467501662488,0.283003163978088,0.5855521564641275
ENC00444,v3,0.22551238276930743,0.34195419643507446,0.432533418023309
ENC00451,v3,0.31858541432179904,0.2980304633316241,0.38338411262160854
ENC00453,v3,0.34124068192699375,0.2992745583109996,0.3594847587759004
ENC00456,v3,0.3094498665095904,0.3205584174929521,0.36999171131696457
ENC00457,v3,0.34391106014279116,0.3334626513907964,0.32262628465548326
ENC00459,v3,0.2503083387718481,0.3653920333759457,0.3842996306279126
ENC00461,v3,0.3077151814165215,0.23593828093726188,0.456346539935718
ENC00444,v3,0.22551238276930743,0.34195419643507446,0.432533418023309
ENC00449,v3,0.3809535532605414,0.26927926946504444,0.34976717479088726
ENC00451,v3,0.31858541432179904,0.2980304633316241,0.38338411262160854
ENC00453,v3,0.34124068192699375,0.2992745583109996,0.3594847587759004
ENC00456,v3,0.3094498665095904,0.3205584174929521,0.36999171131696457
ENC00457,v3,0.3964652492899761,0.2648852481811403,0.33864950534896315
ENC00459,v3,0.2503083387718481,0.3653920333759457,0.3842996306279126
ENC00461,v3,0.3025978640045809,0.25047769454186375,0.44692444202044734
ENC00462,v3,0.27087156570488863,0.24155483439122097,0.48757359857606414
ENC00463,v3,0.4331589775352642,0.22944471965832958,0.3373963010722193
ENC00464,v3,0.17054076646406627,0.41767738605897453,0.41178185162470515
ENC00465,v3,0.2568735485916497,0.3309471090073868,0.4121793446040923
ENC00469,v3,0.29563038346047205,0.2734360149285446,0.4309336009124915
ENC00471,v3,0.26294093985449185,0.28142995910703644,0.4556291007305965
ENC00474,v3,0.17492969569053735,0.3723913244567476,0.45267897629523063
ENC00475,v3,0.2789802805387548,0.28910891397390515,0.4319108084642461
ENC00477,v3,0.183589229626315,0.37764891751465346,0.43876184821128844
ENC00478,v3,0.34160376364184963,0.2863781508859447,0.3720180856925185
ENC00479,v3,0.30793463137178195,0.2928176134647358,0.3992477550747849
ENC00482,v3,0.3170600996130989,0.30404710670312246,0.378892790277799
ENC00489,v3,0.2921894072838452,0.28164262911709753,0.42616796655499417
ENC00490,v3,0.16228423016716023,0.27719929149108274,0.5605164819530079
ENC00492,v3,0.29503935095336703,0.28032544462217224,0.4246352096398672
ENC00511,v3,0.3363757690207826,0.2640027688402269,0.39962146307031315
ENC00513,v3,0.30205527933107484,0.3192259234272771,0.3787187957101398
ENC00519,v3,0.34144573234101777,0.2700035032886331,0.38855076300841507
ENC00524,v3,0.3983917564153671,0.2810323289129883,0.32057591117918494
ENC00529,v3,0.3863295523246916,0.25091324403586956,0.36275720699588854
ENC00538,v3,0.2996265791794833,0.3448520442142206,0.35552137283717883
ENC00543,v3,0.3372009943441017,0.2916672681026238,0.37113173106282027
ENC00548,v3,0.34089387832461177,0.22084809269185537,0.43825802999036806
ENC00550,v3,0.3012309819459915,0.3184207978501784,0.3803482184895372
ENC00559,v3,0.34225569198192174,0.2896741555403855,0.3680701504571963
ENC00562,v3,0.4003313812798103,0.230276361833104,0.3693922585354442
ENC00563,v3,0.20636421571339458,0.3398294315234689,0.4538063523936863
ENC00571,v3,0.22516801568229547,0.42691032119681327,0.34792166094431715
ENC00573,v3,0.2911643171682954,0.37667973106727004,0.33215594198554754
ENC00575,v3,0.41772138942842896,0.2449599743537281,0.3373186362826306
ENC00577,v3,0.26939890953316087,0.3561269003769447,0.3744741907750053
ENC00580,v3,0.2767529216375244,0.32929190687751503,0.39395516826195665
ENC00581,v3,0.38062839772628276,0.23048772955579416,0.3888838748846735
ENC00587,v3,0.2745556133513403,0.3620014593447789,0.36344293099228697
ENC00590,v3,0.3509645414352417,0.29164270605891945,0.3573927552998066
ENC00591,v3,0.18702312723382727,0.32627782230446867,0.4866990518647355
ENC00592,v3,0.4039178082112516,0.23965912287154895,0.35642306439662247
ENC00596,v3,0.2918087571001739,0.245079857598749,0.46311137927093093
ENC00598,v3,0.37923799571581185,0.24235539199435152,0.3784066104562953
ENC00600,v3,0.11305620086140337,0.3552925685601952,0.5316512298531237
ENC00606,v3,0.32777079694633243,0.2876767603138202,0.38455244483827034
ENC00608,v3,0.335730680701684,0.3161379306824232,0.3481313926833017
ENC00620,v3,0.31790276263224876,0.27614335873622003,0.4059538808414492
ENC00631,v3,0.3302400717595676,0.29752094513392663,0.3722389814284471
ENC00637,v3,0.11115536267916076,0.3070026832304413,0.5818419528307675
ENC00640,v3,0.1796314889859212,0.3382188013117564,0.4821497156823936
ENC00643,v3,0.2486611854557584,0.3400847192217664,0.4112540906885775
ENC00657,v3,0.2143851887403416,0.3693740222008288,0.41624078542745413
ENC00661,v3,0.2699936698841792,0.3536910647025672,0.37631526637461876
ENC00665,v3,0.31287913277213064,0.2151541311205143,0.4719667387682767
ENC00667,v3,0.40195028139994693,0.26577677806982625,0.33227293831961496
ENC00671,v3,0.13720649055266468,0.29203107208013535,0.5707624356677062
ENC00694,v3,0.32069134706210706,0.20494354095670483,0.47436511168076145
ENC00696,v3,0.266454963468843,0.3662319819960329,0.3673130556941032
ENC00697,v3,0.17585600208005178,0.3801448489336864,0.443999148581339
ENC00711,v3,0.3779757425797229,0.21434044469223948,0.40768381573107776
ENC00717,v3,0.16542764469726473,0.2744156191619033,0.5601567339438659
ENC00720,v3,0.3729981125428759,0.22737370667786433,0.3996281794432936
ENC00721,v3,0.13284130403413796,0.33992712271328157,0.5272315719093268
ENC00727,v3,0.32285014034381937,0.27117217641456853,0.4059776844722884
ENC00729,v3,0.4291428454544233,0.2036712700582069,0.3671858874352082
ENC00730,v3,0.24982031235514685,0.37706985549871314,0.3731098376041235
ENC00734,v3,0.2575329765677452,0.31727408292966014,0.4251929401205136
ENC00744,v3,0.25764392168967276,0.30830585154203266,0.4340502218558238
ENC00747,v3,0.28123148894380956,0.3351184335936393,0.38365007440249127
ENC00748,v3,0.26895079974617275,0.2920643931387791,0.43898480931030853
ENC00749,v3,0.33964662605689633,0.30782485960258377,0.35252852862079936
ENC00752,v3,0.19565399603383377,0.3683303975232757,0.4360156026807162
ENC00753,v3,0.1882346031267809,0.35345858302486094,0.45830681071251256
ENC00757,v3,0.19234418565618625,0.3131794733638616,0.49447633925172474
ENC00759,v3,0.3491367633640766,0.28408501736819747,0.3667782211303711
ENC00762,v3,0.192193798599689,0.225126887573217,0.5826793144631192
ENC00765,v3,0.14886948516891327,0.3888741941363723,0.46225632248837273
ENC00771,v3,0.35578616059941354,0.23679112380357098,0.40742271538261027
ENC00772,v3,0.37559236568140697,0.2132516421646957,0.4111559875758298
ENC00778,v3,0.24417226866651803,0.37346452933091384,0.3823632001876831
ENC00787,v3,0.14291168793395,0.369292313373217,0.48779600089596165
ENC00788,v3,0.32001398876309395,0.2578743842508023,0.4221116214369734
ENC00792,v3,0.12545106961549102,0.30781291947736367,0.5667360091170708
ENC00797,v3,0.17625576664446568,0.3210601371009739,0.5026840937076783
ENC00801,v3,0.0,0.51904154464949,0.48095845569704854
ENC00802,v3,0.3372236500664424,0.2573075980669068,0.40546875150613887
ENC00807,v3,0.0,0.3792822797383581,0.6207177173050623
ENC00808,v3,0.3700730420440157,0.2613280881718497,0.3685988730916353
ENC00812,v3,0.14115003655824038,0.3375944321689842,0.5212555350484075
ENC00813,v3,0.2648063994251018,0.31703458856358085,0.418159015649973
ENC00815,v3,0.2471047011754846,0.3231228558767226,0.42977244479040944
ENC00830,v3,0.2889135486287315,0.27862146346852545,0.43246498449546533
ENC00832,v3,0.0,0.44407667034913684,0.5559233316212646
ENC00838,v3,0.2653983029760892,0.39429022173715544,0.34031147858764554
ENC00845,v3,0.18994318353741066,0.4114152476515459,0.39864156395196915
ENC00848,v3,0.3322947892805804,0.2735910972499329,0.39411411725956463
ENC00849,v3,0.2850329817612042,0.21275191410451896,0.5022151043941808
ENC00002,v4,0.3335195717802883,0.27323342198981854,0.39324701169546505
ENC00003,v4,0.4069321335864668,0.250392689080048,0.34267517648825124
ENC00004,v4,0.2051351028708143,0.3924804518529035,0.4023844488990416
ENC00006,v4,0.23349985166599876,0.40397173581938994,0.3625284125930385
ENC00007,v4,0.3186144006663355,0.29772948315260056,0.3836561141685508
ENC00008,v4,0.2994849665853001,0.3170077051192322,0.38350732904552615
ENC00013,v4,0.32230317924948904,0.20414530767275274,0.473551511335716
ENC00014,v4,0.06754201952467806,0.4997166894110186,0.43274128689829794
ENC00017,v4,0.2526366384090664,0.3702926827229072,0.3770706823496061
ENC00022,v4,0.335163430051696,0.2856923687110718,0.37914420227359114
ENC00023,v4,0.21018833797425032,0.332328402902931,0.4574832536280155
ENC00024,v4,0.09000954444140748,0.4031906790203518,0.5067997802462842
ENC00031,v4,0.26825681548369557,0.27506655576197725,0.45667663028365685
ENC00034,v4,0.3987061431010564,0.25439970535776946,0.3468941538244165
ENC00043,v4,0.1078347528423622,0.3743913688890214,0.517773874806908
ENC00052,v4,0.26674202054739,0.33242526665329936,0.4008327139914036
ENC00063,v4,0.20257239422450463,0.36944948298235736,0.4279781268288692
ENC00064,v4,0.20973955166149647,0.3811683525588918,0.40909209514551975
ENC00065,v4,0.2067615363099005,0.4534151256084442,0.33982334577518963
ENC00067,v4,0.25849675852805376,0.35377652512397617,0.38772671530023217
ENC00080,v4,0.3210758587648702,0.32258951551345894,0.3563346232092658
ENC00081,v4,0.16954005733132363,0.42297639343887566,0.4074835527688265
ENC00084,v4,0.2705383334308863,0.34260226202507815,0.38685940665503343
ENC00088,v4,0.3555801142528267,0.26847505125511495,0.37594483545715945
ENC00089,v4,0.4004483530154595,0.2337723060009571,0.3657793424450434
ENC00090,v4,0.37648395360062975,0.23208999671383734,0.3914260470539058
ENC00096,v4,0.3421290037035942,0.29768984749913213,0.36018115386366845
ENC00098,v4,0.2542702844593583,0.3659703105809243,0.37975940411168385
ENC00103,v4,0.11939399356963815,0.3913699187418466,0.48923608917062
ENC00106,v4,0.11839380763747075,0.3363217692592262,0.5452844225514082
ENC00111,v4,0.18520390359670158,0.4093195797186198,0.40547651908998417
ENC00113,v4,0.0,0.5637559200681391,0.43624407301346463
ENC00121,v4,0.17121709949147385,0.4516715163414457,0.3771113827165249
ENC00125,v4,0.27590998498276925,0.3208780280038924,0.40321199039758093
ENC00128,v4,0.3577634803377665,0.2782861066265748,0.36395041128763783
ENC00130,v4,0.2519526643057664,0.32392921261489394,0.42411812357604506
ENC00133,v4,0.3699464630464028,0.21300828300159552,0.417045253104177
ENC00143,v4,0.25397878046296224,0.3340495751560235,0.41197164256532653
ENC00149,v4,0.33841790468604477,0.2903683696080137,0.3712137253196151
ENC00151,v4,0.0,0.4694662733624379,0.5305337225779508
ENC00159,v4,0.12726258962149067,0.2766088395778622,0.596128565392324
ENC00162,v4,0.20129081652856168,0.46414114093339004,0.33456804079038127
ENC00164,v4,0.15873973402380942,0.3063436482846737,0.5349166219234467
ENC00167,v4,0.12253531975671648,0.3669375193864107,0.5105271637439728
ENC00170,v4,0.29328309999484764,0.2586004243215971,0.44811647855921793
ENC00171,v4,0.3334468600473234,0.2986492979938963,0.3679038428568414
ENC00173,v4,0.2995805691857383,0.3218601094734556,0.3785593225708548
ENC00188,v4,0.17340934077898662,0.3392521682239714,0.48733849426110587
ENC00191,v4,0.31831861585378646,0.30510879307985306,0.37657259594310416
ENC00192,v4,0.27508321073320174,0.4077924206250846,0.3171243697705895
ENC00193,v4,0.1014613399522439,0.4666947522150573,0.4318439079228268
ENC00202,v4,0.4127609437564388,0.21324349204951432,0.3739955626660958
ENC00208,v4,0.08253079506306393,0.4863339590216146,0.4311352516840963
ENC00209,v4,0.3214384286954839,0.2640556572505864,0.41450591273205256
ENC00210,v4,0.26313555211975026,0.305169136592975,0.43169531558568663
ENC00214,v4,0.0,0.47735755652189255,0.5226424432794253
ENC00217,v4,0.20296478799626796,0.33477240831508664,0.46226279909097695
ENC00237,v4,0.28594546591242154,0.3878114334618052,0.3262431023021539
ENC00238,v4,0.32114883831569124,0.27373485119148555,0.4051163104761924
ENC00250,v4,0.254557514269101,0.22608300276044616,0.5193594817380259
ENC00255,v4,0.1895839335557855,0.41464658449461433,0.3957694859048467
ENC00256,v4,0.24831587490108278,0.39231473240587444,0.3593693905406528
ENC00259,v4,0.4654058993470912,0.18801328574060178,0.3465808151023729
ENC00260,v4,0.30559248060864563,0.30897823611603065,0.38542928272748694
ENC00263,v4,0.11956989592449231,0.36669959141449493,0.5137305091727864
ENC00264,v4,0.31891118477931063,0.26104531733863123,0.4200434998600884
ENC00267,v4,0.19944942296370044,0.2721139313141396,0.5284366468479346
ENC00270,v4,0.30105407643162346,0.3277897689053241,0.37115615557611376
ENC00271,v4,0.16574122255732274,0.4690461866129404,0.3652125987513312
ENC00272,v4,0.244250795925441,0.29369809316552203,0.46205111204282096
ENC00275,v4,0.16364460977880904,0.2875356627628207,0.5488197243151566
ENC00289,v4,0.15975272098740378,0.4497576496758304,0.39048962999176196
ENC00291,v4,0.33935523629188535,0.2599983777850866,0.4006463845074177
ENC00292,v4,0.23844678082636425,0.24238836834473268,0.5191648448152202
ENC00294,v4,0.3750637924817742,0.28953329565339403,0.33540290667385353
ENC00296,v4,0.2991837982022971,0.2883697238407637,0.4124464793947705
ENC00298,v4,0.21243316107071364,0.3587731812800561,0.4287936584307597
ENC00304,v4,0.2578277758780926,0.4256966157210252,0.31647560911046135
ENC00306,v4,0.21158671379089355,0.4223103125890096,0.3661029681723605
ENC00310,v4,0.24794649393832097,0.31922544325228597,0.4328280582291181
ENC00319,v4,0.2680084660412773,0.31936882122878046,0.41262270734896733
ENC00323,v4,0.3195375994880601,0.2772501168569716,0.40321228365496836
ENC00326,v4,0.22760428223185813,0.3414782196856462,0.4309174974377339
ENC00327,v4,0.2674242773226329,0.28402477438960755,0.44855094268208456
ENC00329,v4,0.30244781640735835,0.31026410284611555,0.3872880814848719
ENC00330,v4,0.29113435254901904,0.31467258334796655,0.3941930650900572
ENC00336,v4,0.2506603684074195,0.32737028307115384,0.4219693504562674
ENC00337,v4,0.19821846600750398,0.34783546093465956,0.4539460751773982
ENC00341,v4,0.2515088377037534,0.3236227464620714,0.4248684161791095
ENC00344,v4,0.3274387746845206,0.29439347413406797,0.3781677526358056
ENC00349,v4,0.1450485024797289,0.40779457013857995,0.4471569326363112
ENC00358,v4,0.0,0.4677976247939197,0.532202372835441
ENC00359,v4,0.2737369698191446,0.28146597269981627,0.4447970590184605
ENC00360,v4,0.3407125475213808,0.24455832343037223,0.41472912272986245
ENC00362,v4,0.09135013245775,0.38099777698516846,0.5276520892005899
ENC00368,v4,0.22204465569650872,0.4069200460898115,0.37103529639066535
ENC00372,v4,0.16285059410754754,0.38005808935217233,0.4570913123695747
ENC00376,v4,0.14038047424401157,0.32775549980578944,0.5318640266777948
ENC00381,v4,0.25091206875037064,0.26619089653038164,0.48289702815765684
ENC00382,v4,0.3153107053000633,0.33739774250616766,0.34729155591905936
ENC00386,v4,0.2552487991666526,0.31420824940452413,0.4305429632744093
ENC00389,v4,0.15589274468817818,0.33759590082648977,0.506511352956295
ENC00390,v4,0.2648372771138819,0.30341129683149165,0.4317514237939802
ENC00392,v4,0.2860510311707729,0.3838812250550054,0.3300677436490019
ENC00393,v4,0.29664320756394164,0.2306291710837443,0.47272762488153647
ENC00402,v4,0.2676266126651713,0.33963244012061583,0.3927409455497214
ENC00403,v4,0.284919196087071,0.3176176047955568,0.3974631976368081
ENC00405,v4,0.22879994868255052,0.31694397281427855,0.45425607349540364
ENC00413,v4,0.258568629113018,0.3162813365905203,0.42515003299101806
ENC00414,v4,0.2432020007958257,0.3615315423869505,0.3952664585132909
ENC00418,v4,0.24051374685950577,0.37685392548640567,0.38263232648993534
ENC00419,v4,0.21800238754331452,0.38279369557948456,0.39920392540312305
ENC00424,v4,0.3885363314004071,0.22339079400475045,0.3880728737706632
ENC00428,v4,0.13137374676366165,0.4064463919516906,0.4621798662306036
ENC00432,v4,0.26209825947880744,0.38387605011463166,0.35402569055557254
ENC00433,v4,0.2377138654390971,0.3368365777656436,0.42544955263535184
ENC00435,v4,0.0,0.47004495561122894,0.5299550428338673
ENC00436,v4,0.22288775230231492,0.2928594222859196,0.48425282265829006
ENC00441,v4,0.24971664367386928,0.42569698515133214,0.3245863706733172
ENC00443,v4,0.12226605791455278,0.3121506254403637,0.5655833201912733
ENC00444,v4,0.2043096954623858,0.3823864957406407,0.4133038082293102
ENC00451,v4,0.2402795985341072,0.38784051913590656,0.37187988644554504
ENC00453,v4,0.2879956515062423,0.3822412466719037,0.3297630998350325
ENC00456,v4,0.29058587273007713,0.346235568965635,0.36317855717125025
ENC00457,v4,0.34573261956177137,0.3349147499492853,0.31935262857097213
ENC00459,v4,0.2538327139336616,0.3631917165281872,0.3829755699262023
ENC00461,v4,0.25877794819110533,0.3209015290742203,0.4203205204616159
ENC00462,v4,0.24954288732260466,0.3240870069289072,0.4263701012188738
ENC00444,v4,0.2043096954623858,0.3823864957406407,0.4133038082293102
ENC00449,v4,0.3461122453212738,0.273207284430308,0.38068047102008545
ENC00451,v4,0.27035863123558185,0.3571376147093596,0.372503756152259
ENC00453,v4,0.2879956515062423,0.3822412466719037,0.3297630998350325
ENC00456,v4,0.28068632893692486,0.3639176043028804,0.35539606744530555
ENC00457,v4,0.3707158170435407,0.28248792920910987,0.34679625108154544
ENC00459,v4,0.2538327139336616,0.3631917165281872,0.3829755699262023
ENC00461,v4,0.19964251054071747,0.4163054991348655,0.3840519916431039
ENC00462,v4,0.24954288732260466,0.3240870069289072,0.4263701012188738
ENC00463,v4,0.3914294992685318,0.25612629859149455,0.35244419825077056
ENC00464,v4,0.13638467341661453,0.46627562232906855,0.39733970756568604
ENC00465,v4,0.17844691290928608,0.47000714260758014,0.35154594650916887
ENC00469,v4,0.25815438663959506,0.3368373031020164,0.40500831282138827
ENC00471,v4,0.23195997449244268,0.33628449915252495,0.4317555286475187
ENC00474,v4,0.16486445012000892,0.39042182464699643,0.44471372820280647
ENC00475,v4,0.2751712353322013,0.35469143124746866,0.3701373278323946
ENC00477,v4,0.1737951472542196,0.411822767541656,0.4143820873127793
ENC00478,v4,0.2960118935333462,0.34260021138378954,0.36138789707750785
ENC00479,v4,0.24298888780586012,0.37953405229599924,0.3774770634187447
ENC00482,v4,0.31907026027723895,0.30181381311583316,0.3791159267647792
ENC00489,v4,0.3536429309516872,0.21537522353026844,0.43098184931168865
ENC00490,v4,0.09126573062767059,0.38978183540879496,0.5189524297880022
ENC00492,v4,0.30288944770640963,0.3081810577666458,0.38892949796930143
ENC00511,v4,0.29064637358699524,0.2640345088871462,0.44531911898936544
ENC00513,v4,0.28640663499633473,0.33328716609006126,0.3803062020490567
ENC00519,v4,0.2920198845905024,0.3482559915710162,0.3597241181593675
ENC00524,v4,0.39830722492188214,0.27215404745656996,0.32953872010111807
ENC00529,v4,0.32176712138408964,0.32872306191447104,0.3495098183100874
ENC00538,v4,0.302657307396012,0.3022045327590839,0.3951381597547762
ENC00543,v4,0.259617940197146,0.3932692418556388,0.34711281422192486
ENC00548,v4,0.3264396990014014,0.23357849063299527,0.43998181151452465
ENC00550,v4,0.28573157886664075,0.34450468313362864,0.3697637379169464
ENC00559,v4,0.3405699481566747,0.2747205550326629,0.38470949528487863
ENC00562,v4,0.35004383862018584,0.31590332120656966,0.3340528412163258
ENC00563,v4,0.2022065240603227,0.3373814904345916,0.4604119885426301
ENC00571,v4,0.20690601298568445,0.43254463914610924,0.36054935039730246
ENC00573,v4,0.25974643379449847,0.37776680519947636,0.3624867624961413
ENC00575,v4,0.3849012114441217,0.27975559151217116,0.33534318975993055
ENC00577,v4,0.21750514838591362,0.40876608103224377,0.3737287638546194
ENC00580,v4,0.26890563145279883,0.2830107804015279,0.44808358401060105
ENC00581,v4,0.2859339345548604,0.33335954971141646,0.38070651875422884
ENC00587,v4,0.2508694749988922,0.3716625753943234,0.37746794542221174
ENC00590,v4,0.3343669221717484,0.30819339073282115,0.3574396900984706
ENC00591,v4,0.18348705192858522,0.3308897977332016,0.4856231468064444
ENC00592,v4,0.37832265380356045,0.2655112211489015,0.3561661245094405
ENC00596,v4,0.26396658751419033,0.3179271377117957,0.4181062747108734
ENC00598,v4,0.2985765782709654,0.3106007316163954,0.39082269362991834
ENC00600,v4,0.09818841630476527,0.39957610255805776,0.5022354809334502
ENC00606,v4,0.31502178198174585,0.30902675989590866,0.3759514597020572
ENC00608,v4,0.3446455968374556,0.27867505489425226,0.3766793478618969
ENC00620,v4,0.25057503405382964,0.3242060967032018,0.42521886733489306
ENC00631,v4,0.32692585833239973,0.30907530612067174,0.3639988321484181
ENC00637,v4,0.09709456435551769,0.37285759428838144,0.5300478438909789
ENC00640,v4,0.1606033844607217,0.29488625959271475,0.5445103558756056
ENC00643,v4,0.16452534605973754,0.48213096386913595,0.3533436907776471
ENC00657,v4,0.20146864145223436,0.39199109221326894,0.4065402685825167
ENC00661,v4,0.22220028406381606,0.425828711271286,0.35197100615501403
ENC00665,v4,0.2378445821450957,0.298428846325012,0.46372657042023135
ENC00667,v4,0.36372818248550387,0.27489887014792785,0.3613729450824487
ENC00671,v4,0.1388397713829028,0.3818542810908535,0.4793059431147157
ENC00694,v4,0.25690996552270556,0.2719990057456825,0.4710910218575644
ENC00696,v4,0.2411671167239547,0.39532765752325455,0.36350523196160794
ENC00697,v4,0.16568838584202308,0.37835135292491795,0.4559602551622155
ENC00711,v4,0.20723146710309898,0.4174116188072943,0.3753569148950749
ENC00717,v4,0.12235639536733268,0.3354796478424662,0.5421639629589614
ENC00720,v4,0.3340388393217279,0.23175231708112612,0.434208847293558
ENC00721,v4,0.13822153837944584,0.3742378432003931,0.4875406165575159
ENC00727,v4,0.28362548627235273,0.34298602850348864,0.373388483899611
ENC00729,v4,0.3410224363090485,0.3405878101512203,0.3183897602276539
ENC00730,v4,0.18416732277559197,0.4603111270977103,0.3555215479239174
ENC00734,v4,0.19893964941010756,0.37171427055316814,0.42934608161449433
ENC00744,v4,0.2374420306992297,0.35854900533369943,0.4040089706872024
ENC00747,v4,0.2665736294370525,0.35380077970271206,0.37962558926368245
ENC00748,v4,0.23249425570810994,0.3346045577838536,0.4329011901732414
ENC00749,v4,0.3084522736807392,0.3427969094314804,0.348750818061502
ENC00752,v4,0.16140696031266244,0.3870330735527236,0.4515599701938958
ENC00753,v4,0.15042174693483573,0.37905780827769864,0.4705204453605872
ENC00757,v4,0.14803530387287064,0.33909532386721586,0.5128693687399541
ENC00759,v4,0.3150790779335985,0.31953215114410644,0.3653887705606164
ENC00762,v4,0.19067259650854837,0.3124030320417313,0.49692436981768834
ENC00765,v4,0.15255753027322966,0.39380138653975266,0.45364108032140976
ENC00771,v4,0.3094937085877848,0.308762950524119,0.3817433369068699
ENC00772,v4,0.28972169501440864,0.35068599510760534,0.35959230604625886
ENC00778,v4,0.2036561644771724,0.411338560572527,0.38500526764439147
ENC00787,v4,0.08050077136605978,0.48185388624668124,0.4376453438401222
ENC00788,v4,0.283615554889871,0.29290783115559155,0.42347661767982775
ENC00792,v4,0.09722448140382767,0.4190918537953221,0.4836836667559671
ENC00797,v4,0.12525295836905254,0.3696837085253984,0.5050633352937051
ENC00801,v4,0.0,0.5097794337792599,0.4902205632088032
ENC00802,v4,0.2863651395553634,0.28956564842235477,0.42406921329952424
ENC00807,v4,0.0,0.4857978518307209,0.5142021514475346
ENC00808,v4,0.35826158731198704,0.2848452975759741,0.3568931219519162
ENC00812,v4,0.1449603109434247,0.34459689375758173,0.5104427922964097
ENC00813,v4,0.2402548042350802,0.3804441501183071,0.3793010441051132
ENC00815,v4,0.2625910145847985,0.2957329707366697,0.44167601576681886
ENC00830,v4,0.2781099804021694,0.27285548071894383,0.4490345422592428
ENC00832,v4,0.0,0.4546365775452315,0.5453634213172752
ENC00838,v4,0.2608019739662835,0.3736558707618932,0.3655421578009194
ENC00845,v4,0.16714100765252332,0.46012489812089763,0.3727340998999569
ENC00848,v4,0.31919930570504884,0.2866421064531261,0.39415858577598223
ENC00849,v4,0.2683558849096298,0.23904234421253204,0.49260177874565125
ENC00002,v5,0.344248735109965,0.2531998822838068,0.4025513805945714
ENC00003,v5,0.35858287122271476,0.2921080458396619,0.34930908461229515
ENC00004,v5,0.1811120691674727,0.39665374215002414,0.42223418807541885
ENC00006,v5,0.23911388196489392,0.4112953794937508,0.3495907349621548
ENC00007,v5,0.3216014966707338,0.28805522176183085,0.3903432849117301
ENC00008,v5,0.2524603105197519,0.4177440550115149,0.3297956390148502
ENC00013,v5,0.30202597518593577,0.24326478102702206,0.4547092401880329
ENC00014,v5,0.06700165321109529,0.5130890208421294,0.41990932714693324
ENC00017,v5,0.2540820002555847,0.3714159485697746,0.3745020471513271
ENC00022,v5,0.2823728805217217,0.35987872551158656,0.35774839816130993
ENC00023,v5,0.19899190950763318,0.38080630728671716,0.4202017791049425
ENC00024,v5,0.08129716764669866,0.45921715144068004,0.45948567893356085
ENC00031,v5,0.26881100699819366,0.3549824861445646,0.3762065066003251
ENC00034,v5,0.3977382717033227,0.24417578025410572,0.35808594431728125
ENC00043,v5,0.10358171145885418,0.3691720175437438,0.5272462676223527
ENC00052,v5,0.26283993902413744,0.3174410768177198,0.41971898856370343
ENC00063,v5,0.1963576778706883,0.3822774052494714,0.4213649157215567
ENC00064,v5,0.15115728378295898,0.4630108337653311,0.38583187978518635
ENC00065,v5,0.24743565596066988,0.38918165042996405,0.36338269057182165
ENC00067,v5,0.2512175420313391,0.3655257981469613,0.3832566634616779
ENC00080,v5,0.3264765111463411,0.3279620944744065,0.34556139331488384
ENC00081,v5,0.1643903592564896,0.4031349882921752,0.43247464956606135
ENC00084,v5,0.2555599243247083,0.3648471842919077,0.37959288699286325
ENC00088,v5,0.295754428420748,0.3393126816030533,0.36493289411541013
ENC00089,v5,0.2847616821527481,0.3521428468580149,0.363095475550817
ENC00090,v5,0.3426759630441666,0.2747752506572467,0.3825487887630096
ENC00096,v5,0.3366735160651833,0.33732928282985786,0.32599719515954606
ENC00098,v5,0.24178794113686308,0.3852993125328794,0.37291274638846517
ENC00103,v5,0.09242749925843387,0.4514565643555713,0.4561159352086625
ENC00106,v5,0.11261455355367313,0.4505767005495727,0.4368087496608496
ENC00111,v5,0.1892728698849678,0.38691470003128053,0.423812428355217
ENC00113,v5,0.0,0.5276109096076753,0.4723890915513039
ENC00121,v5,0.16518396278843284,0.4796223757522447,0.3551936648519976
ENC00125,v5,0.3054237968065369,0.32045258424231704,0.3741236227289052
ENC00128,v5,0.277276179298412,0.4229308651803538,0.2997929559544075
ENC00130,v5,0.2561074450612068,0.32520142958632536,0.4186911250863756
ENC00133,v5,0.32993386280205517,0.31680977816383044,0.35325636135207283
ENC00143,v5,0.2056032344698906,0.4445838099588519,0.34981295958809233
ENC00149,v5,0.31591165617225675,0.32608903815427165,0.35799930039353256
ENC00151,v5,0.0,0.4898502793576982,0.5101497187658592
ENC00159,v5,0.14135933220386504,0.2974357188642025,0.5612049562931061
ENC00162,v5,0.21659671612710596,0.39866775733845256,0.3847355307819687
ENC00164,v5,0.10289865791252474,0.40164854804553635,0.4954527949656897
ENC00167,v5,0.09984787001919287,0.42192885379951733,0.47822327711261237
ENC00170,v5,0.2944479981794002,0.26259855826959966,0.44295344248096996
ENC00171,v5,0.31808096105637756,0.3241510121718697,0.35776803402797036
ENC00173,v5,0.28315774401028954,0.35911583801110586,0.357726417694773
ENC00188,v5,0.16516397218042203,0.3199388638480019,0.5148971601751925
ENC00191,v5,0.2647264896006119,0.3874753735414365,0.34779813376868646
ENC00192,v5,0.270713475918529,0.41624773308785273,0.31303879257404443
ENC00193,v5,0.09959784933918081,0.43741496263352114,0.4629871878212532
ENC00202,v5,0.3908050909042358,0.23882486167550088,0.37037004470825197
ENC00208,v5,0.08253079506306393,0.4863339590216146,0.4311352516840963
ENC00209,v5,0.29926318974839045,0.27610482505916323,0.4246319839634846
ENC00210,v5,0.2871708256895082,0.2949729798394337,0.417856196954585
ENC00214,v5,0.0,0.5538508825668014,0.4461491166955174
ENC00217,v5,0.20450482235079812,0.358150961478391,0.43734421989610117
ENC00237,v5,0.25818358932932217,0.4280021117379268,0.3138142966975768
ENC00238,v5,0.24328519780151914,0.38715763065484493,0.36955716940436034
ENC00250,v5,0.18602531858958488,0.4031788794831796,0.4107958022966858
ENC00255,v5,0.1962650031472246,0.34206016721824806,0.46167483466366926
ENC00256,v5,0.24898859141676716,0.39921595460989256,0.3517954516591448
ENC00259,v5,0.4157799748036097,0.1931297265450066,0.39109029817693636
ENC00260,v5,0.26728823153596176,0.35075774632002177,0.38195401717696276
ENC00263,v5,0.14778163171485886,0.4093712009898909,0.44284716969007976
ENC00264,v5,0.2601888861696599,0.34159413927187354,0.39821697316937527
ENC00267,v5,0.1666979651277264,0.38748110213006537,0.445820926874876
ENC00270,v5,0.2987781458614785,0.3105213601648072,0.39070049286992464
ENC00271,v5,0.19297942381059185,0.4426872563663493,0.3643333218740613
ENC00272,v5,0.24662091821124874,0.3244769193001629,0.42890215933937387
ENC00275,v5,0.15489225357305259,0.3893267236029108,0.45578102363894385
ENC00289,v5,0.1535015829767172,0.4161344494384069,0.4303639651491092
ENC00291,v5,0.332344318384474,0.2455177631567825,0.42213791568170894
ENC00292,v5,0.16641468207041424,0.38051248710779917,0.45307283429872425
ENC00294,v5,0.38938097769601476,0.26693639166963595,0.3436826254344649
ENC00296,v5,0.31323288854594544,0.27039875145827497,0.41636836612335987
ENC00298,v5,0.23345686700195073,0.34342270040263734,0.42312042973935604
ENC00304,v5,0.28646580000554234,0.37777126943769535,0.33576292957156156
ENC00306,v5,0.2080047672095987,0.4398781224009917,0.352117107854676
ENC00310,v5,0.21530563064983912,0.4030678695333855,0.381626505803849
ENC00319,v5,0.25032813580972807,0.3315696439572743,0.418102217572076
ENC00323,v5,0.25900953997682025,0.3501262603835626,0.3908641913554052
ENC00326,v5,0.20441508899358185,0.3993661751123992,0.39621873768893157
ENC00327,v5,0.250904213133696,0.3326014776688975,0.4164943089624783
ENC00329,v5,0.2649304775415726,0.37525862736522025,0.35981090352782663
ENC00330,v5,0.27901656322181223,0.28373650401830675,0.4372469352185726
ENC00336,v5,0.20496322266757488,0.4252996489405632,0.3697371271252632
ENC00337,v5,0.17825638467016128,0.4097253211702292,0.4120182959506145
ENC00341,v5,0.23653770945150487,0.30529661783880563,0.45816567170358924
ENC00344,v5,0.3484718788604033,0.2513181628049931,0.40020996064359693
ENC00349,v5,0.14926144589738147,0.42299260308102865,0.4277459452065026
ENC00358,v5,0.0,0.5456661162681358,0.45433387558820637
ENC00359,v5,0.27858744631303806,0.3269652028646425,0.3944473513097407
ENC00360,v5,0.3243979154488979,0.257734965485258,0.4178671213105703
ENC00362,v5,0.08569222652456826,0.42071736700556894,0.4935904061076818
ENC00368,v5,0.18948297575116158,0.4079940664551912,0.40252295941595106
ENC00372,v5,0.12412107872065678,0.3992443631893845,0.476634560413258
ENC00376,v5,0.1152181037450357,0.3681001831437387,0.5166817108790079
ENC00381,v5,0.2014485266255705,0.4285630932764003,0.3699883828429799
ENC00382,v5,0.3028938555745063,0.3359731149825233,0.3611330214749884
ENC00386,v5,0.24501775681483942,0.3370022330982763,0.41798001918636385
ENC00389,v5,0.18206278810976073,0.31235565460519865,0.5055815503001213
ENC00390,v5,0.255159683070565,0.3010830420801658,0.44375727172116286
ENC00392,v5,0.26680046163854143,0.42184245657353175,0.3113570860454014
ENC00393,v5,0.30982837755055653,0.2675675088451022,0.42260411381721497
ENC00402,v5,0.24880453012883663,0.33788056787231874,0.4133149045037812
ENC00403,v5,0.22786406522629246,0.44150500149534855,0.3306309349784915
ENC00405,v5,0.20050020993727705,0.41351192363578343,0.38598786132491153
ENC00413,v5,0.25608334020357726,0.3098205671927264,0.434096097022064
ENC00414,v5,0.20952945216780616,0.44181140874113356,0.3486591374590283
ENC00418,v5,0.19698416604660451,0.41696839112167555,0.38604743918403983
ENC00419,v5,0.21599767183264096,0.3656994556387266,0.41830287538468836
ENC00424,v5,0.35143419037814494,0.32620213232520556,0.3223636789178407
ENC00428,v5,0.12203848828980024,0.38338491466382274,0.49457659539969073
ENC00432,v5,0.25661554615944626,0.3966082030907273,0.3467762483283877
ENC00433,v5,0.2503447364156063,0.34027855831843157,0.4093767064122053
ENC00435,v5,0.0,0.4394612564740937,0.5605387469458449
ENC00436,v5,0.2133474526926875,0.29242633080243,0.4942262199308191
ENC00441,v5,0.24294906502420252,0.4371034622192383,0.31994746964086185
ENC00443,v5,0.1302034760154383,0.4177982168652678,0.4519983078202894
ENC00444,v5,0.19507456797620523,0.38133069037095363,0.42359474003314973
ENC00451,v5,0.21901138929220346,0.426676176734023,0.3543124415062286
ENC00453,v5,0.28885206493359167,0.3664037525219825,0.34474418594420536
ENC00456,v5,0.29058587273007713,0.346235568965635,0.36317855717125025
ENC00457,v5,0.3026673984632157,0.3513514251824011,0.3459811747858399
ENC00459,v5,0.22807222416526393,0.4103990598728782,0.3615287172166925
ENC00461,v5,0.2528906045323711,0.3300404201372195,0.4170689764669386
ENC00462,v5,0.2131341727283912,0.3754088042107055,0.4114570202139335
ENC00444,v5,0.19507456797620523,0.38133069037095363,0.42359474003314973
ENC00449,v5,0.38152945918195386,0.25218971022496034,0.3662808281826038
ENC00451,v5,0.24697213924449424,0.4049566956317943,0.34807116389274595
ENC00453,v5,0.28885206493359167,0.3664037525219825,0.34474418594420536
ENC00456,v5,0.28068632893692486,0.3639176043028804,0.35539606744530555
ENC00457,v5,0.29157103653307315,0.3846286905032617,0.32380027333159506
ENC00459,v5,0.22807222416526393,0.4103990598728782,0.3615287172166925
ENC00461,v5,0.1881051623395511,0.44469720891543796,0.3671976298093796
ENC00462,v5,0.2131341727283912,0.3754088042107055,0.4114570202139335
ENC00463,v5,0.3807902736334853,0.23004229634470952,0.38916742842379815
ENC00464,v5,0.1393025167085029,0.4389582903602639,0.4217391955490048
ENC00465,v5,0.17793071959341797,0.4713911973984442,0.35067808084955837
ENC00469,v5,0.20543035450908873,0.4452665881978141,0.3493030644125409
ENC00471,v5,0.223840256744907,0.4014108913285392,0.3747488586675553
ENC00474,v5,0.13893760168063107,0.4635242906524174,0.3975381073889448
ENC00475,v5,0.23807804843532704,0.38497886230525014,0.37694308746640925
ENC00477,v5,0.17680509090423585,0.4224842457544236,0.40071066163835073
ENC00478,v5,0.25652671569869634,0.40579658874443597,0.33767669527303606
ENC00479,v5,0.26569411124306164,0.3480930146814763,0.3862128821255147
ENC00482,v5,0.3078533056683428,0.32247166810777245,0.36967502182393563
ENC00489,v5,0.2691654973150639,0.37298057605041546,0.3578539246253753
ENC00490,v5,0.1067939093483128,0.41949305900438566,0.47371303882655197
ENC00492,v5,0.23573972845077515,0.3372702996730804,0.4269899662733078
ENC00511,v5,0.23028331806785182,0.38162686369921034,0.3880898196446268
ENC00513,v5,0.27199223928335237,0.34157878687468973,0.38642897681007543
ENC00519,v5,0.24175357122287572,0.4348239968313235,0.32342243124948483
ENC00524,v5,0.2963466964928167,0.3658224613671856,0.33783084912491695
ENC00529,v5,0.2997921865473511,0.356082720501769,0.34412509106820627
ENC00538,v5,0.29483138358592986,0.2994760105907917,0.4056926052570343
ENC00543,v5,0.2410585362220479,0.4232248534387517,0.3357166025404618
ENC00548,v5,0.317204882701238,0.22880925672749677,0.45398586230319843
ENC00550,v5,0.26982476628652896,0.3512813240879833,0.378893906822299
ENC00559,v5,0.3162365550534767,0.32177478382200525,0.36198866262770535
ENC00562,v5,0.3330661765500611,0.33518276089692817,0.33175106594959897
ENC00563,v5,0.17415431773378737,0.43742208438260216,0.38842360533419107
ENC00571,v5,0.20609202434163576,0.4370978294162575,0.35681015034334373
ENC00573,v5,0.25018406653677233,0.39048792035070085,0.35932800879005256
ENC00575,v5,0.3575861919319855,0.2983664102711768,0.3440473993431847
ENC00577,v5,0.1919372367680582,0.4361511994885583,0.3719115612598566
ENC00580,v5,0.2704115823588588,0.33241246532310137,0.39717595211484213
ENC00581,v5,0.23628735585399896,0.4019133989229675,0.36179924368365735
ENC00587,v5,0.23568400828926653,0.38681031040571356,0.37750567815921926
ENC00590,v5,0.2821933671832085,0.37374340325593947,0.34406322702765463
ENC00591,v5,0.14864162501433623,0.29438234233985777,0.5569760380447775
ENC00592,v5,0.3883593369367694,0.21991042260172938,0.3917302467113684
ENC00596,v5,0.2620038523696936,0.32377605696137135,0.41422008539621646
ENC00598,v5,0.26066730176510455,0.3606514585565548,0.37868124104681467
ENC00600,v5,0.09431259953013556,0.4043770925853196,0.501310317183104
ENC00606,v5,0.3034853490262196,0.32651808714044506,0.3699965661969678
ENC00608,v5,0.32076591476798055,0.29906359780579805,0.38017048438390094
ENC00620,v5,0.23659273330122232,0.36723636859096587,0.39617089775856584
ENC00631,v5,0.3132210451093587,0.3131051484834064,0.3736738095229322
ENC00637,v5,0.09211388064755334,0.4469014150209916,0.46098470942586917
ENC00640,v5,0.15704472787395307,0.3897900822796399,0.4531651967311207
ENC00643,v5,0.15937424092130228,0.4821809805929661,0.3584447744217786
ENC00657,v5,0.20856104945497853,0.36312119531046066,0.4283177549285548
ENC00661,v5,0.22218792289495468,0.4252135399580002,0.35259853982925415
ENC00665,v5,0.23738106221750083,0.33321693699979626,0.4294020027316959
ENC00667,v5,0.37102151041229564,0.2739515987253099,0.35502689026973466
ENC00671,v5,0.1281167988636298,0.38215280149597675,0.48973040329292417
ENC00694,v5,0.2244206098218759,0.41783719940318004,0.35774219118886524
ENC00696,v5,0.24430013147573318,0.4014045415265906,0.3542953239333245
ENC00697,v5,0.14939268724469656,0.43099401095944845,0.4196133017539978
ENC00711,v5,0.22444615324041736,0.3765849341541084,0.3989689096586028
ENC00717,v5,0.11878275314674658,0.37793503736748413,0.5032822135616751
ENC00720,v5,0.2708412806603534,0.3675528431603731,0.36160587254634574
ENC00721,v5,0.14963803073447762,0.378536698192057,0.4718252673293605
ENC00727,v5,0.3074450948106961,0.29983814970010847,0.3927167546092056
ENC00729,v5,0.28857657404578463,0.41104911898775975,0.3003743129725359
ENC00730,v5,0.18777280073356992,0.4583245943520815,0.3539025982600132
ENC00734,v5,0.16685362377789167,0.42499691531457734,0.4081494544459655
ENC00744,v5,0.195728120006,0.42229691660031676,0.3819749605221053
ENC00747,v5,0.261268068028956,0.3615896599937458,0.3771422706088241
ENC00748,v5,0.2140822762271741,0.35148091978960105,0.434436807890872
ENC00749,v5,0.2670877823720173,0.3535009472041714,0.37941126920739
ENC00752,v5,0.13797949387327485,0.4917111611884573,0.37030934471151106
ENC00753,v5,0.10400141593306622,0.4273347857784718,0.46866379028305094
ENC00757,v5,0.15425271766944829,0.3466260771975558,0.49912120045250297
ENC00759,v5,0.3036244482386346,0.34218537197539617,0.3541901809912102
ENC00762,v5,0.188747168114089,0.2981558977579228,0.5130969328109665
ENC00765,v5,0.14953724961643192,0.3798144417391582,0.47064830447462475
ENC00771,v5,0.262245910656121,0.38465827275757436,0.35309581375784344
ENC00772,v5,0.31911586896806465,0.2509371981513305,0.4299469309263542
ENC00778,v5,0.19015463500046262,0.4487726283716221,0.36107273852708294
ENC00787,v5,0.07899716312570845,0.4540968226679301,0.4669060132513612
ENC00788,v5,0.27146731317043304,0.33837347667206796,0.3901592104842788
ENC00792,v5,0.11801226275724054,0.33233346306894085,0.54965427436746
ENC00797,v5,0.1299951439041917,0.4119672598998721,0.45803758701900155
ENC00801,v5,0.0,0.46563975995077805,0.5343602402683567
ENC00802,v5,0.280447598001579,0.36226301876510064,0.3572893871403322
ENC00807,v5,0.0,0.5300337456375639,0.4699662515771723
ENC00808,v5,0.26783639369975953,0.37085887434936704,0.3613047408206122
ENC00812,v5,0.12413375040770863,0.34502909059147185,0.5308371580761971
ENC00813,v5,0.21323428465984762,0.3808374085153143,0.4059283005384107
ENC00815,v5,0.19627981671753028,0.38990625956406194,0.41381392627954483
ENC00830,v5,0.1885068008069242,0.39556148497576127,0.4159317175658901
ENC00832,v5,0.0,0.5070160007666028,0.4929840025447664
ENC00838,v5,0.24603289872715153,0.4104864500539819,0.34348065613471357
ENC00845,v5,0.18883803426179774,0.4094069880801578,0.40175497358621554
ENC00848,v5,0.26349711135543624,0.36380206168383017,0.3727008253335953
ENC00849,v5,0.25184031466350837,0.2937613409743005,0.45439834118473765
ENC00002,v6,0.40759101908677703,0.16095578980151634,0.43145319221505696
ENC00003,v6,0.4594964592175169,0.1485343433527665,0.39196919985524903
ENC00004,v6,0.30635759310014005,0.18489703299378715,0.5087453723673659
ENC00006,v6,0.34803949081235463,0.20553918002794186,0.44642132802142037
ENC00007,v6,0.32893299249706753,0.1871230359408696,0.4839439744212825
ENC00008,v6,0.413013042731488,0.12962344374428403,0.4573635164727556
ENC00013,v6,0.34126837021774714,0.18927688495152525,0.4694547474384308
ENC00014,v6,0.11816094590891042,0.26688004476872423,0.6149590092121496
ENC00017,v6,0.2967039423293612,0.22246178143312423,0.4808342758189426
ENC00022,v6,0.43811231255531313,0.12827865487973517,0.4336090307682753
ENC00023,v6,0.3130105951105256,0.1922426060829536,0.49474679651748704
ENC00024,v6,0.14549560198380102,0.2247483739809644,0.6297560205382685
ENC00031,v6,0.3041402547810208,0.1657933565922341,0.5300663826774009
ENC00034,v6,0.4305540317598778,0.15523114566443652,0.4142148194811012
ENC00043,v6,0.16009165089167848,0.1926747534463075,0.6472335932922613
ENC00052,v6,0.3318914476805513,0.20733364629295636,0.4607749093066221
ENC00063,v6,0.31555235453131725,0.2028291592510735,0.4816184798391854
ENC00064,v6,0.26465671693994886,0.190643336694865,0.544699946471623
ENC00065,v6,0.33241293466878385,0.16909648851438794,0.49849057724734525
ENC00067,v6,0.3918818179427124,0.1653061684675333,0.4428120127538355
ENC00080,v6,0.435266294699406,0.15210640060532593,0.4126273037813534
ENC00081,v6,0.2431671754749501,0.18743894389574078,0.5693938820690349
ENC00084,v6,0.3635838695245082,0.15341285008458452,0.4830032786843497
ENC00088,v6,0.46676905543426983,0.11597252303545247,0.4172584190382622
ENC00089,v6,0.4301449360458979,0.13215517572825775,0.437699888566775
ENC00090,v6,0.44557521532988176,0.10590983074507676,0.44851495302282274
ENC00096,v6,0.44490968133322895,0.12184624485234963,0.43324407539330423
ENC00098,v6,0.35039967435945585,0.21430391531654644,0.43529640673433695
ENC00103,v6,0.1475128585655914,0.18732477345152712,0.6651623656393074
ENC00106,v6,0.17006131181835957,0.21512689624495548,0.6148117890303162
ENC00111,v6,0.3134592199779075,0.21712300401396942,0.46941777448291366
ENC00113,v6,0.0,0.2887868085233247,0.7112131900096361
ENC00121,v6,0.320286528560622,0.15543540694815075,0.5242780640978237
ENC00125,v6,0.3857523714570694,0.1547572266599631,0.45949040149172693
ENC00128,v6,0.45499888488224577,0.1439279760258696,0.4010731376825817
ENC00130,v6,0.4481127520557493,0.13385566422584816,0.41803157958202064
ENC00133,v6,0.3896374325559009,0.12988783453329233,0.4804747350863181
ENC00143,v6,0.31204070450268057,0.19097677096028196,0.49698252189103687
ENC00149,v6,0.46131251401339585,0.14089500234919028,0.39779248203222567
ENC00151,v6,0.0,0.3257625792968146,0.6742374194746322
ENC00159,v6,0.1595165475664544,0.1370920411136467,0.7033914125640877
ENC00162,v6,0.33246945079467066,0.19084802650119345,0.47668252446471826
ENC00164,v6,0.12977345771898474,0.19488467464251868,0.6753418679316032
ENC00167,v6,0.18221088639506094,0.23218573526954733,0.5856033763685426
ENC00170,v6,0.327595014027588,0.15394234096543638,0.518462644353587
ENC00171,v6,0.4505521710136254,0.14397521176618602,0.40547261728441775
ENC00173,v6,0.36548770033808614,0.19721419096150727,0.4372981085033013
ENC00188,v6,0.22385621395322583,0.24287312829326238,0.5332706612685034
ENC00191,v6,0.4309048682276966,0.16242538821714664,0.4066697444483551
ENC00192,v6,0.36581295052446033,0.24286676756289588,0.3913202820772148
ENC00193,v6,0.18331081137337066,0.21592056026889217,0.6007686290476058
ENC00202,v6,0.46563782669123144,0.13672242733845186,0.397639746086732
ENC00208,v6,0.15833722098392222,0.23446002564154933,0.6072027515536467
ENC00209,v6,0.35175853828268666,0.20064875571237456,0.4475927080838911
ENC00210,v6,0.31530710631380965,0.2196649239688623,0.4650279725672769
ENC00214,v6,0.0,0.3756098260378672,0.6243901746347547
ENC00217,v6,0.25259730578905126,0.1974087362682604,0.5499939580997789
ENC00237,v6,0.4842535965144634,0.10965588473482057,0.40609052043873817
ENC00238,v6,0.38480257645982213,0.15217160972985413,0.463025812324279
ENC00250,v6,0.29685316042553994,0.248001960929363,0.4551448820098754
ENC00255,v6,0.25411936646470656,0.26497403093828603,0.4809065995308069
ENC00256,v6,0.3766367426940373,0.20724281185439655,0.4161204468352454
ENC00259,v6,0.46010807823028244,0.12596541133862507,0.41392650848199547
ENC00260,v6,0.3957982757308865,0.1698743019932212,0.4343274255483849
ENC00263,v6,0.13127968033420384,0.2577974746122181,0.6109228396002268
ENC00264,v6,0.33416326363881427,0.22894480374124315,0.43689193175898655
ENC00267,v6,0.2764172208580104,0.19155799439459137,0.5320247877727855
ENC00270,v6,0.4535602673422545,0.0888146995457646,0.4576250351383351
ENC00271,v6,0.31116386681147246,0.18689716072834056,0.5019389727031407
ENC00272,v6,0.24030976941429297,0.18964189875111417,0.5700483262828253
ENC00275,v6,0.17072370821973804,0.20797079543654734,0.6213054984102587
ENC00289,v6,0.25708735331984384,0.23374024872308127,0.5091723958773116
ENC00291,v6,0.36533617359236814,0.13718720988254063,0.49747662054141983
ENC00292,v6,0.2815360443113239,0.1651943390019955,0.5532696196598986
ENC00294,v6,0.48367694503394887,0.11897748261981178,0.39734556851908565
ENC00296,v6,0.35134287614647935,0.14859187098719726,0.500065251094539
ENC00298,v6,0.33507895148267935,0.19990692338814922,0.46501412140388115
ENC00304,v6,0.44070044229738414,0.16630270420137094,0.39299685187870637
ENC00306,v6,0.3076935884143625,0.22435037927194076,0.46795602781432016
ENC00310,v6,0.3104409294291621,0.18641576144312108,0.5031433059937425
ENC00319,v6,0.34001513132277655,0.19830483220079365,0.4616800372214878
ENC00323,v6,0.38695361305825154,0.14257429212109365,0.47047209309701304
ENC00326,v6,0.27066354778937146,0.2388970132775699,0.4904394394989255
ENC00327,v6,0.2921190202236176,0.19606769504872235,0.5118132843212648
ENC00329,v6,0.3669235173885415,0.18748874994131123,0.4455877345327924
ENC00330,v6,0.35359138165422055,0.15742824175467454,0.488980378434448
ENC00336,v6,0.3495627170631671,0.16146306984868095,0.4889742158600504
ENC00337,v6,0.28725915788167933,0.18772464318492685,0.5250162008297012
ENC00341,v6,0.2616618448442005,0.2018397064228733,0.5364984454340246
ENC00344,v6,0.4144436124479398,0.17975510509859305,0.4058012872701511
ENC00349,v6,0.1902063486815402,0.24751426773992452,0.5622793871344942
ENC00358,v6,0.0,0.315705866801242,0.6842941354546282
ENC00359,v6,0.34821796399174315,0.1764026120643724,0.4753794213136037
ENC00360,v6,0.35903771930789374,0.18302921237177158,0.4579330669289612
ENC00362,v6,0.1013187247049895,0.23612813250760414,0.6625531445523458
ENC00368,v6,0.3236527118333586,0.1933938394757403,0.4829534459265934
ENC00372,v6,0.19951254821609002,0.23021015776573,0.5702772968121477
ENC00376,v6,0.21666665659345027,0.21389916318739893,0.5694341765174383
ENC00381,v6,0.29550909487430205,0.18853291955045953,0.5159579873263479
ENC00382,v6,0.3391959742483697,0.16930780187249184,0.4914962218524261
ENC00386,v6,0.30903794341746654,0.17809759340555975,0.5128644625734351
ENC00389,v6,0.248415316736851,0.17178885226066296,0.5797958260927445
ENC00390,v6,0.3092285951204372,0.1759275616043144,0.5148438449309329
ENC00392,v6,0.40044476188237393,0.1854293081835283,0.4141259272745
ENC00393,v6,0.3100500408726842,0.2045076013223004,0.48544235861123497
ENC00402,v6,0.32404755187939993,0.1841839211933975,0.491768531406982
ENC00403,v6,0.424289489913847,0.15014470582731912,0.42556580547819434
ENC00405,v6,0.3064027152351431,0.1771192756657665,0.5164780095622347
ENC00413,v6,0.3185028660146496,0.1954412236220286,0.48605591096455536
ENC00414,v6,0.3722915280152831,0.1692678864285546,0.45844058705526486
ENC00418,v6,0.31023140547014555,0.18759803271152564,0.502170559129066
ENC00419,v6,0.27700727252085083,0.2287701859079689,0.4942225373721536
ENC00424,v6,0.43739268734704617,0.1282313733773176,0.434375940852387
ENC00428,v6,0.1952460593461585,0.24329022422027427,0.5614637114158293
ENC00432,v6,0.42560437540797624,0.16001661817597992,0.4143790041699129
ENC00433,v6,0.30774773776647635,0.18735663432744332,0.5048956270911731
ENC00435,v6,0.0,0.33353894105651877,0.6664610591891048
ENC00436,v6,0.27229452056103737,0.19837417836333143,0.5293313026428222
ENC00441,v6,0.4254578785275534,0.18429754901900544,0.39024457198134216
ENC00443,v6,0.16141576061636442,0.15459479769924656,0.6839894407894462
ENC00444,v6,0.2917783467782487,0.22495768053068532,0.4832639712438309
ENC00451,v6,0.355804077770612,0.1965961687726109,0.44759975394157514
ENC00453,v6,0.3957217969556353,0.19048640093956123,0.4137918011317799
ENC00456,v6,0.38576474934234284,0.21874836825372768,0.39548688259674236
ENC00457,v6,0.45344221353298053,0.142163661239465,0.4043941251002252
ENC00459,v6,0.3380803162120079,0.19784348608691835,0.4640762014467208
ENC00461,v6,0.3377322674733806,0.1352977401513548,0.526969996110307
ENC00444,v6,0.2917783467782487,0.22495768053068532,0.4832639712438309
ENC00449,v6,0.46173319267109036,0.12833926815073937,0.40992753847967833
ENC00451,v6,0.355804077770612,0.1965961687726109,0.44759975394157514
ENC00453,v6,0.3957217969556353,0.19048640093956123,0.4137918011317799
ENC00456,v6,0.38576474934234284,0.21874836825372768,0.39548688259674236
ENC00457,v6,0.45344221353298053,0.142163661239465,0.4043941251002252
ENC00459,v6,0.3380803162120079,0.19784348608691835,0.4640762014467208
ENC00461,v6,0.3377322674733806,0.1352977401513548,0.526969996110307
ENC00462,v6,0.28556234276777986,0.1988388345148918,0.5155988220427488
ENC00463,v6,0.4683742201013956,0.1310214375716896,0.4006043433328159
ENC00464,v6,0.22097115751614074,0.2701964995796137,0.5088323394555857
ENC00465,v6,0.29969843994168677,0.21951100702452309,0.48079055635368123
ENC00469,v6,0.2906512100223108,0.2094867207796861,0.4998620646008363
ENC00471,v6,0.36970813844133826,0.17151761679526636,0.4587742449021807
ENC00474,v6,0.23729636631726067,0.2274007263822832,0.5353029024053887
ENC00475,v6,0.3752220763036838,0.17657618826398483,0.44820173466816926
ENC00477,v6,0.26765069121307733,0.19916458691706498,0.5331847147222911
ENC00478,v6,0.41323329213306986,0.16799309502738685,0.4187736101259435
ENC00479,v6,0.32840704992738873,0.16152419051049707,0.5100687599728722
ENC00482,v6,0.41596757811380597,0.16696935722876977,0.4170630686893696
ENC00489,v6,0.3868452449608001,0.18446895866921753,0.4286857976275644
ENC00490,v6,0.2042561155816395,0.20793243461918687,0.5878114493307239
ENC00492,v6,0.3225274178556409,0.167153038913261,0.5103195461276344
ENC00511,v6,0.357666620460456,0.17984814271553903,0.462485240069692
ENC00513,v6,0.3493032064949367,0.22073426248228295,0.42996253083783686
ENC00519,v6,0.42941159484061325,0.15496415171814573,0.41562425675378606
ENC00524,v6,0.4284293493987378,0.18076009537381027,0.3908105590892712
ENC00529,v6,0.39930908216370475,0.16040276363492012,0.44028815159187223
ENC00538,v6,0.404093759648639,0.17705514552814464,0.41885109181784413
ENC00543,v6,0.37173604102909263,0.17793238234852776,0.45033157499611076
ENC00548,v6,0.30545790644386145,0.20160331077213528,0.4929387738244443
ENC00550,v6,0.4051944431848824,0.19216397985292133,0.40264157846104354
ENC00559,v6,0.4209774789293255,0.17581502798186466,0.4032074883580208
ENC00562,v6,0.4448283805170251,0.15793504560338192,0.3972365733367115
ENC00563,v6,0.2796164141499508,0.190382841680395,0.5300007471215655
ENC00571,v6,0.341415714572139,0.17478599866483618,0.4837982866534575
ENC00573,v6,0.4353232387304306,0.140381790779531,0.4242949687838554
ENC00575,v6,0.4562697434531791,0.1401329022524546,0.4035973594124828
ENC00577,v6,0.3660164207489376,0.1896815819284284,0.44430199983608293
ENC00580,v6,0.37473353673921567,0.13618247674899958,0.4890839883657259
ENC00581,v6,0.38842906686477363,0.1337723075703252,0.47779861936578527
ENC00587,v6,0.3715251295018922,0.1940144256873028,0.43446045183590826
ENC00590,v6,0.43102358526144274,0.15816501589635243,0.4108114020182536
ENC00591,v6,0.2244463099264785,0.22214551321475914,0.5534081768832708
ENC00592,v6,0.41774988799824,0.14521744186203406,0.43703266993705475
ENC00596,v6,0.30477343446442057,0.2028541911878631,0.4923723722581102
ENC00598,v6,0.4464777263998985,0.1519115843810141,0.401610689163208
ENC00600,v6,0.12564489988391625,0.2322174912974155,0.6421376063004552
ENC00606,v6,0.43669217935314886,0.14169546628922777,0.4216123518568498
ENC00608,v6,0.41610323016842204,0.16260340642184018,0.4212933695150746
ENC00620,v6,0.32523767129168846,0.16841616487363353,0.5063461675890721
ENC00631,v6,0.3905819618375972,0.12170567725115689,0.4877123606274836
ENC00637,v6,0.16468887574970723,0.24280563143392403,0.592505488495032
ENC00640,v6,0.18614114933519912,0.23551457946141846,0.5783442711229805
ENC00643,v6,0.2683253427967429,0.23544931701487964,0.49622534391366774
ENC00657,v6,0.33174220309024904,0.1865714457249496,0.481686353229168
ENC00661,v6,0.4036072328550006,0.15746335852720322,0.4389294080367876
ENC00665,v6,0.3330035569146276,0.177619012654759,0.4893774311989546
ENC00667,v6,0.4149852986611314,0.16124191810025942,0.42377278957534675
ENC00671,v6,0.14737193186122638,0.23096781792357945,0.6216602495465523
ENC00694,v6,0.30555525974315756,0.19622502512134174,0.49821971015018574
ENC00696,v6,0.3229012305976129,0.21583587486369937,0.46126289439259793
ENC00697,v6,0.27211933412583045,0.20304163969030567,0.52483902394382
ENC00711,v6,0.36522004430970323,0.1640725193115381,0.4707074357339969
ENC00717,v6,0.13838263953559446,0.2131747268790076,0.6484426311108955
ENC00720,v6,0.4166373357558862,0.1703051123003929,0.41305755705405506
ENC00721,v6,0.15860824610246588,0.1784110700740561,0.6629806884366614
ENC00727,v6,0.4212478694971651,0.1369304129802913,0.44182171707507223
ENC00729,v6,0.4565375375469731,0.15468530916642648,0.3887771541744934
ENC00730,v6,0.30233539776742785,0.2599848050274243,0.437679799716117
ENC00734,v6,0.2714624991261862,0.26831594385146124,0.4602215572343609
ENC00744,v6,0.2905667348794879,0.19823375746097055,0.5111995087636094
ENC00747,v6,0.3675222017747514,0.173042681648889,0.4594351146151038
ENC00748,v6,0.29197481981454754,0.1921509732850469,0.5158742047273196
ENC00749,v6,0.3664101323818568,0.19351266039917187,0.44007720747349427
ENC00752,v6,0.26543684899806974,0.21457450860845192,0.5199886449745723
ENC00753,v6,0.16740219820132282,0.19678826184269596,0.6358095358343835
ENC00757,v6,0.19591882494078275,0.21922543386648768,0.5848557381359346
ENC00759,v6,0.39812417964306834,0.12886912907204867,0.47300669002233686
ENC00762,v6,0.2018149651254818,0.2183685459576215,0.5798164884186094
ENC00765,v6,0.19858488844747238,0.23174472700091117,0.5696703831777505
ENC00771,v6,0.3700303729108679,0.16511616710482574,0.4648534586516822
ENC00772,v6,0.44673688164246933,0.14851593920528622,0.4047471763166998
ENC00778,v6,0.32702429194762866,0.18546891262194196,0.48750679534905167
ENC00787,v6,0.15577912286627948,0.27676219038489297,0.5674586867488275
ENC00788,v6,0.3548587295201307,0.16670564176321356,0.4784356227826551
ENC00792,v6,0.16835772110501193,0.18122317473734578,0.650419101668393
ENC00797,v6,0.13653316687047481,0.18789958222210407,0.675567249417305
ENC00801,v6,0.0,0.3466024442630656,0.6533975566865182
ENC00802,v6,0.3474540731095406,0.18488867559571223,0.4676572517996811
ENC00807,v6,0.0,0.31374476082344477,0.6862552435459378
ENC00808,v6,0.4243506752714819,0.1599433457155769,0.4157059790224445
ENC00812,v6,0.1679815962926779,0.1872185365300932,0.6447998667176151
ENC00813,v6,0.3058704927939327,0.2361376079879388,0.45799190281819896
ENC00815,v6,0.2613884418198232,0.22156537529290393,0.5170461815059855
ENC00830,v6,0.29245839404085505,0.16683347184712496,0.5407081353836335
ENC00832,v6,0.0,0.3156980446074158,0.6843019574104497
ENC00838,v6,0.4033130794414319,0.17968808082514443,0.4169988375506364
ENC00845,v6,0.26184037030657376,0.2703460159660117,0.46781361834403196
ENC00848,v6,0.3798806182108819,0.16988414274528624,0.4502352366223931
ENC00849,v6,0.30281874760398714,0.22971292307937707,0.4674683285979774
ENC00002,v7,0.3547790116071701,0.2344740066230297,0.41074698197841647
ENC00003,v7,0.3513280227027758,0.3441021198576147,0.30456985924581087
ENC00004,v7,0.17746529153595536,0.4142208562816604,0.408313853255773
ENC00006,v7,0.2333697353800138,0.40429243896946765,0.3623378210597568
ENC00007,v7,0.31984043182785976,0.27419120330632346,0.4059683651346521
ENC00008,v7,0.32817314274899373,0.2842682330300669,0.3875586200844158
ENC00013,v7,0.29725735679916715,0.247520107322413,0.4552225377248681
ENC00014,v7,0.060861206183639854,0.49204498815994996,0.44709380727547865
ENC00017,v7,0.24712681935261224,0.3402601513471312,0.4126130328833602
ENC00022,v7,0.2673927805328791,0.39294617840674073,0.3396610450164407
ENC00023,v7,0.21444244971688914,0.3330076285162751,0.4525499217161516
ENC00024,v7,0.07344216056168079,0.4270569909363985,0.49950084611773493
ENC00031,v7,0.2835715721234863,0.33717523427841106,0.37925319796727025
ENC00034,v7,0.3780360533297062,0.26951198184862735,0.3524519674479961
ENC00043,v7,0.11497230466920882,0.3502588430419564,0.5347688521391579
ENC00052,v7,0.2716107451253467,0.3198301179541482,0.40855914023187423
ENC00063,v7,0.18430524724986283,0.3800840265448055,0.43561072527400907
ENC00064,v7,0.23640515988297534,0.324751455111034,0.4388433832562331
ENC00065,v7,0.22513780257570634,0.41475126352332053,0.36011093759208646
ENC00067,v7,0.2556744538571524,0.3712001195906297,0.3731254278479711
ENC00080,v7,0.2994855268015748,0.37937565467187334,0.3211388158656302
ENC00081,v7,0.16959463822699727,0.3943041245852198,0.4361012346687771
ENC00084,v7,0.28030855022370815,0.3394897695009907,0.380201680585742
ENC00088,v7,0.28544501598598887,0.3534812420172599,0.36107374177974405
ENC00089,v7,0.3815376504109456,0.25059114069892807,0.3678712118130464
ENC00090,v7,0.34645263606618193,0.2802772736979713,0.37327009092631014
ENC00096,v7,0.33444636480675805,0.3175846559424249,0.34796898705618723
ENC00098,v7,0.2785881992156913,0.321710756775446,0.39970104378171084
ENC00103,v7,0.11678320513564651,0.36545692636805066,0.5177598667599387
ENC00106,v7,0.09703514562411741,0.4751586055213755,0.42780624573880977
ENC00111,v7,0.18354200171988186,0.41777570890944177,0.3986822913090388
ENC00113,v7,0.0,0.5306360663473606,0.4693639339506626
ENC00121,v7,0.17261456855671192,0.4530053464620094,0.37438008940316797
ENC00125,v7,0.27261667683206753,0.3497481410359514,0.37763518002526514
ENC00128,v7,0.31827986691523036,0.35612447354771676,0.3255956615876714
ENC00130,v7,0.24070534765206533,0.3636995258516279,0.39559512611093195
ENC00133,v7,0.3237251143987852,0.23886845139999882,0.43740643720135436
ENC00143,v7,0.2554535045637749,0.3514128460083157,0.3931336480891332
ENC00149,v7,0.2947963575114969,0.3578812852501869,0.3473223584597228
ENC00151,v7,0.0,0.5373572266402364,0.4626427733597635
ENC00159,v7,0.14017164081970387,0.29936798246100893,0.5604603769936303
ENC00162,v7,0.21100399213341567,0.41497848068292326,0.3740175339178397
ENC00164,v7,0.1355338217387718,0.31059753555592484,0.5538686454538407
ENC00167,v7,0.10783660822661123,0.3914702949679901,0.5006930972928199
ENC00170,v7,0.2997289112907775,0.25728858024516005,0.4429825027572348
ENC00171,v7,0.2856841515941718,0.3831292959986274,0.3311865549419344
ENC00173,v7,0.31542038558809843,0.2911632979909579,0.39341632160875534
ENC00188,v7,0.18385138066651502,0.30681599204493043,0.509332623959768
ENC00191,v7,0.29518912205126435,0.32103440818269696,0.3837764678539428
ENC00192,v7,0.2827820140524071,0.3951539561277678,0.32206402994504496
ENC00193,v7,0.10133012813573654,0.435174611817419,0.4634952619012478
ENC00202,v7,0.3935958371059784,0.23816733999757578,0.36823682417932724
ENC00209,v7,0.299551126883202,0.2753407159032895,0.42510815763596405
ENC00210,v7,0.2804710879704378,0.30689919522426423,0.41262971256336156
ENC00214,v7,0.0,0.5054658994454295,0.4945341044363855
ENC00217,v7,0.1876963695925143,0.3213529992434714,0.49095063101914194
ENC00237,v7,0.3380271391868591,0.30072685873508453,0.3612460057735443
ENC00238,v7,0.31623853121168355,0.27452888005713294,0.4092325905630411
ENC00250,v7,0.18149162495606824,0.4162856016896273,0.40222276681870744
ENC00255,v7,0.17842712052166462,0.35785659730434416,0.4637162818014622
ENC00256,v7,0.2410822710148374,0.4131578246229573,0.34575990458628286
ENC00259,v7,0.4522319383232306,0.2106182985536173,0.3371497628325266
ENC00260,v7,0.25256607566888517,0.39184930368971366,0.3555846195667982
ENC00263,v7,0.13964647939428687,0.39309528699288,0.46725823687246215
ENC00264,v7,0.2406049836111271,0.39668203902951743,0.36271297615968573
ENC00267,v7,0.15018136583853,0.42277103779362696,0.42704759625827565
ENC00270,v7,0.2368918110926946,0.42322958460571164,0.33987859961314076
ENC00271,v7,0.1834034581414678,0.42942790998653935,0.3871686339378357
ENC00272,v7,0.2508041196973017,0.315042553045372,0.4341533305031238
ENC00275,v7,0.15454157741645175,0.2890520896354731,0.5564063343688519
ENC00289,v7,0.14913805249940465,0.41820128655268085,0.43266065998209846
ENC00291,v7,0.3243700292110443,0.2447277285158634,0.43090224409103395
ENC00292,v7,0.2298464811313043,0.3084636058555831,0.4616899106207244
ENC00294,v7,0.4028418689004837,0.251216930687748,0.34594119973080134
ENC00296,v7,0.29290266901764095,0.29300312551423013,0.4140942057228496
ENC00298,v7,0.24409552448325686,0.30980154121363607,0.4461029313228749
ENC00304,v7,0.26792173047323486,0.4160306746190464,0.31604759898540136
ENC00306,v7,0.21283615324646235,0.4402724910527468,0.34689135625958445
ENC00310,v7,0.2472024642291569,0.32570695258196325,0.4270905794635896
ENC00319,v7,0.26935859265235756,0.30964080129678434,0.4210006086872174
ENC00323,v7,0.3533478681571208,0.24875629911772335,0.3978958356265838
ENC00326,v7,0.2166808100703817,0.36058726777824074,0.42273192265285897
ENC00327,v7,0.2795144897380858,0.2604006483639015,0.4600848576039758
ENC00329,v7,0.27651413819856113,0.34842604867838045,0.3750598121572424
ENC00330,v7,0.26421718099327,0.290822286710695,0.44496053277894304
ENC00336,v7,0.2782479037701244,0.2956143191058031,0.42613777917035867
ENC00337,v7,0.19417482869965688,0.3356732114085129,0.47015195925320896
ENC00341,v7,0.19949962819616,0.3901779273269223,0.4103224448421422
ENC00344,v7,0.3505215420136376,0.25153131507061144,0.39794714378301427
ENC00349,v7,0.14468371592023793,0.4180334447061314,0.43728283889153424
ENC00358,v7,0.0,0.5027281048986101,0.4972718980201741
ENC00359,v7,0.28447310626506805,0.3248207144955597,0.3907061803458941
ENC00360,v7,0.3238483570870899,0.2680248722434044,0.4081267710242953
ENC00362,v7,0.08001962255524553,0.4289817988224652,0.4909985810518265
ENC00368,v7,0.2138719454066444,0.37992572016615905,0.40620233562156444
ENC00372,v7,0.11012323250629238,0.4593576258912529,0.4305191371858734
ENC00376,v7,0.183660840909732,0.32742672011648355,0.4889124331244251
ENC00381,v7,0.1969175668588529,0.4125399924814701,0.3905424408925076
ENC00382,v7,0.335699129443277,0.28759801702743226,0.37670285430821504
ENC00386,v7,0.2655432005317844,0.31177132903617255,0.4226854726368067
ENC00389,v7,0.17332943195734568,0.3243481412651093,0.5023224262929544
ENC00390,v7,0.2552934085467347,0.31982417566770754,0.42488241678586713
ENC00392,v7,0.27646049990185667,0.39853751779134783,0.3250019820407033
ENC00393,v7,0.29495116662446075,0.24745079659955288,0.45759803904750485
ENC00402,v7,0.22596805475652218,0.3854305164515972,0.38860142439603806
ENC00403,v7,0.28621925215621097,0.368885691349323,0.34489505847434065
ENC00405,v7,0.20900201300779978,0.4014775926868121,0.3895203925860234
ENC00413,v7,0.2597326603890569,0.3407836503314751,0.39948369686802226
ENC00414,v7,0.2766523712104367,0.3204243140675688,0.40292330791232406
ENC00418,v7,0.2616663972762498,0.35960803180933,0.37872557531703605
ENC00419,v7,0.22492503175753673,0.35474493269246954,0.42033003418500187
ENC00424,v7,0.34872080991423227,0.30983505395006355,0.34144413689287695
ENC00428,v7,0.11686458691422429,0.3824647420751197,0.500670671250139
ENC00432,v7,0.2876726099871155,0.3376595047967775,0.37466789042591153
ENC00433,v7,0.25666613699715646,0.3388482062298743,0.4044856559790549
ENC00435,v7,0.0,0.38090634601001433,0.6190936542290417
ENC00436,v7,0.2182486685073894,0.29517144178566723,0.4865798873745877
ENC00441,v7,0.25056323224355365,0.4331781277356069,0.3162586382351631
ENC00443,v7,0.08937290753488258,0.466402441904109,0.4442246503406955
ENC00444,v7,0.1786837173220904,0.3809176338755566,0.44039864954741104
ENC00451,v7,0.21232361189193197,0.4351814755135112,0.35249491085608803
ENC00453,v7,0.30263208304760886,0.34378088900788883,0.35358702379171963
ENC00457,v7,0.3096269718008841,0.35347416675733234,0.3368988584972427
ENC00459,v7,0.21868174787272107,0.4180259803479368,0.3632922713052143
ENC00461,v7,0.27387654167095216,0.29857509077050304,0.4275483666485502
ENC00462,v7,0.20276538307195183,0.3927631168575077,0.4044715023630268
ENC00444,v7,0.1786837173220904,0.3809176338755566,0.44039864954741104
ENC00449,v7,0.3094823635926768,0.3547721615358561,0.33574547574800606
ENC00451,v7,0.24300900707399942,0.39579850199019034,0.36119249196556524
ENC00453,v7,0.30263208304760886,0.34378088900788883,0.35358702379171963
ENC00457,v7,0.33228064115558353,0.3455715761805067,0.3221477834241731
ENC00459,v7,0.21868174787272107,0.4180259803479368,0.3632922713052143
ENC00461,v7,0.2424859495769287,0.35556775023197307,0.4019463003195565
ENC00462,v7,0.20276538307195183,0.3927631168575077,0.4044715023630268
ENC00463,v7,0.39006874275287523,0.26013615267388773,0.3497951024730734
ENC00464,v7,0.15595598334324695,0.4521725727854488,0.39187144369722526
ENC00465,v7,0.15282525649640413,0.5082543421108111,0.3389204057444513
ENC00469,v7,0.2374272286378104,0.34283121844817854,0.41974155358199416
ENC00471,v7,0.22530826192999642,0.39685270799294353,0.37783903321103446
ENC00474,v7,0.12741140685245103,0.5067071895681176,0.36588140883866477
ENC00475,v7,0.2540784260721376,0.34842213840805336,0.39749943718389813
ENC00477,v7,0.17932973699323063,0.42151231331558064,0.3991579467366482
ENC00478,v7,0.26664549550589395,0.3923765315729029,0.3409779779613018
ENC00479,v7,0.2785152922919456,0.331480135665612,0.3900045670093374
ENC00482,v7,0.28556296037453593,0.3480498231947422,0.3663872132698695
ENC00489,v7,0.27327918915116056,0.36782693520796544,0.35889386872247775
ENC00490,v7,0.11576076681094785,0.35103943511363,0.5331997983157635
ENC00492,v7,0.269338085606534,0.3357133949475904,0.39494852032712713
ENC00511,v7,0.2473094758267204,0.37031863555312156,0.38237188818554085
ENC00513,v7,0.25325671383949716,0.36074215364385775,0.3860011281460289
ENC00519,v7,0.2912257948647375,0.331107748869043,0.3776664529342829
ENC00524,v7,0.3362599066861971,0.32956581023030396,0.3341742796222056
ENC00529,v7,0.3390054636879971,0.31290452531293816,0.3480900144890735
ENC00538,v7,0.2889488477706909,0.3110577700436115,0.3999933798313141
ENC00543,v7,0.25450149979911935,0.3912995140843031,0.35419898624179746
ENC00548,v7,0.31945115984033007,0.22719951954866768,0.4533493211236569
ENC00550,v7,0.37017763030212536,0.24506532915134346,0.3847570378432232
ENC00559,v7,0.3230620444272504,0.29592073985347245,0.38101721622727136
ENC00562,v7,0.3479691842699995,0.3049266104503433,0.3471042053534253
ENC00563,v7,0.20040980720219492,0.3475854773105693,0.4520047151741861
ENC00571,v7,0.17872344135818347,0.4725014562128295,0.34877510389811556
ENC00573,v7,0.2549192135748656,0.38264155394357185,0.3624392298252686
ENC00575,v7,0.37110586349780744,0.278022024462111,0.3508721108619983
ENC00577,v7,0.21419010906104455,0.4137098199704237,0.3721000688117847
ENC00580,v7,0.2385744775533676,0.3506028493642807,0.41082266592979433
ENC00581,v7,0.2785085843515997,0.35535660398607494,0.3661348034604257
ENC00587,v7,0.2501322061784806,0.3605302843836046,0.38933751227394225
ENC00590,v7,0.34360494124407026,0.28393711057098614,0.3724579523409033
ENC00591,v7,0.1769861943729512,0.343240675939755,0.47977312721989374
ENC00592,v7,0.4198066317034464,0.15664951217761874,0.42354385456899657
ENC00596,v7,0.2846459941179664,0.2575079717017986,0.45784603500807725
ENC00598,v7,0.2648321689907895,0.36816681462318396,0.3670010181187197
ENC00600,v7,0.10169078552722931,0.3827610160112381,0.5155482001304627
ENC00606,v7,0.29057460530631,0.3676755604364218,0.3417498381628144
ENC00608,v7,0.31365325829936463,0.32451604089690644,0.36183069979102866
ENC00620,v7,0.2384835872799158,0.35940108460684617,0.40211533283193907
ENC00631,v7,0.2664790437198602,0.3468323898716615,0.3866885697039274
ENC00637,v7,0.09455680390414985,0.43270169159640437,0.472741506540257
ENC00640,v7,0.14334300026586913,0.32518672176356456,0.5314702764876837
ENC00643,v7,0.17805619099945352,0.45025140334639635,0.3716924021902837
ENC00657,v7,0.21929492723585955,0.3455364951002064,0.4351685776639341
ENC00661,v7,0.21519410326867036,0.44069582570186805,0.34411006746157796
ENC00665,v7,0.1960002506772677,0.415128658991307,0.38887107962121564
ENC00667,v7,0.2772979864052364,0.3897946264881354,0.3329073911184793
ENC00671,v7,0.13774909597295937,0.3990530781079047,0.4631978291096074
ENC00694,v7,0.24119553651850104,0.3665469130974705,0.39225755202568185
ENC00696,v7,0.24990864732535556,0.37738526426255703,0.3727060913806781
ENC00697,v7,0.1439497759193182,0.46089801475405695,0.3951522098481655
ENC00711,v7,0.19933957861618953,0.4258259987911662,0.3748344228611336
ENC00717,v7,0.1119592220056802,0.4204381642863154,0.4676026163622737
ENC00720,v7,0.2903429874868104,0.34271140379661863,0.3669456138529561
ENC00721,v7,0.122610209661783,0.32885521984830196,0.5485345729354287
ENC00727,v7,0.2731648098061404,0.35087344648800495,0.3759617400685633
ENC00729,v7,0.3608456124097873,0.2937106789750421,0.3454437072460468
ENC00730,v7,0.19437970976977453,0.43609607817917845,0.36952420916870565
ENC00734,v7,0.18293706663362272,0.40358346012922436,0.4134794715996627
ENC00744,v7,0.26182857055946723,0.3385585807263851,0.3996128502887549
ENC00747,v7,0.2612829701073708,0.3698151728478811,0.3689018600089576
ENC00748,v7,0.22257412437062998,0.34779211895970197,0.42963375391868447
ENC00749,v7,0.27742006023834037,0.37462136763465276,0.3479585744194932
ENC00752,v7,0.15653878915429914,0.3937377405146624,0.4497234690309371
ENC00753,v7,0.11978076829210571,0.34835992785899533,0.5318593071854633
ENC00757,v7,0.16405079067098322,0.334250139279498,0.5016990716534632
ENC00759,v7,0.33983774638694264,0.26120805500642114,0.398954197505246
ENC00762,v7,0.157671765362223,0.3993661743071344,0.44296205706066555
ENC00765,v7,0.14023910785570395,0.3948418342096861,0.4649190628944441
ENC00771,v7,0.26850435405708195,0.37390650357854993,0.3575891466778621
ENC00772,v7,0.3141523084191025,0.32423228544534227,0.3616154112043928
ENC00778,v7,0.1787810223734277,0.449551672125474,0.37166730537373793
ENC00787,v7,0.08185630208371501,0.4632798122209415,0.4548638883912772
ENC00788,v7,0.2630501948297024,0.3645039224350939,0.3724458806064664
ENC00792,v7,0.11497620480084741,0.3514169879056312,0.5336068080889212
ENC00797,v7,0.10238384024705738,0.4397930088452995,0.45782315265387297
ENC00801,v7,0.0,0.4650277724258261,0.5349722277689604
ENC00802,v7,0.24274673207540703,0.36786065483936153,0.38939261857909385
ENC00807,v7,0.0,0.5089859787236761,0.4910140212763239
ENC00808,v7,0.3312112889042846,0.31917099996998505,0.34961771334076786
ENC00812,v7,0.11386820885743346,0.392060287116516,0.4940715086075567
ENC00813,v7,0.23504934048368817,0.36738127356483824,0.39756938857691626
ENC00815,v7,0.2142925734833344,0.3329381291399297,0.4527692928449395
ENC00830,v7,0.1956612420629482,0.39329357247571556,0.4110451845490203
ENC00832,v7,0.0,0.540017429265109,0.45998257141221655
ENC00838,v7,0.29159145890656163,0.3538024313116478,0.3546061112971629
ENC00845,v7,0.16592847754557927,0.4670671370767412,0.3670043848809742
ENC00848,v7,0.2686771643789191,0.3609852757108839,0.37033755889064385
ENC00849,v7,0.24580832081846893,0.2874403018213343,0.46675138059072196
ENC00002,v8,0.35638384110883836,0.25252459464816873,0.3910915541266083
ENC00003,v8,0.39811832683348874,0.26610200985445887,0.33577966826771377
ENC00004,v8,0.20904212579265372,0.3924074315944234,0.39855044583479565
ENC00006,v8,0.24970491423916358,0.37997737978226864,0.3703177055487266
ENC00007,v8,0.3012768959780352,0.30769618016180644,0.3910269199981602
ENC00008,v8,0.2895604263333713,0.32768718565211574,0.38275238591081956
ENC00013,v8,0.31982849027118543,0.20522775310669503,0.47494375553444357
ENC00014,v8,0.06999886507349731,0.5046638726396898,0.42533726014394674
ENC00017,v8,0.2649480366910046,0.33767977277889394,0.39737219498916104
ENC00022,v8,0.30949215698349586,0.3322828491931563,0.35822499590414064
ENC00023,v8,0.2145988607765935,0.34184583860403256,0.44355530751512406
ENC00024,v8,0.0807472213594751,0.40962631262161514,0.5096264673904939
ENC00031,v8,0.26745813074758495,0.2704555880657192,0.46208628140768765
ENC00034,v8,0.39227983275408385,0.24775873378960675,0.359961433756736
ENC00043,v8,0.10367703501445552,0.3759442605699102,0.5203787046174209
ENC00052,v8,0.28217978843233804,0.29567381283961053,0.42214639164692114
ENC00063,v8,0.16385723457585835,0.40887939200756396,0.42726337603220704
ENC00064,v8,0.21499705375653916,0.3459843476142349,0.43901860264354736
ENC00065,v8,0.22005532609839593,0.4398766200869314,0.3400680522524541
ENC00067,v8,0.2374161736170451,0.40533066635330517,0.3572531574964523
ENC00080,v8,0.32477827566665607,0.32134802361111064,0.35387369924849205
ENC00081,v8,0.16326782967556608,0.41841802034865727,0.4183141506531022
ENC00084,v8,0.26576107801977267,0.34856997350276997,0.3856689457065803
ENC00088,v8,0.3350470357655007,0.30673309493763945,0.3582198703546583
ENC00089,v8,0.2770510157269816,0.3844645711923799,0.3384844140420037
ENC00090,v8,0.36143069654966875,0.2581516151538992,0.3804176915272147
ENC00096,v8,0.32219298761980286,0.3430087705752973,0.3347982408414627
ENC00098,v8,0.24989911699385353,0.3714279238360398,0.378672962613178
ENC00103,v8,0.11772579809322077,0.3736573058892699,0.5086168967375234
ENC00106,v8,0.10657384824817595,0.422781685480605,0.47064446716204933
ENC00111,v8,0.1859557684659958,0.412240004837513,0.4018042253255844
ENC00113,v8,0.0,0.5695137196116977,0.43048628982570436
ENC00121,v8,0.16697584127110462,0.4735326806980151,0.359491478651762
ENC00125,v8,0.2439042099497535,0.39785859949332625,0.3582371912958208
ENC00128,v8,0.3446573558472848,0.3054485171455745,0.3498941240615623
ENC00130,v8,0.27941812964893825,0.3102379648527443,0.41034391052370905
ENC00133,v8,0.3137805106266876,0.25071706092613605,0.4355024280357946
ENC00143,v8,0.2350525280986077,0.4007145267011773,0.3642329408062829
ENC00149,v8,0.29480141152938205,0.3572850732931069,0.3479135183114854
ENC00151,v8,0.0,0.46360057111709346,0.5363994274408587
ENC00159,v8,0.14069941228157595,0.312115067779495,0.5471855225531679
ENC00162,v8,0.21152059158140962,0.44891602122648194,0.33956338753077114
ENC00164,v8,0.1378271846265039,0.2701767403851537,0.5919960756512249
ENC00167,v8,0.1129675769670443,0.39721628441052004,0.48981614302505144
ENC00170,v8,0.283926151564409,0.26440466037983523,0.4516691916204732
ENC00171,v8,0.3507946885150412,0.3061240737852843,0.3430812428826871
ENC00173,v8,0.29632196741655836,0.32116719286057577,0.38251083929184054
ENC00188,v8,0.1770269188657403,0.3516010099649429,0.4713720677793026
ENC00191,v8,0.28980767670131863,0.35577987957568397,0.3544124465613138
ENC00192,v8,0.27149436254091935,0.41258052924666744,0.31592510490104403
ENC00193,v8,0.08441297952231253,0.4155654163332656,0.5000215996988118
ENC00202,v8,0.3821871948857156,0.25399238240742494,0.3638204216720566
ENC00209,v8,0.3108109005696171,0.28028431379205576,0.4089047885858096
ENC00210,v8,0.2528903138953329,0.32756314589487795,0.4195465370519272
ENC00214,v8,0.0,0.5111493536719569,0.4888506473214538
ENC00217,v8,0.19640796449575715,0.35202257562684647,0.45156945800053255
ENC00237,v8,0.3793960448589411,0.2885718747033729,0.33203208124315414
ENC00238,v8,0.29288850724697113,0.2888197957629889,0.4182917002431104
ENC00250,v8,0.24163291272189882,0.2685910436566229,0.489776043649073
ENC00255,v8,0.18148469624037927,0.41852656866495425,0.39998873294546056
ENC00256,v8,0.24935269331932067,0.4065639715194702,0.344083336353302
ENC00259,v8,0.46381753013221494,0.19186007986785075,0.3443223906492968
ENC00260,v8,0.29033754850790755,0.33745876324128327,0.37220368976515483
ENC00263,v8,0.12010553830600891,0.4210716702581681,0.45882279095575984
ENC00264,v8,0.31237432489601463,0.2891582310772859,0.3984674421640543
ENC00267,v8,0.17060051626357875,0.37159382222128695,0.45780566237011894
ENC00270,v8,0.30265261110934344,0.3296490982795755,0.3676982910344095
ENC00271,v8,0.18749458769505675,0.4280974600125443,0.38440795175053855
ENC00272,v8,0.21527286874199356,0.35107230484761576,0.43365482875594386
ENC00275,v8,0.15897902285751814,0.29626645552567565,0.5447545276524929
ENC00289,v8,0.17614926553020874,0.37795259095728395,0.44589814022183416
ENC00291,v8,0.32817320895195007,0.22613446563482284,0.445692320227623
ENC00292,v8,0.22809617237320967,0.26484662890434263,0.5070571967533657
ENC00294,v8,0.36335757483796377,0.3097679267932729,0.326874497096713
ENC00296,v8,0.29826947458480535,0.28285882269081314,0.4188717029858054
ENC00298,v8,0.23632786807138473,0.3228798909112811,0.4407922439277172
ENC00304,v8,0.29020724892616273,0.3773154597842332,0.33247728672894566
ENC00306,v8,0.2382793974545267,0.40344684364067185,0.35827376064327027
ENC00310,v8,0.2786027060678372,0.2872236642699975,0.4341736341898258
ENC00319,v8,0.2733806807162433,0.3198598929006478,0.40675942586927577
ENC00323,v8,0.30476703877810024,0.2842597389515017,0.41097322389693325
ENC00326,v8,0.2556285361960991,0.3182561132557613,0.42611535139305073
ENC00327,v8,0.2543191552425908,0.30655159128714454,0.43912925023948196
ENC00329,v8,0.31811868937479126,0.27612341736398993,0.4057578977847856
ENC00330,v8,0.2715223451291234,0.2823711231905074,0.4461065339894334
ENC00336,v8,0.30314678182204563,0.20736143273611862,0.4894917807976405
ENC00337,v8,0.1895693295172878,0.3424681627250218,0.4679625009323333
ENC00341,v8,0.2583595651471726,0.3312637135038309,0.41037672702397143
ENC00344,v8,0.330116521853667,0.296522694450992,0.37336078181967036
ENC00349,v8,0.1508073306728884,0.37975004276971225,0.4694426273255004
ENC00358,v8,0.0,0.4859259670316163,0.5140740354940042
ENC00359,v8,0.2990949118882418,0.32136409543454647,0.37954099029302596
ENC00360,v8,0.32385080909977354,0.25864953864365814,0.4174996537466844
ENC00362,v8,0.08634878953803429,0.36523495706836734,0.5484162558496526
ENC00368,v8,0.2353060935579595,0.3586908241526948,0.40600307699706817
ENC00372,v8,0.14018413040558902,0.3986803380658432,0.46113553339121294
ENC00376,v8,0.1938863251602552,0.31021860293799736,0.49589507269566174
ENC00381,v8,0.24090282836308083,0.296894581678013,0.46220258887236315
ENC00382,v8,0.29320496079367653,0.3610583541678711,0.3457366855631412
ENC00386,v8,0.24019600926410584,0.33519761370761053,0.4246063817115057
ENC00389,v8,0.14967973775540788,0.3958914410943786,0.454428822423021
ENC00390,v8,0.24607355767382985,0.33695494109946017,0.41697149783109144
ENC00392,v8,0.2894402608984993,0.3754794838882628,0.33508025436174305
ENC00393,v8,0.2982396868490937,0.2963919246772138,0.4053683885843447
ENC00402,v8,0.25501078804238486,0.371476689640146,0.3735125253979976
ENC00403,v8,0.28041443464656673,0.3420468169885377,0.3775387516866128
ENC00405,v8,0.22682812896867593,0.3196712493896484,0.45350062288343906
ENC00413,v8,0.26074358729540176,0.3352448487619184,0.4040115659810462
ENC00414,v8,0.2698969586842483,0.3308736180826541,0.3992294234133536
ENC00418,v8,0.24571479611175576,0.3627606741699976,0.39152452641541197
ENC00419,v8,0.21961948044795906,0.36868255038177017,0.4116979664669628
ENC00424,v8,0.39077160915113845,0.22751923274459704,0.38170916151325657
ENC00428,v8,0.12870820357586987,0.38874727204557535,0.4825445271508638
ENC00432,v8,0.29341260777480566,0.3278407342175939,0.3787466581188031
ENC00433,v8,0.2438244116462134,0.33049338082082913,0.4256822038320155
ENC00435,v8,0.0,0.5716925311362606,0.4283074690350171
ENC00436,v8,0.2270764589847363,0.31985432835122973,0.45306920882352847
ENC00441,v8,0.2511784019627312,0.4398921745461087,0.30892942476180174
ENC00443,v8,0.133200129399998,0.37553932051164934,0.4912605487337016
ENC00444,v8,0.19332538870103816,0.38125597602350914,0.42541863135200864
ENC00451,v8,0.26255695690421293,0.35241787646808764,0.38502516624701283
ENC00453,v8,0.29235269377628964,0.36632623196099745,0.34132107200496126
ENC00457,v8,0.34946077259687275,0.31125005750128854,0.33928917448681134
ENC00459,v8,0.23959193410732413,0.3851553563789655,0.37525270622904583
ENC00461,v8,0.2577489276106159,0.33250150866806505,0.40974956527352335
ENC00462,v8,0.2530073894369871,0.2902083472257718,0.4567842645976776
ENC00444,v8,0.19332538870103816,0.38125597602350914,0.42541863135200864
ENC00449,v8,0.2984033538401127,0.3729394053667784,0.3286572389304638
ENC00451,v8,0.2763948867956321,0.32826445068784815,0.39534065859046524
ENC00453,v8,0.29235269377628964,0.36632623196099745,0.34132107200496126
ENC00457,v8,0.36875860432260915,0.30094248321103423,0.3302989104076436
ENC00459,v8,0.23959193410732413,0.3851553563789655,0.37525270622904583
ENC00461,v8,0.24400506994011356,0.3489086245204888,0.4070863067811611
ENC00462,v8,0.2530073894369871,0.2902083472257718,0.4567842645976776
ENC00463,v8,0.38121605636481953,0.274708102156121,0.34407584212328257
ENC00464,v8,0.1290136831700802,0.46751276552677157,0.4034735428094864
ENC00465,v8,0.23355494304670124,0.379975283943762,0.3864697721295469
ENC00469,v8,0.24456671594565077,0.3639971345551032,0.3914361541208468
ENC00471,v8,0.23238863064735024,0.3563820778587718,0.4112292891483248
ENC00474,v8,0.15194970357787702,0.4315244801515757,0.41652582031349805
ENC00475,v8,0.2907304641741671,0.31170683599224214,0.39756269713765696
ENC00477,v8,0.1737852802957004,0.4239398201681533,0.4022749038237446
ENC00478,v8,0.3016469973913381,0.34692081840525213,0.35143218441328533
ENC00479,v8,0.2670188000202179,0.2991824022829533,0.4337987995147705
ENC00482,v8,0.3015908607178264,0.3247073640130342,0.3737017719282044
ENC00489,v8,0.3459128074880157,0.23254586293894267,0.42154133333159344
ENC00490,v8,0.08900391076697617,0.4001849761467106,0.5108111165217216
ENC00492,v8,0.2607171677293316,0.35560174422558916,0.3836810902882648
ENC00511,v8,0.27523958128421827,0.31244476769763724,0.41231565435129897
ENC00513,v8,0.25640338140188673,0.3701177409804258,0.3734788768848435
ENC00519,v8,0.2675418917291848,0.39871448936850523,0.3337436184402584
ENC00524,v8,0.4023295713238197,0.25392469909447846,0.34374572690760735
ENC00529,v8,0.30806647114596275,0.3486286119540345,0.3433049197466868
ENC00538,v8,0.2838651782499169,0.31935312771150526,0.3967816897158353
ENC00543,v8,0.2780479828516642,0.370103657245636,0.3518483621733529
ENC00548,v8,0.3196598528658302,0.22101011825273337,0.45933002797723976
ENC00550,v8,0.2821519028496098,0.34423635356329585,0.37361174002960995
ENC00559,v8,0.31443838701571947,0.3245370622586321,0.3610245549568423
ENC00562,v8,0.35234852523907373,0.31654143610807217,0.331110047419434
ENC00563,v8,0.20124150562186202,0.34932221503568295,0.4494362811581427
ENC00571,v8,0.19321975177317335,0.43217054368895397,0.37460970290397344
ENC00573,v8,0.2504076648164879,0.3969358117742972,0.352656520225785
ENC00575,v8,0.37264277754535136,0.2814619197890582,0.3458952998191538
ENC00577,v8,0.21318631819807565,0.4214439237347016,0.36536975778066194
ENC00580,v8,0.29139138747905863,0.23324409343045333,0.4753645206319875
ENC00581,v8,0.29409146793847957,0.3314400610001482,0.374468468790929
ENC00587,v8,0.25046799646145634,0.3621294017450339,0.38740260209761507
ENC00590,v8,0.3548165583716972,0.2750622227654925,0.37012121693364214
ENC00591,v8,0.17619941436818667,0.3452810398363448,0.47851954574708816
ENC00592,v8,0.3769600101799335,0.2380909366919747,0.38494904353371207
ENC00596,v8,0.27938966074160165,0.27245378000395637,0.44815655997821263
ENC00598,v8,0.2967189222574234,0.31236540994993073,0.39091567149976403
ENC00600,v8,0.09846601701186349,0.37912839216490585,0.5224055935939153
ENC00606,v8,0.3060640369431447,0.33220926129211814,0.3617267047954818
ENC00608,v8,0.3466025619326453,0.24108942718196072,0.41230800924332517
ENC00620,v8,0.2696789054382116,0.30566436326817464,0.42465673510293317
ENC00631,v8,0.3059282994104756,0.3273061860214781,0.3667655051858337
ENC00637,v8,0.0969905661217667,0.4185275098493507,0.4844819233492688
ENC00640,v8,0.139027860481292,0.38976778737876727,0.47120434596486716
ENC00643,v8,0.16217273431566526,0.4807993760508186,0.35702788928207363
ENC00657,v8,0.21180693535995082,0.373792750244381,0.4144003102008034
ENC00661,v8,0.23511815946875958,0.403347112499831,0.36153473234490346
ENC00665,v8,0.2393082116658871,0.31417211991819466,0.4465196682856633
ENC00667,v8,0.3630708508247877,0.2645410545115923,0.3723880905304512
ENC00671,v8,0.13197992871559802,0.3930927200686364,0.47492734917572565
ENC00694,v8,0.23153606245109626,0.3754539792467882,0.39300994977757736
ENC00696,v8,0.24815475983806878,0.3911340796380989,0.3607111594154815
ENC00697,v8,0.16770057038080935,0.3832610607603375,0.4490383708355378
ENC00711,v8,0.2175860117509294,0.3882701466443823,0.39414383993664787
ENC00717,v8,0.14152629639169104,0.41541559817759616,0.4430581054797298
ENC00720,v8,0.31373773139213845,0.30042580048614576,0.38583647229961143
ENC00721,v8,0.13271648752232712,0.35222087920673434,0.5150626311379094
ENC00727,v8,0.2705255230186415,0.3793272988595923,0.3501471730529285
ENC00729,v8,0.34245156662927256,0.3349602994837349,0.3225881327613652
ENC00730,v8,0.18176845137191855,0.4723205330579177,0.34591101680112923
ENC00734,v8,0.2409631247865036,0.31850802002009004,0.44052885298151523
ENC00744,v8,0.23328750766813755,0.352609743103385,0.41410274639725686
ENC00747,v8,0.264010180126537,0.3608820742334832,0.3751077506352555
ENC00748,v8,0.23584739047856557,0.3130892526333024,0.45106335835797445
ENC00749,v8,0.30877757337358264,0.32236358933150766,0.36885884089602367
ENC00752,v8,0.15711588554145875,0.3943164319046273,0.44856768797251806
ENC00753,v8,0.13562409800291061,0.3660282996892929,0.49834760534763334
ENC00757,v8,0.15547889776718923,0.34595406227386916,0.4985670353102888
ENC00759,v8,0.31753878982272,0.30006544099887833,0.38239576993510127
ENC00762,v8,0.18044960670173169,0.32945189014077186,0.49009850531816485
ENC00765,v8,0.13636680493511041,0.3952605497200512,0.4683726489254572
ENC00771,v8,0.33264700162249644,0.28499983469242446,0.38235316915555045
ENC00772,v8,0.36926038225866714,0.2673921512334414,0.3633474630286109
ENC00778,v8,0.20092665730044246,0.41434764117002487,0.38472569294806036
ENC00787,v8,0.06923209946376807,0.44582323809013225,0.4849446613454457
ENC00788,v8,0.2800396421613793,0.2986138900224533,0.421346469471852
ENC00792,v8,0.11138601455406673,0.40693200622894327,0.48168198358850417
ENC00797,v8,0.1316320429711292,0.39821647410281,0.47015148028731346
ENC00801,v8,0.0,0.5300887300103319,0.4699112676522311
ENC00802,v8,0.3199460672081581,0.2678138376546225,0.4122400976983564
ENC00807,v8,0.0,0.45373722193417726,0.5462627711119475
ENC00808,v8,0.34017200780308937,0.2819849023025883,0.37784308650769477
ENC00812,v8,0.12903025294163903,0.34863900741268145,0.522330738113899
ENC00813,v8,0.23139862088780655,0.3596438721737318,0.40895750438957884
ENC00815,v8,0.23588236421346664,0.32770782991459496,0.4364098039112593
ENC00830,v8,0.29304997013373807,0.2649923035921144,0.44195772448847115
ENC00832,v8,0.0,0.4604370329667021,0.5395629630044655
ENC00838,v8,0.2494998906213458,0.4034858298773813,0.3470142795012729
ENC00845,v8,0.16031553540552887,0.47515060884930266,0.3645338533080627
ENC00848,v8,0.28502308500704365,0.32876807019532284,0.3862088428479489
ENC00849,v8,0.2441115123148148,0.2988466821324367,0.4570418038047277
