encounter_id,version,image_avg,text_avg,sink_avg
ENC00002,v1,0.2426578258427809,0.2347409234224063,0.5226012535814969
ENC00003,v1,0.30680880577049474,0.1918959840179675,0.5012952111322772
ENC00004,v1,0.2166368070130165,0.23563718707420123,0.5477260041695374
ENC00006,v1,0.2594064711514166,0.1682973160345297,0.572296217462774
ENC00007,v1,0.21863465977239085,0.2566773347392842,0.524688008231121
ENC00008,v1,0.25900139694297036,0.19871261845840965,0.5422859897100648
ENC00013,v1,0.24846955446652996,0.2019098317883547,0.5496206162045303
ENC00014,v1,0.13716160567247704,0.33375077980430157,0.5290876190139823
ENC00017,v1,0.20611567757647448,0.2716039294245267,0.5222803990949284
ENC00022,v1,0.26190475120823437,0.20311151364659694,0.5349837367204909
ENC00023,v1,0.22731924889718785,0.2143866426366217,0.5582941076334785
ENC00024,v1,0.13104815669357778,0.24697573692537844,0.6219761066138745
ENC00031,v1,0.22557872897860679,0.21615600152025846,0.5582652704959566
ENC00034,v1,0.26255094328488426,0.19516010224904823,0.5422889513188395
ENC00043,v1,0.16865243452988313,0.21949712973967028,0.6118504394975941
ENC00052,v1,0.24376659540252554,0.2569734438632925,0.49925996238986653
ENC00063,v1,0.1804358294164693,0.2015084796930077,0.618055692701428
ENC00064,v1,0.19049298710635174,0.2677279755513629,0.5417790386987769
ENC00065,v1,0.280449241875334,0.1829342770370397,0.5366164728048
ENC00067,v1,0.20414460574587187,0.2372148898651912,0.5586405032802195
ENC00080,v1,0.28507531066367653,0.20571615464157528,0.5092085399377493
ENC00081,v1,0.2127280197094513,0.242658379853149,0.5446136001544662
ENC00084,v1,0.23651216650065385,0.18893164666018114,0.5745561872169657
ENC00088,v1,0.2620497509105805,0.19322825639160132,0.544721998685708
ENC00089,v1,0.2645985973270043,0.22243563409732736,0.5129657640405323
ENC00090,v1,0.25832419688610925,0.19951037131249905,0.5421654296957928
ENC00096,v1,0.2673238576674948,0.17622570063424658,0.5564504395029983
ENC00098,v1,0.24206974897738343,0.2849612511940055,0.472968998846117
ENC00103,v1,0.14441469355115613,0.195253222059567,0.660332080808658
ENC00106,v1,0.15980039269445426,0.21336931111092897,0.626830295996463
ENC00111,v1,0.21093828516585805,0.15913326474272202,0.629928452667789
ENC00113,v1,0.0,0.34592687437201247,0.654073123254028
ENC00121,v1,0.2396368994984938,0.19429826246493537,0.5660648375101711
ENC00125,v1,0.25037274535964515,0.2264274125590044,0.5231998434838127
ENC00128,v1,0.30542981221663706,0.19226625812125905,0.5023039285929836
ENC00130,v1,0.2631736395226137,0.15257825268231132,0.5842481073294137
ENC00133,v1,0.2324734004214406,0.19210689621440208,0.5754197024955199
ENC00143,v1,0.20291725918650627,0.2557604071442728,0.5413223282882461
ENC00149,v1,0.25791310518980026,0.1766595343161408,0.5654273618448962
ENC00151,v1,0.0,0.5158413764503267,0.4841586228400942
ENC00159,v1,0.16727675377790416,0.16121778697041528,0.6715054624847003
ENC00162,v1,0.23882802993786045,0.2154373460926297,0.5457346241285161
ENC00164,v1,0.15238086013244345,0.25290843406571195,0.5947107095997055
ENC00167,v1,0.17301293433296913,0.18545961557138785,0.6415274537661496
ENC00170,v1,0.21609732647568491,0.19938388706768972,0.5845187851938151
ENC00171,v1,0.2685421042490837,0.2567977720741616,0.474660120557907
ENC00173,v1,0.24164988506924023,0.27226144687808823,0.4860886665004672
ENC00188,v1,0.17830266974058495,0.22047445790685086,0.601222876324711
ENC00191,v1,0.2658916266963762,0.19913911058421374,0.534969263509208
ENC00192,v1,0.15898694414645434,0.40048597181836765,0.44052708012362324
ENC00193,v1,0.1758810440595779,0.24100320361968544,0.583115753200319
ENC00202,v1,0.27527305502922106,0.14672239131938952,0.578004550984782
ENC00208,v1,0.15679986803378496,0.33579694024390644,0.5074031857980622
ENC00209,v1,0.25153928906901885,0.214872681364221,0.5335880231700445
ENC00210,v1,0.17036942755564666,0.26978559421900755,0.5598449809237932
ENC00214,v1,0.0,0.489598660270373,0.5104013393322627
ENC00217,v1,0.1798231296152586,0.227211844176054,0.5929650192459425
ENC00237,v1,0.2547305158029,0.19911053385585548,0.5461589482923349
ENC00238,v1,0.2616531704480831,0.15888896357411375,0.5794578723036325
ENC00250,v1,0.22010661661624908,0.20531481985736938,0.5745785671429042
ENC00255,v1,0.20818970563846664,0.29600177549228474,0.4958085206312102
ENC00256,v1,0.23510573558667872,0.30280541727676036,0.4620888464628382
ENC00259,v1,0.2844566667322503,0.20517559886671777,0.5103677360470905
ENC00260,v1,0.2155789601248364,0.3050429052564987,0.4793781409429949
ENC00263,v1,0.14978632871061565,0.3007437710883096,0.5494699001312255
ENC00264,v1,0.2190841813008864,0.24567070290200657,0.535245113484152
ENC00267,v1,0.1893746607463088,0.16649682048642844,0.6441285144864467
ENC00270,v1,0.3040363682969792,0.1399205863437526,0.5560430524079767
ENC00271,v1,0.2215254302991896,0.220387399595763,0.5580871619132101
ENC00272,v1,0.1456875717267394,0.256759441509429,0.597552985228874
ENC00275,v1,0.1512347297546895,0.22419177145256022,0.6245735058266866
ENC00289,v1,0.1954763931398456,0.29808685530883233,0.5064367466681713
ENC00291,v1,0.2489905464363859,0.20137136946729522,0.5496380844331802
ENC00292,v1,0.19487198016473226,0.21414419099852278,0.5909838242517723
ENC00294,v1,0.2749317702526847,0.1576191288419068,0.5674491008122762
ENC00296,v1,0.27918984389139545,0.18779839297618578,0.533011754905736
ENC00298,v1,0.23921875587918542,0.2500419415436782,0.5107393090601091
ENC00304,v1,0.20581156531205544,0.3695303615960446,0.4246580735012725
ENC00306,v1,0.2227284088730812,0.29846334187448886,0.47880825529927795
ENC00310,v1,0.18043067613707006,0.25478559591382455,0.5647837266470622
ENC00319,v1,0.25031074690746097,0.2540944950064508,0.4955947539064942
ENC00323,v1,0.22436864066707052,0.242362965060317,0.5332683946775354
ENC00326,v1,0.17545877604020965,0.3265462507390314,0.4979949744625224
ENC00327,v1,0.16484863440873046,0.22439035372526356,0.6107610116402308
ENC00329,v1,0.2703443436842898,0.198170383217866,0.5314852695750154
ENC00330,v1,0.2326296491773574,0.19752177726579728,0.5698485769085831
ENC00336,v1,0.2506805769054689,0.1817766783724182,0.5675427438778298
ENC00337,v1,0.24337292626136686,0.21855555170374671,0.5380715258964678
ENC00341,v1,0.19263086315765177,0.21011562703517817,0.5972535079845818
ENC00344,v1,0.23061134731769561,0.26429831302165985,0.5050903390645981
ENC00349,v1,0.16864748248322445,0.25576238455129907,0.5755901276678234
ENC00358,v1,0.0,0.5153311760061317,0.484668818819854
ENC00359,v1,0.2688325544843426,0.23109759404868274,0.5000698523862022
ENC00360,v1,0.26392104820563245,0.20950919567801796,0.5265697587977399
ENC00362,v1,0.14189673190642343,0.3134392241114064,0.544664046482036
ENC00368,v1,0.2125992124879753,0.21428820539961804,0.5731125822761557
ENC00372,v1,0.18358213925756603,0.22248796503766474,0.5939298947173429
ENC00376,v1,0.19911137911326746,0.2248955663622302,0.5759930647471372
ENC00381,v1,0.2095414745022676,0.17135183862410486,0.6191066857427359
ENC00382,v1,0.23683921257033944,0.20927315847948194,0.553887627273798
ENC00386,v1,0.18745238449552964,0.19280487233665825,0.6197427435853016
ENC00389,v1,0.2229632740249721,0.175302783564884,0.6017339382229782
ENC00390,v1,0.22421645775045218,0.23517688599072004,0.5406066591018125
ENC00392,v1,0.24383829963026624,0.2158240502079328,0.5403376507638681
ENC00393,v1,0.22681355532966083,0.21326897090560273,0.5599174680589121
ENC00402,v1,0.24750252735910114,0.18334747661274295,0.5691499954408353
ENC00403,v1,0.2570680773004572,0.18432454810418347,0.5586073720391761
ENC00405,v1,0.21525715185063227,0.26246636172572335,0.5222764815930482
ENC00413,v1,0.2444491243762214,0.20709914502846757,0.5484517253026729
ENC00414,v1,0.23947078996199242,0.21847271766672108,0.5420564912418102
ENC00418,v1,0.2244481384120089,0.18149814867672134,0.5940537088094874
ENC00419,v1,0.20895202717055444,0.29493636000847473,0.4961116097975468
ENC00424,v1,0.23920621112123266,0.16127019251386324,0.5995235985463804
ENC00428,v1,0.18262044716950343,0.23942399624249208,0.5779555582481882
ENC00432,v1,0.23490847079083324,0.23977833085227757,0.5253131942823529
ENC00433,v1,0.20639474165180455,0.22567041743870664,0.5679348468780517
ENC00435,v1,0.0,0.5404554721713066,0.45954453587532046
ENC00436,v1,0.20844901733252466,0.2004748078215183,0.591076176993701
ENC00441,v1,0.23824165888130666,0.2576442172192037,0.5041141259670258
ENC00443,v1,0.1620496700645662,0.21674244076597923,0.6212078883659606
ENC00444,v1,0.20069845544910708,0.2355766668374282,0.5637248771828275
ENC00451,v1,0.25774625696552295,0.22485267970478162,0.5174010585372647
ENC00453,v1,0.19041228108108044,0.206511073181049,0.6030766447966404
ENC00456,v1,0.18851591175794602,0.3427629567682743,0.4687211290597916
ENC00457,v1,0.2420023409719754,0.18049176730551666,0.577505888347339
ENC00459,v1,0.23479988717142192,0.24628663718186575,0.5189134771453923
ENC00461,v1,0.22380160061376436,0.1979765945912472,0.5782218107155391
ENC00444,v1,0.20069845544910708,0.2355766668374282,0.5637248771828275
ENC00449,v1,0.27211453778048356,0.1757739912873755,0.5521114723136028
ENC00451,v1,0.25774625696552295,0.22485267970478162,0.5174010585372647
ENC00453,v1,0.19041228108108044,0.206511073181049,0.6030766447966404
ENC00456,v1,0.18851591175794602,0.3427629567682743,0.4687211290597916
ENC00457,v1,0.2420023409719754,0.18049176730551666,0.577505888347339
ENC00459,v1,0.23479988717142192,0.24628663718186575,0.5189134771453923
ENC00461,v1,0.22380160061376436,0.1979765945912472,0.5782218107155391
ENC00462,v1,0.19151094179092484,0.22471935671373186,0.5837696973573078
ENC00463,v1,0.2639866543902179,0.17387837894513444,0.5621349725682857
ENC00464,v1,0.1993417205351792,0.2903709610024195,0.5102873200111175
ENC00465,v1,0.20872964234532496,0.2412239830499809,0.550046369433403
ENC00469,v1,0.16866310530652603,0.21258003779110454,0.6187568533988226
ENC00471,v1,0.2251026492033686,0.1690748148046586,0.6058225357005386
ENC00474,v1,0.1708495244383812,0.22688213458248213,0.6022683405408672
ENC00475,v1,0.23458668307923689,0.2351187798308163,0.5302945310022773
ENC00477,v1,0.17874074930946032,0.3332076867421468,0.4880515682697296
ENC00478,v1,0.2569393896938939,0.2120282377704586,0.5310323742267332
ENC00479,v1,0.22264886055007038,0.26487553319388846,0.5124756049319922
ENC00482,v1,0.2293263553887948,0.21035856336098294,0.5603150893216846
ENC00489,v1,0.25980238025558405,0.21460485257122708,0.5255927708984791
ENC00490,v1,0.14979217863098407,0.2309152812619383,0.6192925379921993
ENC00492,v1,0.27528740702306526,0.21833214985535426,0.5063804395058575
ENC00511,v1,0.2517874336077107,0.20406741216364835,0.5441451576020983
ENC00513,v1,0.2101960367678354,0.19052310909804268,0.5992808619824549
ENC00519,v1,0.26725531421085397,0.1672936287330519,0.5654510553225433
ENC00524,v1,0.25530626369934334,0.21894249067592778,0.525751250747003
ENC00529,v1,0.22129875305108726,0.202490052965004,0.5762111948182186
ENC00538,v1,0.2470822662860155,0.1732293834304437,0.5796883474290371
ENC00543,v1,0.2045031235073552,0.23298912625195403,0.5625077481522704
ENC00548,v1,0.19880006721775448,0.23940223172706152,0.5617976955005101
ENC00550,v1,0.2151417626142502,0.24014551928639413,0.5447127133607864
ENC00559,v1,0.24654280077269736,0.25517237388548697,0.49828482260729406
ENC00562,v1,0.25694029197096824,0.18936795909889043,0.5536917479336262
ENC00563,v1,0.21346240716570236,0.23285684759352118,0.5536807528201569
ENC00571,v1,0.23567184406082806,0.2134109772060339,0.5509171743945378
ENC00573,v1,0.28330174136034986,0.1898966569037355,0.5268015981988704
ENC00575,v1,0.2731462681872977,0.15736491701358724,0.5694888198265323
ENC00577,v1,0.2573430291204541,0.2090960802441394,0.5335608853234185
ENC00580,v1,0.26184447588665144,0.20738483628901166,0.5307706936839081
ENC00581,v1,0.2222898731106206,0.2029805491041196,0.5747295707464218
ENC00587,v1,0.22540592778982085,0.24534664186649024,0.5292474246499214
ENC00590,v1,0.2502313826491337,0.192054863133938,0.5577137582372911
ENC00591,v1,0.178990603156694,0.23394696072560467,0.5870624368321405
ENC00592,v1,0.2677096580465635,0.19130311482068565,0.5409872222277853
ENC00596,v1,0.18426097750011153,0.28100456417041975,0.5347344634959298
ENC00598,v1,0.2795242854238798,0.19906427790798867,0.5214114397143325
ENC00600,v1,0.1519045763863967,0.21330037942299476,0.6347950418571849
ENC00606,v1,0.2745151166562681,0.2798857473204901,0.44559913413760105
ENC00608,v1,0.25881291339906415,0.2132701658319389,0.5279169141241674
ENC00620,v1,0.20245743387937545,0.27724047631025317,0.5203020901679992
ENC00631,v1,0.2658663620906217,0.17315441530497214,0.5609792194196156
ENC00637,v1,0.15828158522303076,0.2579172397910178,0.5838011749859514
ENC00640,v1,0.1640007420402506,0.18528250130298346,0.6507167569969011
ENC00643,v1,0.1889639886957343,0.28434154511459414,0.5266944689135398
ENC00657,v1,0.22611527011360763,0.198518058829853,0.5753666766971912
ENC00661,v1,0.22471395750579082,0.30958678381223426,0.4656992571918588
ENC00665,v1,0.2400175671479324,0.21422365464542698,0.5457587796376973
ENC00667,v1,0.2698082133982945,0.17007684624455507,0.5601149416953615
ENC00671,v1,0.15418059127517494,0.2547882739230093,0.5910311291016728
ENC00694,v1,0.21146319648052783,0.2168583204137518,0.5716784777159386
ENC00696,v1,0.20347223062777803,0.3111379483626002,0.4853898208765757
ENC00697,v1,0.22902042346282137,0.2395123802125454,0.5314672055343787
ENC00711,v1,0.2517156581185302,0.1739018356940728,0.5743825125450991
ENC00717,v1,0.16230543949641288,0.23394424077123405,0.6037503210827708
ENC00720,v1,0.28927251495672074,0.19253548964585984,0.5181919984268338
ENC00721,v1,0.16338842533224698,0.18996444184865272,0.6466471324769818
ENC00727,v1,0.2021632281153701,0.28224077638845113,0.5155960052858951
ENC00729,v1,0.25317956378562845,0.1866389015059677,0.5601815351908156
ENC00730,v1,0.19942093711723102,0.25047054545681796,0.5501085099544418
ENC00734,v1,0.20110180806163902,0.29211972178993645,0.5067784733824677
ENC00744,v1,0.1978099180296773,0.29189601726830006,0.5102940600897584
ENC00747,v1,0.24441948070467173,0.2148861277971294,0.5406943936269362
ENC00748,v1,0.2309985598059077,0.22158909617236963,0.547412347244589
ENC00749,v1,0.27281193243283214,0.24064633339135486,0.4865417331457138
ENC00752,v1,0.19293146566487848,0.22946438980288802,0.5776041455566883
ENC00753,v1,0.17403719833048134,0.2585145816835877,0.5674482177604329
ENC00757,v1,0.17339777663350106,0.2357203992207845,0.5908818145593008
ENC00759,v1,0.27649633418768643,0.22783372206613423,0.4956699388101697
ENC00762,v1,0.16968405477625007,0.19269842869834974,0.6376175169522563
ENC00765,v1,0.1780608515938123,0.2259617718309164,0.5959773790836335
ENC00771,v1,0.2157172943004454,0.26545430458329544,0.5188284016618825
ENC00772,v1,0.266918389263906,0.20196680422676236,0.5311148039604489
ENC00778,v1,0.2138849838056426,0.26943767751040665,0.5166773355525472
ENC00787,v1,0.13608530170749872,0.2881963196210563,0.5757183760404587
ENC00788,v1,0.23937619344727828,0.1885231101405945,0.5721007001281965
ENC00792,v1,0.1741498172815357,0.19690325198074182,0.6289469271898269
ENC00797,v1,0.15364817702634767,0.19962302092462778,0.6467287960377607
ENC00801,v1,0.0,0.48356258753273224,0.5164374159442053
ENC00802,v1,0.258992967635112,0.18792834368376238,0.553078682636315
ENC00807,v1,0.0,0.4739149337869951,0.5260850656991718
ENC00808,v1,0.2605009866823064,0.18109469851571144,0.5584043171441201
ENC00812,v1,0.17815504177022226,0.2290979109550874,0.5927470519985121
ENC00813,v1,0.24432627441627638,0.27020772200609955,0.48546600682394847
ENC00815,v1,0.23939496278762817,0.26560898764512025,0.4949960543497189
ENC00830,v1,0.19600502252578736,0.1588417182825506,0.6451532623767853
ENC00832,v1,0.0,0.5038122728466987,0.49618772442142167
ENC00838,v1,0.22884436673724773,0.20186171694130628,0.5692939260571274
ENC00845,v1,0.16441992352285037,0.316675861343378,0.5189042085917984
ENC00848,v1,0.22227346643651882,0.2018072311526414,0.5759193004713845
ENC00849,v1,0.23568800642438556,0.2640934451550677,0.5002185451811638
ENC00002,v2,0.23305351314979178,0.238863532370496,0.5280829527389224
ENC00003,v2,0.2926248912784186,0.17530560305511408,0.5320695024999705
ENC00004,v2,0.19043454442705426,0.2600019204297236,0.5495635305132185
ENC00006,v2,0.2703841192796167,0.18956229313219017,0.5400535869123662
ENC00007,v2,0.19732084139077752,0.2143080703638218,0.5883710922466384
ENC00008,v2,0.25958293993240117,0.22313303598898582,0.5172840218091833
ENC00013,v2,0.25515712629402837,0.20738615069578412,0.5374567220287938
ENC00014,v2,0.14773126204808554,0.33636526177326836,0.5159034744898479
ENC00017,v2,0.19858970030129536,0.27673757022011625,0.5246727236555618
ENC00022,v2,0.27701553786578387,0.1770404893985909,0.545943973634554
ENC00023,v2,0.2302950458228588,0.20671630792319776,0.5629886470735073
ENC00024,v2,0.10318138138593538,0.24770060752558967,0.6491180117363515
ENC00031,v2,0.21793105495585638,0.22599349065091123,0.5560754537582397
ENC00034,v2,0.24720951834959642,0.21629914334265604,0.5364913372766404
ENC00043,v2,0.1382106734339946,0.22414510327923512,0.6376442206757409
ENC00052,v2,0.2342636486929324,0.2638383654670583,0.501897985736529
ENC00063,v2,0.16795611373064193,0.17929922706080656,0.6527446634841688
ENC00064,v2,0.18560867876224563,0.2390739928691759,0.5753173314103293
ENC00065,v2,0.27246319581853584,0.190000932604233,0.5375358620856671
ENC00067,v2,0.22686158779055574,0.25182147783248926,0.521316931344742
ENC00080,v2,0.2963723126169923,0.224155925262671,0.4794717694257761
ENC00081,v2,0.19366464181803167,0.22576419132695133,0.5805711639778954
ENC00084,v2,0.23067964316794165,0.20072969764953963,0.5685906613038646
ENC00088,v2,0.2623761031170224,0.21035804276087489,0.5272658514653066
ENC00089,v2,0.26127926065869955,0.21847348500286107,0.520247257112161
ENC00090,v2,0.2563021154464962,0.1832816086918394,0.560416280387718
ENC00096,v2,0.25154006502458026,0.17367571122234776,0.5747842253673644
ENC00098,v2,0.2369763558410635,0.300736668623156,0.4622869678217955
ENC00103,v2,0.1511396746289857,0.24319057517308504,0.6056697574701715
ENC00106,v2,0.1592475457028264,0.2428834654213417,0.5978689914657956
ENC00111,v2,0.2087590770251983,0.16131312671257594,0.6299278010836745
ENC00113,v2,0,0.34375650488904547,0.6562434945787702
ENC00121,v2,0.23554566275814307,0.19627192545601208,0.5681824110772299
ENC00125,v2,0.24167068214977488,0.22489050030708313,0.533438820698682
ENC00128,v2,0.29889310230907884,0.19470082076483416,0.5064060808096117
ENC00130,v2,0.2855474485067634,0.17271453630481218,0.5417380170510696
ENC00133,v2,0.24532481978590392,0.1987048566854578,0.5559703234811219
ENC00143,v2,0.21614095576259554,0.2643962720294996,0.5194627736904183
ENC00149,v2,0.25038527126113574,0.17215702589213228,0.5774576994280021
ENC00151,v2,0,0.44324640838838203,0.5567535917933394
ENC00159,v2,0.16519966172148484,0.21980789902083803,0.6149924379406553
ENC00162,v2,0.2283602645381903,0.22672649852644938,0.5449132369114802
ENC00164,v2,0.16850952367770344,0.2677446385871058,0.5637458338312906
ENC00167,v2,0.16832659411990997,0.19220563994333295,0.6394677675596558
ENC00170,v2,0.20274480152079183,0.20525366101318446,0.5920015405385922
ENC00171,v2,0.26410525708316684,0.21251773206634564,0.5233770135018203
ENC00173,v2,0.22718251044495721,0.3011809073472291,0.47163658597496116
ENC00188,v2,0.15655968126375228,0.22907126061618327,0.6143690567463637
ENC00191,v2,0.25508563118355887,0.18386505816822812,0.5610493149968886
ENC00192,v2,0.15016731321811677,0.41001252134641014,0.43982017073366375
ENC00193,v2,0.1677074901835651,0.2000720575071719,0.6322204543619739
ENC00202,v2,0.2924610854248808,0.16674053588073062,0.540798377509069
ENC00208,v2,0.13557476920318112,0.37032042545815036,0.4941048050579959
ENC00209,v2,0.23220454184692116,0.2200473666285412,0.5477480980791624
ENC00210,v2,0.1587785359063163,0.28338576512547525,0.5578356964013925
ENC00214,v2,0,0.47249434965771514,0.5275056439560729
ENC00217,v2,0.19288744766152266,0.20459341438430728,0.6025191385938664
ENC00237,v2,0.2624303372133346,0.20684376254322984,0.5307259040219443
ENC00238,v2,0.25451912415715366,0.20839912184657386,0.5370817496799506
ENC00250,v2,0.22651538138791005,0.2297569064005297,0.543727711451297
ENC00255,v2,0.1647920140587702,0.3162579963029158,0.518949988411694
ENC00256,v2,0.2418588015546159,0.27853903433353433,0.47960216570191266
ENC00259,v2,0.2786030552681835,0.20393798106360708,0.5174589650384311
ENC00260,v2,0.21100904967855005,0.3081401541829109,0.48085079736569347
ENC00263,v2,0.13364907801151277,0.3281760642195449,0.5381748599164626
ENC00264,v2,0.20221682354098275,0.23012495381491524,0.56765822271506
ENC00267,v2,0.18870237395870235,0.17835775694265119,0.6329398773751169
ENC00270,v2,0.2884695301140387,0.15532437767686808,0.5562060951717257
ENC00271,v2,0.21837875159347758,0.23127057381412564,0.5503506828756893
ENC00272,v2,0.13449663502892645,0.299493762157341,0.5660096035145297
ENC00275,v2,0.1453308146640969,0.20157176300805682,0.6530974187577764
ENC00289,v2,0.1781536415633228,0.2966863602399826,0.5251599940988753
ENC00291,v2,0.24340848312262567,0.2068211303983805,0.549770383584884
ENC00292,v2,0.18618456465757896,0.21251505310429591,0.6013003804973353
ENC00294,v2,0.2678726265206933,0.16068414607240508,0.571443227554361
ENC00296,v2,0.25917095162494236,0.23529183236492235,0.5055372179594151
ENC00298,v2,0.22975364187127584,0.24445472793145614,0.5257916262784561
ENC00304,v2,0.1909448668220133,0.335649126402612,0.4734060072673942
ENC00306,v2,0.24018432496067804,0.2878008937606445,0.4720147867233325
ENC00310,v2,0.17709328463444343,0.2684680774019888,0.5544386334144152
ENC00319,v2,0.24777464043926184,0.25430494604606024,0.49792042038810086
ENC00323,v2,0.21495857371224297,0.24267884521848626,0.5423625826835632
ENC00326,v2,0.16777547899587655,0.34371174393612663,0.4885127796435062
ENC00327,v2,0.1694277418559199,0.26770853090125163,0.5628637255312087
ENC00329,v2,0.2610501823456664,0.20982530346434367,0.5291245156212857
ENC00330,v2,0.2273053754080128,0.20248253243351047,0.5702120918821503
ENC00336,v2,0.23344342991935485,0.16306146172891287,0.6034951088103381
ENC00337,v2,0.21196670244847024,0.2566780968272424,0.5313552013792835
ENC00341,v2,0.1776382398719971,0.23878504044543475,0.5835767245063415
ENC00344,v2,0.21815237828663417,0.2640228939375707,0.517824730596372
ENC00349,v2,0.16514935552493318,0.2615840287467876,0.5732666219209696
ENC00358,v2,0,0.5118281581636631,0.4881718386754845
ENC00359,v2,0.25326900996076757,0.23091878842275876,0.5158121971747814
ENC00360,v2,0.239494189053126,0.213046721385225,0.5474590879419575
ENC00362,v2,0.13993645055840412,0.3428821621669663,0.5171813956565328
ENC00368,v2,0.2290208345486058,0.242283050239914,0.5286961126658651
ENC00372,v2,0.20516103904957722,0.23439025999319674,0.5604486929045783
ENC00376,v2,0.19619833582709,0.2409855952529713,0.5628160695696987
ENC00381,v2,0.21040531875484664,0.19436147638961024,0.5952332068396651
ENC00382,v2,0.24563680126478799,0.21533180537976718,0.5390313913947657
ENC00386,v2,0.21613879015462267,0.23828486547184488,0.5455763422780566
ENC00389,v2,0.20701803462769913,0.22184784649586192,0.5711341193135904
ENC00390,v2,0.21961584765660136,0.23597447941765973,0.5444096730727899
ENC00392,v2,0.21680020780741482,0.25161828997748337,0.5315815013373035
ENC00393,v2,0.23412475578094782,0.2020535722178848,0.5638216726089779
ENC00402,v2,0.2203604773751327,0.22427476908834207,0.5553647538026174
ENC00403,v2,0.2500161375594503,0.1536673732841288,0.5963164875070557
ENC00405,v2,0.2003934281049194,0.29781222740536206,0.5017943482150088
ENC00413,v2,0.23421706004840573,0.21270634792745113,0.5530765892528906
ENC00414,v2,0.24310747554732692,0.20901554036471579,0.5478769859506024
ENC00418,v2,0.21711893199305785,0.18380520196729586,0.5990758671572334
ENC00419,v2,0.15895031501403015,0.27501870252275734,0.5660309801610668
ENC00424,v2,0.2310689653802131,0.16543865223814333,0.603492381583367
ENC00428,v2,0.18010088880309613,0.22468539172688784,0.5952137226270418
ENC00432,v2,0.20536928935484453,0.23418931046670133,0.5604413932020014
ENC00433,v2,0.1880329224173309,0.20840506467233305,0.603562015659955
ENC00435,v2,0,0.5243918333660093,0.47560816454259974
ENC00436,v2,0.2013515612224535,0.19542242098143514,0.6032260279266202
ENC00441,v2,0.22984046525168186,0.26997908407333987,0.5001804468411843
ENC00443,v2,0.16448023531521702,0.25884618952163846,0.5766735774432791
ENC00444,v2,0.1957682329121717,0.23829843517566143,0.5659333339264226
ENC00451,v2,0.24976049260337754,0.21091221151227998,0.5393272965851397
ENC00453,v2,0.20222313362773103,0.28592934503708733,0.5118475194909785
ENC00456,v2,0.1821314481311831,0.32153748731160986,0.49633106455720705
ENC00457,v2,0.24820975828673933,0.18795354122465308,0.5638366999564233
ENC00459,v2,0.22918491731298732,0.24471578160499005,0.5260992961678099
ENC00461,v2,0.21576057204717322,0.20963726312959496,0.5746021715900566
ENC00444,v2,0.1957682329121717,0.23829843517566143,0.5659333339264226
ENC00449,v2,0.2896022264186929,0.20613049990611104,0.5042672746065187
ENC00451,v2,0.24976049260337754,0.21091221151227998,0.5393272965851397
ENC00453,v2,0.20222313362773103,0.28592934503708733,0.5118475194909785
ENC00456,v2,0.1821314481311831,0.32153748731160986,0.49633106455720705
ENC00457,v2,0.24820975828673933,0.18795354122465308,0.5638366999564233
ENC00459,v2,0.22918491731298732,0.24471578160499005,0.5260992961678099
ENC00461,v2,0.21576057204717322,0.20963726312959496,0.5746021715900566
ENC00462,v2,0.1877558405439441,0.22478630812838674,0.5874578525813726
ENC00463,v2,0.26851579841847223,0.21207695244811475,0.5194072534019748
ENC00464,v2,0.18489342031103592,0.31099296269225485,0.5041136195262274
ENC00465,v2,0.20708844215487657,0.23303014450989987,0.5598814137603926
ENC00469,v2,0.19995486386346095,0.21564563585802762,0.5843995013321289
ENC00471,v2,0.20768914827384238,0.1993781475211717,0.5929327103470968
ENC00474,v2,0.18596158063127882,0.2440890373218627,0.569949379989079
ENC00475,v2,0.23069565243473866,0.2341932412236929,0.5351111027525692
ENC00477,v2,0.1777158210027045,0.3628904407007107,0.45939373127792194
ENC00478,v2,0.24720785912217164,0.20828224043929722,0.5445099004158159
ENC00479,v2,0.24410610201044214,0.23974855999565786,0.5161453382008605
ENC00482,v2,0.23543273480897098,0.22018084717319183,0.5443864109897122
ENC00489,v2,0.2506513827984486,0.186473505691104,0.5628751062471932
ENC00490,v2,0.16068538479093047,0.2565767544011275,0.5827378612425592
ENC00492,v2,0.22166312216444217,0.19675134259097754,0.581585536928887
ENC00511,v2,0.2503930479288101,0.20613991476747454,0.543467039964637
ENC00513,v2,0.20357816196268513,0.22795407958550468,0.56846775735418
ENC00519,v2,0.2692277031285422,0.1742456305062487,0.5565266677311489
ENC00524,v2,0.2500187237011759,0.219988689880426,0.5299925915896893
ENC00529,v2,0.22543161544534895,0.21602136289907825,0.5585470174749693
ENC00538,v2,0.2530917544430549,0.20920974646754767,0.5376985014305202
ENC00543,v2,0.2056883852928877,0.26576191948593725,0.5285496947222522
ENC00548,v2,0.19851043302079904,0.2177739648391371,0.5837156039217244
ENC00550,v2,0.2011628515761474,0.24615091409791132,0.5526862355141804
ENC00559,v2,0.2298088506485025,0.22652987247953812,0.5436612733950218
ENC00562,v2,0.24960464358329773,0.19546316945925354,0.554932192414999
ENC00563,v2,0.21349649180669383,0.2659666650446065,0.5205368451684355
ENC00571,v2,0.20948455152525144,0.1999991500792517,0.5905163027346134
ENC00573,v2,0.27945160093795823,0.20707216701773276,0.5134762286780828
ENC00575,v2,0.2721732775762416,0.15593118319418608,0.5718955358392314
ENC00577,v2,0.24009612249210477,0.24443471464328467,0.515469155088067
ENC00580,v2,0.24687516359104353,0.2163817355176434,0.5367431051351808
ENC00581,v2,0.23467358928628085,0.22165104819507134,0.5436753579756108
ENC00587,v2,0.21937998740743564,0.24138348042884822,0.5392365261752118
ENC00590,v2,0.22679893556264563,0.1952266671754625,0.5779743968346797
ENC00591,v2,0.17754754730283398,0.24166207099716142,0.5807903829502733
ENC00592,v2,0.2716034093628759,0.20034721760970095,0.52804937456613
ENC00596,v2,0.1794370660515687,0.2902150579536234,0.5303478701651552
ENC00598,v2,0.28122772958050385,0.22125694294400672,0.49751532664324377
ENC00600,v2,0.142455343385132,0.23999590132081386,0.6175487588862983
ENC00606,v2,0.26261343816534066,0.29000949066800946,0.4473770637160692
ENC00608,v2,0.26972814418118574,0.2222898812943149,0.5079819703924244
ENC00620,v2,0.1995715418050432,0.2860161288935914,0.5144123274546403
ENC00631,v2,0.25858624439726596,0.1982665812416423,0.5431471721779916
ENC00637,v2,0.1537965600774891,0.26468053836932126,0.5815229039082582
ENC00640,v2,0.18445964580083765,0.24006697926216009,0.5754733739829645
ENC00643,v2,0.1797892072478707,0.28951055970921946,0.5307002251737574
ENC00657,v2,0.2072225533749746,0.2589778778669627,0.5337995689200319
ENC00661,v2,0.23530670151461003,0.2751651489890592,0.4895281497129174
ENC00665,v2,0.22516999702628065,0.24557370481240312,0.5292563011370054
ENC00667,v2,0.25152136934074487,0.18810248098082163,0.5603761537508531
ENC00671,v2,0.14320701635866004,0.27562756777148356,0.581165424124761
ENC00694,v2,0.21006023153966788,0.24111891655745554,0.5488208501922841
ENC00696,v2,0.20117247166732946,0.3113269815664916,0.4875005442826521
ENC00697,v2,0.1933737895279019,0.21797639090153906,0.5886498218701209
ENC00711,v2,0.24515150080329365,0.18026403139931024,0.5745844687383199
ENC00717,v2,0.15196782872080802,0.21139209553260696,0.6366400772875006
ENC00720,v2,0.2859359823995166,0.18929457664489746,0.524769440624449
ENC00721,v2,0.16176148477409566,0.19345051424615844,0.6447880009607393
ENC00727,v2,0.18065374362540532,0.2936575029898121,0.5256887541477939
ENC00729,v2,0.25608263921020624,0.19641446557484174,0.5475028932542729
ENC00730,v2,0.19220419571949884,0.28088542002324873,0.5269103820125262
ENC00734,v2,0.18525745943878535,0.27554516846107113,0.5391973756529667
ENC00744,v2,0.18715819752359963,0.3566558235829853,0.45618598324706755
ENC00747,v2,0.21351402018512233,0.24739948222727587,0.5390865025895365
ENC00748,v2,0.21671393649970613,0.21900298623595296,0.5642830834883016
ENC00749,v2,0.2723066609964442,0.24306757775927657,0.48462576407994795
ENC00752,v2,0.19310142087709645,0.23070172706375952,0.5761968486982844
ENC00753,v2,0.17088255022543591,0.2500503302201048,0.5790671195302691
ENC00757,v2,0.1693613084157308,0.24060394711792468,0.5900347483158112
ENC00759,v2,0.257628500157473,0.19690324713913154,0.5454682607431801
ENC00762,v2,0.1447188789024949,0.2017677695806718,0.6535133497332627
ENC00765,v2,0.15425793806973256,0.22583387863185062,0.6199081857737742
ENC00771,v2,0.19743429364696627,0.24512791112365742,0.5574377965061895
ENC00772,v2,0.24868829758132546,0.18607032525090916,0.5652413776198637
ENC00778,v2,0.22199944606641445,0.24938636095967234,0.5286141975623805
ENC00787,v2,0.12936372191179543,0.275693288911134,0.5949429884552956
ENC00788,v2,0.22472025796902917,0.20451823295613306,0.5707615094374766
ENC00792,v2,0.15609847602248192,0.18318344809114934,0.6607180757522583
ENC00797,v2,0.14317870641063,0.2961740621804506,0.5606472283259205
ENC00801,v2,0,0.39781542385325713,0.6021845730162468
ENC00802,v2,0.23353474684855313,0.20068491973633906,0.5657803290387959
ENC00807,v2,0,0.4667710072227887,0.5332289974604334
ENC00808,v2,0.2615474882056412,0.18387010004552243,0.55458240804163
ENC00812,v2,0.174777723809189,0.25523877918640986,0.5699834994813229
ENC00813,v2,0.2115538070296369,0.2497561877684259,0.5386900093133856
ENC00815,v2,0.19134981110692023,0.24728241143748164,0.5613677725195885
ENC00830,v2,0.20139206387102604,0.17498319609356777,0.6236247319195952
ENC00832,v2,0,0.47246592166558116,0.5275340789640454
ENC00838,v2,0.21959272526281395,0.20583967587997004,0.5745675997021272
ENC00845,v2,0.1487902987996737,0.3556233904759089,0.4955863106250763
ENC00848,v2,0.21331980661080593,0.1879286913103179,0.5987514984189418
ENC00849,v2,0.22793450097863874,0.25103562519264716,0.521029879235559
ENC00002,v3,0.2093920877360436,0.29990434045174036,0.49070356552859384
ENC00003,v3,0.23629965141569217,0.27397681258081164,0.48972353308471206
ENC00004,v3,0.13968032598495483,0.3984085275518774,0.4619111471404933
ENC00006,v3,0.1954115539621771,0.3259589982669005,0.4786294497800677
ENC00007,v3,0.2074159271622959,0.29659160654011524,0.49599246759163707
ENC00008,v3,0.17306929011389893,0.30903813520551854,0.5178925740831303
ENC00013,v3,0.21483115469958602,0.23460339222635543,0.5505654561419447
ENC00014,v3,0.06642112224880192,0.48004181997643575,0.45353705220752294
ENC00017,v3,0.16612725869514222,0.3733019786345404,0.46057075608608333
ENC00022,v3,0.17691199583750145,0.36534146460540157,0.4577465450354651
ENC00023,v3,0.16031020574703597,0.3148337202956495,0.5248560720811719
ENC00024,v3,0.08923460438619463,0.37668133838748447,0.5340840576254592
ENC00031,v3,0.18987124370116937,0.2621314698928281,0.547997289268594
ENC00034,v3,0.24286372099340575,0.24064428149962547,0.5164919941081214
ENC00043,v3,0.09490503086661449,0.40163562480698933,0.5034593428024138
ENC00052,v3,0.19098902352248567,0.35780969865714446,0.4512012738593017
ENC00063,v3,0.10946465635465251,0.37570824170554123,0.5148271024227142
ENC00064,v3,0.16416968243707597,0.3136731516734689,0.5221571615048214
ENC00065,v3,0.2211821712553501,0.26279947358610417,0.5160183555757006
ENC00067,v3,0.16626738205552102,0.3045460322871804,0.529186589717865
ENC00080,v3,0.21915594079509015,0.3185808915735745,0.46226317181092935
ENC00081,v3,0.15373466945815795,0.3077711063151312,0.5384942299068565
ENC00084,v3,0.19546026126184363,0.27045118309398913,0.5340885505714315
ENC00088,v3,0.20167131579207803,0.23113063555545435,0.5671980485409319
ENC00089,v3,0.23450327820721126,0.2719013292519819,0.4935953934987386
ENC00090,v3,0.24468858744454594,0.194675873684804,0.5606355349310731
ENC00096,v3,0.20654658774534862,0.34833863327900566,0.4451147783133719
ENC00098,v3,0.1700255281424948,0.40388692669304355,0.4260875465614455
ENC00103,v3,0.09387176473286342,0.40765113764527167,0.4984770935367454
ENC00106,v3,0.10795478324766632,0.301545378357709,0.5904998439657796
ENC00111,v3,0.16950704957893553,0.34765457306453523,0.4828383833804029
ENC00113,v3,0.0,0.4371312294494022,0.5628687658093192
ENC00121,v3,0.2001055268350468,0.23906167015753765,0.5608328050503166
ENC00125,v3,0.18428539211797243,0.27387196323511626,0.5418426447575635
ENC00128,v3,0.23362695217992252,0.316369252351041,0.4500037950391953
ENC00130,v3,0.17597006261348724,0.2697486587767971,0.5542812764901539
ENC00133,v3,0.22175542105950655,0.23679915775034216,0.5414454238789697
ENC00143,v3,0.16416541875192994,0.32837062289840296,0.5074639610554043
ENC00149,v3,0.21507428268140014,0.27082755487750876,0.5140981590205973
ENC00151,v3,0.0,0.4447916534882558,0.5552083487752117
ENC00159,v3,0.15202839598926002,0.32023227158500706,0.5277393273142881
ENC00162,v3,0.15827116534366445,0.33977014287295987,0.5019586889420525
ENC00164,v3,0.1351551856337623,0.28088951056653805,0.5839553033763712
ENC00167,v3,0.13428077070663372,0.37075890393720734,0.4949603256665998
ENC00170,v3,0.1729797378604142,0.29278027561475645,0.534239983783578
ENC00171,v3,0.25213876889741166,0.24948554224473365,0.49837568703484025
ENC00173,v3,0.19095183128737053,0.35144675579273477,0.45760141102210533
ENC00188,v3,0.13120969653289805,0.2964284246967685,0.5723618805728933
ENC00191,v3,0.18037847407162189,0.32025738347321747,0.4993641385436058
ENC00192,v3,0.14273400426063002,0.42049539119613416,0.43677060914282895
ENC00193,v3,0.09235764568185677,0.39595883315348107,0.5116835145846658
ENC00202,v3,0.21650929643650246,0.3077174844314354,0.4757732198093877
ENC00208,v3,0.124851143383421,0.38313083853572605,0.49201801754534247
ENC00209,v3,0.2314488037656515,0.2211071621053494,0.54744403446332
ENC00210,v3,0.13264191260849925,0.3163163878915595,0.5510417003656777
ENC00214,v3,0.0,0.44518798851483576,0.5548120083304139
ENC00217,v3,0.11866676588268842,0.36903737134793224,0.5122958627693793
ENC00237,v3,0.18203506228882213,0.34886296595944916,0.46910197357105654
ENC00238,v3,0.18710616255335719,0.2802282763279487,0.5326655635209842
ENC00250,v3,0.14891363746512717,0.34343104356917264,0.5076553160063574
ENC00255,v3,0.13929914395724025,0.41938800662755965,0.4413128503731319
ENC00256,v3,0.15096712726673098,0.36917862199417506,0.4798542536397017
ENC00259,v3,0.26567389458721996,0.1999077529703476,0.5344183499715767
ENC00260,v3,0.15443422478334656,0.3140802475912818,0.5314855281392048
ENC00263,v3,0.11187664272094315,0.33969469409097325,0.5484286655079235
ENC00264,v3,0.18414676582271403,0.2616540377112952,0.5541991932825608
ENC00267,v3,0.11949272360652685,0.30895953920894653,0.5715477422907435
ENC00270,v3,0.19445105024905346,0.2749851685601161,0.5305637839569974
ENC00271,v3,0.18013899505717082,0.2845420211698245,0.5353189850027121
ENC00272,v3,0.14116009352904446,0.26383962109684944,0.5950002837574707
ENC00275,v3,0.12341437562562452,0.22479984426114819,0.65178578177301
ENC00289,v3,0.12569806084371685,0.43401384420609207,0.44028809080632886
ENC00291,v3,0.18820815418254244,0.2658101293512366,0.5459817199544473
ENC00292,v3,0.14020558271337957,0.2871741911224207,0.5726202253033134
ENC00294,v3,0.2095934760593276,0.28760648612643924,0.5028000379564198
ENC00296,v3,0.19213933257524632,0.2817714420601356,0.5260892224705909
ENC00298,v3,0.18949757906040926,0.296154442018476,0.5143479745963524
ENC00304,v3,0.16413041523524693,0.4129620296732774,0.4229075513661854
ENC00306,v3,0.18048448561002378,0.35522014890675957,0.46429536734586174
ENC00310,v3,0.15867323861939125,0.2751817560016081,0.566145003998074
ENC00319,v3,0.20502598518133164,0.3182616494297981,0.4767123600244522
ENC00323,v3,0.19771838667664196,0.21029509024897425,0.5919865210457603
ENC00326,v3,0.16270429292987837,0.3484250938421802,0.48887061327695847
ENC00327,v3,0.15152410702271896,0.2707181654531847,0.5777577232230794
ENC00329,v3,0.19579656367754414,0.2775750108008837,0.5266284230199173
ENC00330,v3,0.16835310070378945,0.3071538046149924,0.5244930972262184
ENC00336,v3,0.19677878872065221,0.2719208993080814,0.5313003080881248
ENC00337,v3,0.1889942274787105,0.28469628640092337,0.5263094924963437
ENC00341,v3,0.16663904990567718,0.3120599802323552,0.5213009702951409
ENC00344,v3,0.18188416768537194,0.2701282376026521,0.5479875915363187
ENC00349,v3,0.1298076252390941,0.38744453529516854,0.4827478382984797
ENC00358,v3,0.0,0.5006990312261784,0.4993009660789307
ENC00359,v3,0.213830706308183,0.31101134081476745,0.47515795003507555
ENC00360,v3,0.2026633350787876,0.2421827077795969,0.5551539578727472
ENC00362,v3,0.06721838940172753,0.36443792838365474,0.5683436851869238
ENC00368,v3,0.13700149931451855,0.39604028060155755,0.4669582238968681
ENC00372,v3,0.14549079560468683,0.28746103515139726,0.5670481663098378
ENC00376,v3,0.10608611604604955,0.32253472064446687,0.5713791622031004
ENC00381,v3,0.18922209680238936,0.2609551794272154,0.5498227247215332
ENC00382,v3,0.20909244008362293,0.25318278805834465,0.5377247686786898
ENC00386,v3,0.18722956106066704,0.26748481730620066,0.5452856254577637
ENC00389,v3,0.1364213293616442,0.3574097747815416,0.5061688974816748
ENC00390,v3,0.19264843214303254,0.25187881451100114,0.5554727488756179
ENC00392,v3,0.18438190190081902,0.3192525233360047,0.49636556969044054
ENC00393,v3,0.19927125064463452,0.2621206873278508,0.5386080645966804
ENC00402,v3,0.16516397755455087,0.35512588955002067,0.47971012802035723
ENC00403,v3,0.12660776967039475,0.4065586283373145,0.46683360270869273
ENC00405,v3,0.1527514299377799,0.2905864209557573,0.5566621476577388
ENC00413,v3,0.18005338953022498,0.28947656947266626,0.5304700392915542
ENC00414,v3,0.1639125741491414,0.354724767608474,0.48136265937126044
ENC00418,v3,0.15283846149132366,0.3173995004878158,0.5297620395819346
ENC00419,v3,0.1530992116365168,0.31414625570178034,0.532754533820682
ENC00424,v3,0.22450407270204137,0.17962878200880908,0.5958671441508664
ENC00428,v3,0.14348099237451187,0.32215618017392283,0.5343628220069103
ENC00432,v3,0.14297472627266594,0.3494287746432035,0.5075965023559073
ENC00433,v3,0.15415161521100312,0.3189784287870359,0.5268699548227324
ENC00435,v3,0.0,0.5051366886671852,0.49486331361181596
ENC00436,v3,0.19952851095342938,0.31724426272926454,0.48322722353512726
ENC00441,v3,0.14076013622336647,0.3965034073307401,0.46273645292334004
ENC00443,v3,0.08487828516147354,0.280619773413401,0.6345019440266711
ENC00444,v3,0.12392960757363675,0.3571407825274523,0.518929609898911
ENC00451,v3,0.2244735506020094,0.2664911831287961,0.5090352665436896
ENC00453,v3,0.16221834083690362,0.35341720792519693,0.48436445238835674
ENC00456,v3,0.14328649835899854,0.4114075832259961,0.4453059154538772
ENC00457,v3,0.19255014979976348,0.34298792438602993,0.46446192281684656
ENC00459,v3,0.14860203190177096,0.3956746562731032,0.45572330919550913
ENC00461,v3,0.1763583228457719,0.2535572860118312,0.5700843889887134
ENC00444,v3,0.12392960757363675,0.3571407825274523,0.518929609898911
ENC00449,v3,0.21220392792248258,0.28604027398807164,0.5017558025086627
ENC00451,v3,0.2244735506020094,0.2664911831287961,0.5090352665436896
ENC00453,v3,0.16221834083690362,0.35341720792519693,0.48436445238835674
ENC00456,v3,0.14328649835899854,0.4114075832259961,0.4453059154538772
ENC00457,v3,0.21215889080662595,0.28270286735948,0.5051382376211826
ENC00459,v3,0.14860203190177096,0.3956746562731032,0.45572330919550913
ENC00461,v3,0.1767980247412039,0.27660915105725115,0.5465928217315156
ENC00462,v3,0.16799833540721695,0.2457733969803494,0.5862282676862018
ENC00463,v3,0.24242909040687413,0.24389546171858392,0.5136754506363951
ENC00464,v3,0.108586930737053,0.43135620500009086,0.4600568585789081
ENC00465,v3,0.15190667586941872,0.33815812619943775,0.5099351989325657
ENC00469,v3,0.17495079598544785,0.2650683540074776,0.5599808540816108
ENC00471,v3,0.1614053676689952,0.3163449118945224,0.5222497192049814
ENC00474,v3,0.11539330256280599,0.3739691137059315,0.5106375794689935
ENC00475,v3,0.14542571199126542,0.32195503041813417,0.5326192606506603
ENC00477,v3,0.09927142581769398,0.4068465029909497,0.49388206501801807
ENC00478,v3,0.192355698715615,0.307642878904458,0.5000014189750918
ENC00479,v3,0.17482957368095717,0.307671641753543,0.5174987848315921
ENC00482,v3,0.16832104169187093,0.328298391969431,0.503380563997087
ENC00489,v3,0.170294183589842,0.29751179537371447,0.5321940219272738
ENC00490,v3,0.11476691262986587,0.2928444803217236,0.5923886071054303
ENC00492,v3,0.18338225218984816,0.30606455273098415,0.5105531967348522
ENC00511,v3,0.20374816443978083,0.26042638963554054,0.5358254478002588
ENC00513,v3,0.165408137275113,0.3073800593407618,0.5272118013766077
ENC00519,v3,0.1573520050414147,0.3267368059004507,0.5159111936246196
ENC00524,v3,0.22935428461059928,0.2756840439047664,0.49496166687458754
ENC00529,v3,0.21431666107313468,0.25995360466070694,0.5257297351513759
ENC00538,v3,0.1777327349080759,0.33078330899862685,0.4914839588543948
ENC00543,v3,0.18149817834809884,0.33315673401368034,0.48534508218470307
ENC00548,v3,0.20039338108387078,0.21447249018662684,0.585134122285757
ENC00550,v3,0.15774016982290598,0.3467267064657886,0.4955331197882121
ENC00559,v3,0.1786737192611573,0.30683367067979556,0.5144926150471477
ENC00562,v3,0.21042298677220808,0.2508177359267014,0.5387592741609675
ENC00563,v3,0.11976351136387872,0.36998077211054886,0.5102557202508627
ENC00571,v3,0.13306962522897828,0.4223065399721767,0.44462383622198964
ENC00573,v3,0.1586333249695599,0.38317423183470967,0.4581924447789788
ENC00575,v3,0.229146852635819,0.2610576071493004,0.5097955412190893
ENC00577,v3,0.1574977437655131,0.3914540607011181,0.4510481921078145
ENC00580,v3,0.17318593032574386,0.340989116537437,0.4858249511276738
ENC00581,v3,0.1883083496774946,0.2744015523669671,0.537290101756855
ENC00587,v3,0.15322799965886785,0.3635780740492415,0.48319391847246945
ENC00590,v3,0.18269347846508027,0.3218167867511511,0.49548973366618154
ENC00591,v3,0.13976986079730772,0.31903658758897285,0.5411935467998703
ENC00592,v3,0.24071581854244298,0.2639987858828534,0.4952853959932756
ENC00596,v3,0.14219150662743787,0.26481811238600195,0.5929903818977823
ENC00598,v3,0.21528240048792213,0.25461235592956655,0.5301052394788712
ENC00600,v3,0.1044612308815781,0.3371230536923472,0.5584157138271669
ENC00606,v3,0.17679306836445122,0.3463435394665863,0.47686339613003065
ENC00608,v3,0.17068608044361583,0.3512255096313905,0.4780884082524144
ENC00620,v3,0.17706582878353233,0.3003680575323307,0.5225661073700857
ENC00631,v3,0.19396960131219915,0.3170143237656301,0.4890160662633879
ENC00637,v3,0.083130848145099,0.32382019322445926,0.5930489588984482
ENC00640,v3,0.1473075971007347,0.3238741074149546,0.5288183018565178
ENC00643,v3,0.16281432908300947,0.3386598995364294,0.4985257732432063
ENC00657,v3,0.11969468971135236,0.36422709037526313,0.5160782244526038
ENC00661,v3,0.15564359011509085,0.34557132551106073,0.4987850807687288
ENC00665,v3,0.17458490996311107,0.2457439075002358,0.579671183423627
ENC00667,v3,0.22150865917677406,0.30768518993160227,0.4708061506460001
ENC00671,v3,0.07393344785392719,0.3105656280569787,0.6155009288204848
ENC00694,v3,0.19719169931786676,0.25274368171249667,0.5500646178280154
ENC00696,v3,0.1638676898760928,0.39011931609776285,0.4460129933224784
ENC00697,v3,0.12090993656412415,0.3618679019905951,0.5172221592586973
ENC00711,v3,0.20836676824457792,0.21509140490421227,0.5765418281056442
ENC00717,v3,0.12577896431470528,0.28155261469192994,0.5926684217575269
ENC00720,v3,0.20501123332771762,0.2673473954971494,0.527641370275925
ENC00721,v3,0.12908014028261489,0.31107737432019067,0.5598424845016919
ENC00727,v3,0.16814865996795042,0.267949233895966,0.5639021106596503
ENC00729,v3,0.21197453218957651,0.2613031757914502,0.5267222949992055
ENC00730,v3,0.13430414543768696,0.3695483516555193,0.4961475035132364
ENC00734,v3,0.17693983166454694,0.3304588484267394,0.492601321484798
ENC00744,v3,0.16959866455623082,0.3304900798005062,0.4999112553976394
ENC00747,v3,0.17513642695155882,0.2973050055581899,0.5275585651397705
ENC00748,v3,0.15692167835576193,0.32073123746418525,0.5223470835813454
ENC00749,v3,0.22046607318851683,0.3174084451360007,0.46212548824648064
ENC00752,v3,0.11620407046215368,0.39153337124550697,0.49226255847675965
ENC00753,v3,0.12937455166932904,0.36953744575192654,0.5010880033803892
ENC00757,v3,0.14015418198919788,0.31202489629234237,0.5478209275560281
ENC00759,v3,0.20127724915742873,0.30545201867818833,0.4932707357406616
ENC00762,v3,0.11921547319952065,0.23348620583916582,0.6472983210067439
ENC00765,v3,0.13136494840368812,0.3803399522547369,0.48829509998545234
ENC00771,v3,0.17554033815646344,0.278977011712335,0.545482649327182
ENC00772,v3,0.18432580935488263,0.24272531551499682,0.5729488720556339
ENC00778,v3,0.15330104166880631,0.4029536298834361,0.44374532539110917
ENC00787,v3,0.0978716745051325,0.38115759610488853,0.5209707313327379
ENC00788,v3,0.18919311999343336,0.2951778773373614,0.5156289997200171
ENC00792,v3,0.08319941440040803,0.29380437973644824,0.6229962034078388
ENC00797,v3,0.13984487365399087,0.3238355946175906,0.5363195283072335
ENC00801,v3,0.0,0.5056087442262228,0.49439125300146813
ENC00802,v3,0.18956142643927246,0.2991565788985901,0.5112819945619952
ENC00807,v3,0.0,0.3763549224370056,0.623645078923021
ENC00808,v3,0.2004364820145001,0.30283510604890707,0.49672841078767155
ENC00812,v3,0.10577426472813026,0.3405689376045589,0.5536567950033927
ENC00813,v3,0.20032002915476643,0.3043930952458881,0.49528687551271083
ENC00815,v3,0.16888603223587878,0.29841837975927576,0.532695589206552
ENC00830,v3,0.16820228281544475,0.29381970275284314,0.5379780160217751
ENC00832,v3,0.0,0.41823244550503974,0.5817675556033111
ENC00838,v3,0.15131820587417746,0.3884503688616089,0.46023142564145825
ENC00845,v3,0.09847340141625507,0.4255367493175942,0.47598984707956726
ENC00848,v3,0.2010497006709161,0.3027152412935444,0.496235052658164
ENC00849,v3,0.17488164183243302,0.21063518319134564,0.6144831769688185
ENC00002,v4,0.15862316428853648,0.31023239515667417,0.531144442023152
ENC00003,v4,0.24960886417817668,0.2701410325791906,0.48025010513658284
ENC00004,v4,0.133061359405791,0.3992977140283366,0.4676409233874137
ENC00006,v4,0.1385496210110815,0.42261211887786265,0.4388382594836386
ENC00007,v4,0.1869620757027604,0.3028074749584856,0.5102304502807814
ENC00008,v4,0.14764097174192034,0.35704846975187327,0.49531055836869564
ENC00013,v4,0.17923766101221386,0.27181539269124005,0.5489469434288766
ENC00014,v4,0.04954015270258034,0.5185025428820934,0.4319573043446456
ENC00017,v4,0.16444602605199146,0.3929839671772217,0.4425700146739728
ENC00022,v4,0.18979186771955706,0.3097342392219637,0.5004738973719733
ENC00023,v4,0.12778293785328668,0.36319932887951534,0.5090177324910958
ENC00024,v4,0.06461590885495146,0.43947734738941546,0.4959067449801498
ENC00031,v4,0.1837466323846265,0.2742697554591455,0.5419836116464515
ENC00034,v4,0.24048777693702328,0.25400641928076423,0.5055058044131084
ENC00043,v4,0.07737567705400991,0.40175079793300267,0.520873525092062
ENC00052,v4,0.15672912031412126,0.3506895688176155,0.49258130773901937
ENC00063,v4,0.10011350490773717,0.3921103244026502,0.5077761712173621
ENC00064,v4,0.12612789037062766,0.41324380000538014,0.4606283145382049
ENC00065,v4,0.13535442110151052,0.4603299648379502,0.40431561353413953
ENC00067,v4,0.13059978463570587,0.4057864211499691,0.4636137941852212
ENC00080,v4,0.19849163415127022,0.32350091575536616,0.4780074498334596
ENC00081,v4,0.12301187105476856,0.41142471227794886,0.46556341666728257
ENC00084,v4,0.13548253473515312,0.3714118734622995,0.4931055960555871
ENC00088,v4,0.1561820849853476,0.3012229477494492,0.5425949708939833
ENC00089,v4,0.20707239093115695,0.26873948897879857,0.52418811917305
ENC00090,v4,0.21464313600861698,0.23707954500109776,0.5482773131460225
ENC00096,v4,0.20304850861430168,0.3018244636058807,0.49512702465057373
ENC00098,v4,0.14737099078976043,0.41656656660200136,0.4360624441528708
ENC00103,v4,0.0892723357725528,0.39849603648788184,0.5122316271387121
ENC00106,v4,0.08921819018705944,0.36623081031404897,0.5445509994471515
ENC00111,v4,0.11043849200244964,0.433694638077199,0.45586687279498483
ENC00113,v4,0.0,0.5556046868718806,0.44439531419248807
ENC00121,v4,0.11009071477219066,0.4792143628001213,0.4106949215705416
ENC00125,v4,0.13975444984373073,0.3525228421662895,0.5077227045532683
ENC00128,v4,0.20184622968618687,0.3336503772208324,0.464503394984282
ENC00130,v4,0.15093859567617376,0.3507995571941137,0.4982618464777867
ENC00133,v4,0.22502181398971327,0.2131820856368747,0.5617960970977257
ENC00143,v4,0.1448228358596313,0.3712022553722398,0.483974908705519
ENC00149,v4,0.1579089786167498,0.3640641543600294,0.4780268652571572
ENC00151,v4,0.0,0.49473035951646477,0.5052696421551399
ENC00159,v4,0.09763967782658126,0.2711218373716942,0.6312384848083769
ENC00162,v4,0.13319053353718768,0.4742315060194628,0.39257796108722687
ENC00164,v4,0.11229211991280318,0.3190245460569859,0.5686833338737488
ENC00167,v4,0.09510745782405138,0.3822849305719137,0.5226076145470142
ENC00170,v4,0.17891912123090342,0.2959605975305302,0.525120286434366
ENC00171,v4,0.16133050277962216,0.33936328620516826,0.4993062111149941
ENC00173,v4,0.18338156291195806,0.3612763909798748,0.45534205071206363
ENC00188,v4,0.11536015508075555,0.3573396976859797,0.5273001474993569
ENC00191,v4,0.14912304465066303,0.34404683702371336,0.5068301168355075
ENC00192,v4,0.13494468273388016,0.4343560303401465,0.43069929019971326
ENC00193,v4,0.0801819117078858,0.48620513866665543,0.4336129476626714
ENC00202,v4,0.2192879532231018,0.2537549266126007,0.5269571174867451
ENC00208,v4,0.05701733812762117,0.5014448251249721,0.44153783636764415
ENC00209,v4,0.21495688185896925,0.2404219104197397,0.5446212096239931
ENC00210,v4,0.12781772232399538,0.33695520002108353,0.5352270769385191
ENC00214,v4,0.0,0.501330964366595,0.4986690416932106
ENC00217,v4,0.10705070433360112,0.37190663842838023,0.5210426585583747
ENC00237,v4,0.14696925561875104,0.414297743452092,0.4387329986318946
ENC00238,v4,0.1857442734097796,0.27845330559648573,0.535802422357457
ENC00250,v4,0.15332004159016716,0.2620928912962738,0.584587063556327
ENC00255,v4,0.12419730417982296,0.42687602607924263,0.4489266671884207
ENC00256,v4,0.1389083616849449,0.4321978343857659,0.42889380471573935
ENC00259,v4,0.26403556247146764,0.2007769939052511,0.535187445276854
ENC00260,v4,0.13417189803851,0.3642447974313708,0.5015833062284133
ENC00263,v4,0.09907571272077885,0.3540623253042048,0.5468619568781419
ENC00264,v4,0.17402708995263133,0.27509656589709025,0.5508763434085171
ENC00267,v4,0.09497773986064144,0.3333975962352949,0.5716246638324235
ENC00270,v4,0.15218420307231106,0.38697241034870056,0.4608433865546401
ENC00271,v4,0.12500102796602522,0.4585783575800644,0.4164206202345333
ENC00272,v4,0.1254612885658508,0.35272321736683016,0.521815496618333
ENC00275,v4,0.11984858211750786,0.30409364693332464,0.5760577764982978
ENC00289,v4,0.11634706660777658,0.4396906608081126,0.44396227254317355
ENC00291,v4,0.18832455173134804,0.29520141664892435,0.5164740358293056
ENC00292,v4,0.1426080769194024,0.2620033328421414,0.5953885933118207
ENC00294,v4,0.20521099273054327,0.33659005378846263,0.4581989577559174
ENC00296,v4,0.18704132454698547,0.3241934799180742,0.4887651938356851
ENC00298,v4,0.11534122722809548,0.3755425180640671,0.5091162552158316
ENC00304,v4,0.14277310855686665,0.47334642927088433,0.3838804669323422
ENC00306,v4,0.1769933324026805,0.40492971177383136,0.41807695982917664
ENC00310,v4,0.13856986562003853,0.3491997423841328,0.5122303940722199
ENC00319,v4,0.19287226183546913,0.33898528671217343,0.46814245505938457
ENC00323,v4,0.16877250845479494,0.3149442261103356,0.5162832629267532
ENC00326,v4,0.1335895460887024,0.37186056339683443,0.49454989484869516
ENC00327,v4,0.15063818309988294,0.32207345267136894,0.5272883656479064
ENC00329,v4,0.18694367165769543,0.33995891208047263,0.47309741700017777
ENC00330,v4,0.1713898349712547,0.33439629142865157,0.4942138750328977
ENC00336,v4,0.14049092709094055,0.3554709724388843,0.504038102289503
ENC00337,v4,0.11752022754657886,0.3851262489012603,0.49735352743802397
ENC00341,v4,0.14688764026181567,0.33881699369737395,0.5142953642816456
ENC00344,v4,0.16416453223114144,0.3465081336461518,0.4893273380521226
ENC00349,v4,0.11237448753887101,0.42092096664403617,0.4667045533657074
ENC00358,v4,0.0,0.4856923587168708,0.5143076395898154
ENC00359,v4,0.17037901915018522,0.3091215791683348,0.520499398784032
ENC00360,v4,0.20125059250230884,0.2605240834219491,0.5382253269062323
ENC00362,v4,0.06854140287791581,0.39649004748334055,0.5349685462272685
ENC00368,v4,0.12167533534638425,0.43842192699617527,0.43990273440771915
ENC00372,v4,0.11551941595161738,0.3866121713881907,0.49786841189083847
ENC00376,v4,0.09352548100287095,0.35213987846509553,0.5543346364283934
ENC00381,v4,0.18100392407822338,0.27214908494021406,0.5468469942835245
ENC00382,v4,0.20361534995983724,0.33153222348183803,0.46485242737482674
ENC00386,v4,0.1544931669499767,0.29244537592938774,0.5530614605110683
ENC00389,v4,0.10929836452340902,0.3552346829491765,0.5354669516655937
ENC00390,v4,0.15259887685633114,0.31642211995955205,0.5309790037890785
ENC00392,v4,0.11877240365793724,0.4349288061386397,0.4462987930834794
ENC00393,v4,0.17776566315302275,0.23809390960443289,0.584140425113807
ENC00402,v4,0.1631360190345886,0.38244289667048353,0.45442108413640486
ENC00403,v4,0.12191119777341174,0.36206697408332783,0.5160218295760644
ENC00405,v4,0.11606092384604157,0.3465517227400522,0.53738735408568
ENC00413,v4,0.17116767508733985,0.3220893585592763,0.5067429676269873
ENC00414,v4,0.13981746058396208,0.39937996488761124,0.460802575800477
ENC00418,v4,0.14215164651007703,0.3884102013738205,0.46943815316384035
ENC00419,v4,0.13294259335884115,0.4160289948748559,0.4510284113822524
ENC00424,v4,0.19383954830401767,0.2138541756049458,0.592306273569048
ENC00428,v4,0.13280859528091346,0.37590448088148265,0.4912869218483712
ENC00432,v4,0.10740014031529427,0.45310195289552213,0.43949790343642237
ENC00433,v4,0.14556423102815946,0.35631177214284737,0.49812399558722975
ENC00435,v4,0.0,0.4816023704798325,0.5183976332778516
ENC00436,v4,0.1394938444637734,0.30879961359112157,0.551706544990125
ENC00441,v4,0.12222143237550671,0.4730680196617658,0.40471054498965925
ENC00443,v4,0.08271262929058419,0.3225960581061932,0.5946913212537766
ENC00444,v4,0.11017071796315057,0.3910700468080384,0.49875922614619844
ENC00451,v4,0.1624696312206132,0.3721377398286547,0.46539262604145776
ENC00453,v4,0.13738354015208426,0.42879270102296557,0.4338237604924611
ENC00456,v4,0.11905540531063409,0.43123132309743334,0.4497132700640485
ENC00457,v4,0.18346491795365172,0.3584450045139483,0.45809007856515377
ENC00459,v4,0.1503021455137059,0.4018651701820393,0.44783267270152766
ENC00461,v4,0.144440018051004,0.368480671197176,0.4870793113516549
ENC00462,v4,0.1568590238775042,0.34413206043907185,0.4990089149637656
ENC00444,v4,0.11017071796315057,0.3910700468080384,0.49875922614619844
ENC00449,v4,0.17293828512941087,0.2922079814331872,0.534853729392801
ENC00451,v4,0.18092910804682308,0.35297980664504897,0.4660910865774861
ENC00453,v4,0.13738354015208426,0.42879270102296557,0.4338237604924611
ENC00456,v4,0.11512424021788027,0.44880141039518107,0.43607434827363356
ENC00457,v4,0.1888881662023177,0.3007268952120335,0.5103849342109961
ENC00459,v4,0.1503021455137059,0.4018651701820393,0.44783267270152766
ENC00461,v4,0.11176996345145512,0.47529620077230234,0.41293383587514404
ENC00462,v4,0.1568590238775042,0.34413206043907185,0.4990089149637656
ENC00463,v4,0.2103969918489456,0.3083452700674534,0.48125774013996125
ENC00464,v4,0.08810640644607326,0.48391143835726236,0.42798215576580595
ENC00465,v4,0.09942648530398544,0.4956833096711259,0.404890199763733
ENC00469,v4,0.15254116509854793,0.33958464896678925,0.507874184370041
ENC00471,v4,0.14087502658367157,0.34811512958368607,0.5110098429509169
ENC00474,v4,0.10840803257131076,0.4280437342562042,0.46354823533471645
ENC00475,v4,0.13678867061590327,0.41345695425467244,0.44975437506519517
ENC00477,v4,0.08930638130262213,0.42932614149912346,0.4813674814858527
ENC00478,v4,0.14720169610277875,0.3919677140088532,0.46083059226434064
ENC00479,v4,0.13063898371471153,0.3919408401617637,0.47742017514103063
ENC00482,v4,0.16637332222850645,0.34491397175243343,0.48871270706087855
ENC00489,v4,0.20650106203665428,0.23940551212621392,0.5540934262472555
ENC00490,v4,0.05148777206095293,0.4215871464547436,0.5269250838172357
ENC00492,v4,0.1892405912468705,0.3244830649110335,0.4862763432762291
ENC00511,v4,0.16861858325345175,0.2791922145123993,0.5521892019680568
ENC00513,v4,0.15558081278577446,0.3257348948313544,0.5186842971791824
ENC00519,v4,0.1333622703445958,0.41080435344597677,0.4558333759749686
ENC00524,v4,0.21926429271697997,0.2818537896964699,0.49888191353529693
ENC00529,v4,0.17714331671595573,0.34232733271677385,0.48052934743463993
ENC00538,v4,0.15426297744195308,0.3455875679369896,0.5001494551618253
ENC00543,v4,0.12505206250684048,0.4385420573436148,0.4364058761213853
ENC00548,v4,0.1879482593074023,0.2561419318282159,0.5559098035375648
ENC00550,v4,0.16108454714218776,0.3677997732328044,0.471115677886539
ENC00559,v4,0.1692507562907875,0.29824705770344917,0.5325021846285949
ENC00562,v4,0.20005421195179224,0.34542505104094745,0.45452073343098165
ENC00563,v4,0.11801437391684605,0.3720556088365041,0.5099300240094845
ENC00571,v4,0.11196775160251407,0.4608514606952667,0.4271807881806969
ENC00573,v4,0.12955164313316345,0.39839493873027654,0.4720534149843913
ENC00575,v4,0.19352278124485442,0.3442177661319277,0.4622594486199208
ENC00577,v4,0.12995126789200653,0.4259783453443675,0.4440703899825661
ENC00580,v4,0.14867763265967368,0.3075802835077047,0.543742079436779
ENC00581,v4,0.13135777873633145,0.38616937828493547,0.4824728409986238
ENC00587,v4,0.11951538147277212,0.3839613366616915,0.49652328321786776
ENC00590,v4,0.1630491388543528,0.3360054982560022,0.5009453661587774
ENC00591,v4,0.1351224211613079,0.32409273310528175,0.5407848454915084
ENC00592,v4,0.2304793268442154,0.283975953857104,0.4855447153250376
ENC00596,v4,0.12872653808129036,0.3614406309769315,0.5098328347933494
ENC00598,v4,0.12537163541401702,0.39464807400697377,0.4799802898982455
ENC00600,v4,0.08890667450032197,0.4266548018786125,0.4844385249307379
ENC00606,v4,0.16269974750054034,0.35442271875807,0.4828775348731234
ENC00608,v4,0.15427282080054283,0.34236256463283843,0.5033646090464159
ENC00620,v4,0.12888164592649393,0.39041340738777225,0.48070494612542597
ENC00631,v4,0.18868294580463776,0.34253962625537004,0.4687774259793131
ENC00637,v4,0.07580039498949409,0.42127027261750144,0.5029293360342657
ENC00640,v4,0.12851412489655473,0.2952267998031208,0.5762590746084849
ENC00643,v4,0.10151445515582273,0.4883757559903737,0.41010978907860557
ENC00657,v4,0.11556082813004995,0.4197065046635167,0.4647326726337959
ENC00661,v4,0.1157071270942688,0.45430451512336734,0.42998836147785185
ENC00665,v4,0.11643031250077782,0.3412941220275899,0.5422755624596954
ENC00667,v4,0.1843777637738381,0.3280782275119402,0.4875440111343008
ENC00671,v4,0.07302604398379724,0.41556903399657785,0.5114049239639651
ENC00694,v4,0.15395176738855385,0.3313325725436684,0.5147156616051992
ENC00696,v4,0.14811722439092895,0.41537780811389285,0.4365049619227648
ENC00697,v4,0.11332035248662219,0.36796686623567415,0.5187127829333882
ENC00711,v4,0.11270506757202449,0.4566577298415674,0.4306372053719856
ENC00717,v4,0.10317549978693326,0.3471735835636175,0.5496509139255811
ENC00720,v4,0.202842241283073,0.2518519569159478,0.545305800992389
ENC00721,v4,0.12037292987793341,0.34640235145544185,0.5332247131857378
ENC00727,v4,0.1234950366947386,0.3620472511759511,0.5144577110255206
ENC00729,v4,0.17008451759580553,0.38443932195348063,0.44547615980538796
ENC00730,v4,0.09096846556209999,0.49997660699098007,0.40905492053083753
ENC00734,v4,0.1285728642169167,0.3965007437502637,0.474926394925398
ENC00744,v4,0.14781413650980182,0.4006643010412945,0.45152156084191564
ENC00747,v4,0.16046722062236193,0.35475680764232365,0.4847759716973013
ENC00748,v4,0.13677786397297056,0.3763191145994971,0.4869030216528523
ENC00749,v4,0.20865071177074354,0.3302359707041146,0.46111332165868313
ENC00752,v4,0.09398393786415972,0.43246562768673075,0.47355043754495424
ENC00753,v4,0.11424470176168072,0.37150478556465644,0.5142505171780403
ENC00757,v4,0.1020975193434109,0.3759057540006525,0.5219967281959188
ENC00759,v4,0.1700521191781007,0.3712005289000215,0.4587473483050911
ENC00762,v4,0.12431658903757731,0.307497718504497,0.5681856933094206
ENC00765,v4,0.13472031945219407,0.3720292841585783,0.4932503956250655
ENC00771,v4,0.15923594316567175,0.33395992748382436,0.5068041309145571
ENC00772,v4,0.1533952478674196,0.36765679454519634,0.478947959627424
ENC00778,v4,0.11253275604719676,0.4539725860056368,0.4334946556866748
ENC00787,v4,0.05717216826044023,0.48634846627712247,0.4564793646335602
ENC00788,v4,0.14653900643396708,0.34172107429347104,0.5117399229978522
ENC00792,v4,0.0588733818553758,0.45671230517591993,0.48441431718937894
ENC00797,v4,0.09922797401046869,0.3400232378863594,0.5607487834194331
ENC00801,v4,0.0,0.49064226718025006,0.5093577372583937
ENC00802,v4,0.15337125722851072,0.3569290177453132,0.4896997228974388
ENC00807,v4,0.0,0.48536390654742717,0.5146360927820206
ENC00808,v4,0.20115631611132231,0.33750913863177184,0.4613345452263707
ENC00812,v4,0.10163473317027091,0.3547203901708126,0.5436448791027069
ENC00813,v4,0.15530971737428642,0.4068680251466817,0.4378222633024742
ENC00815,v4,0.17188001926360505,0.27530535494678476,0.5528146242827512
ENC00830,v4,0.14882006985997712,0.28346285944873534,0.5677170756238478
ENC00832,v4,0.0,0.452383239533155,0.5476167612630902
ENC00838,v4,0.14685755428097663,0.38786079625197506,0.4652816483733851
ENC00845,v4,0.08129367487795583,0.4827838144991376,0.4359225048384535
ENC00848,v4,0.18228419057347559,0.32501408478075805,0.4927017167210579
ENC00849,v4,0.15674768897891045,0.2501846508085728,0.5930676575899124
ENC00002,v5,0.16613573841750623,0.3199392391492923,0.5139250260591507
ENC00003,v5,0.20403589096364624,0.3225190851393096,0.47344502642614034
ENC00004,v5,0.1075676239475056,0.44523609346813625,0.44719628194967903
ENC00006,v5,0.13678914341418183,0.4320853210839571,0.43112553816800026
ENC00007,v5,0.18551839617165652,0.29891724541614,0.5155643649737943
ENC00008,v5,0.141379142527358,0.45676017988283757,0.40186067986286295
ENC00013,v5,0.17649330059855672,0.31176689254530404,0.511739805593329
ENC00014,v5,0.04492581574745553,0.5211172398832655,0.43395694614071206
ENC00017,v5,0.1622934103012085,0.4029115650802851,0.43479502484202387
ENC00022,v5,0.16164253540630416,0.39984327519503166,0.4385141930946215
ENC00023,v5,0.12698104394267695,0.40801444615042487,0.4650045130835023
ENC00024,v5,0.05997570449253544,0.48453307766467335,0.4554912218824029
ENC00031,v5,0.1836921301638258,0.352342647810777,0.4639652174437183
ENC00034,v5,0.22446272964589298,0.2633853101481994,0.5121519598178566
ENC00043,v5,0.07753442605941469,0.4279245717657937,0.49454099920570344
ENC00052,v5,0.14903271557844203,0.3588985348525255,0.49206874992536465
ENC00063,v5,0.09037642331183457,0.41918071159044235,0.4904428621550568
ENC00064,v5,0.08674946931239806,0.4873517731302663,0.4258987536555842
ENC00065,v5,0.14593662029275528,0.4080375214035694,0.44602586030960084
ENC00067,v5,0.12530762277088547,0.411014917071994,0.46367745920446996
ENC00080,v5,0.18974249375363192,0.3705800700755346,0.43967743892045247
ENC00081,v5,0.11233317570797369,0.41983060692163077,0.4678362074728106
ENC00084,v5,0.12966994079761207,0.388418568830405,0.48191149359835045
ENC00088,v5,0.15272521357687693,0.3956372090984905,0.45163757874379085
ENC00089,v5,0.15421830615674964,0.38263257532095424,0.4631491128583344
ENC00090,v5,0.16650942652844467,0.29674660122165314,0.5367439689544531
ENC00096,v5,0.2139968041970272,0.37066851131091216,0.41533468197090456
ENC00098,v5,0.13447722983255517,0.4490625229664147,0.41646024939836934
ENC00103,v5,0.07204640359740774,0.459132674448895,0.4688209194057393
ENC00106,v5,0.08683319381477,0.46692806244827806,0.44623874003688496
ENC00111,v5,0.10481188578903675,0.41051456743478776,0.4846735445261002
ENC00113,v5,0.0,0.5548918318417337,0.4451081613699595
ENC00121,v5,0.10806585016793438,0.5029219504711884,0.389012198895216
ENC00125,v5,0.14480258393245685,0.39063280621464824,0.4645646026646587
ENC00128,v5,0.16898973459421202,0.4393556344994279,0.39165463177270665
ENC00130,v5,0.1332334035209247,0.3921026134065219,0.4746639811566898
ENC00133,v5,0.21132902565101783,0.3413261718220181,0.44734480447239344
ENC00143,v5,0.11896981342655161,0.4871743865635084,0.393855798114901
ENC00149,v5,0.14560451734019078,0.39159727049624826,0.4627982092889275
ENC00151,v5,0.0,0.46761214357835273,0.5323878560905103
ENC00159,v5,0.10517405658960342,0.3215165661871433,0.5733093802928925
ENC00162,v5,0.13060973128565004,0.43385405935973764,0.43553621022500727
ENC00164,v5,0.07083951609353042,0.4318049794698997,0.4973555040068743
ENC00167,v5,0.07934714182136723,0.45586452604486394,0.46478832928607094
ENC00170,v5,0.17219633589241098,0.304247029046429,0.5235566370030666
ENC00171,v5,0.15247194400948028,0.38397829072630923,0.4635497668515081
ENC00173,v5,0.17574047478181976,0.3989412893851598,0.42531823579754147
ENC00188,v5,0.11022877365436035,0.3729927194596247,0.5167785061679724
ENC00191,v5,0.13038761504903074,0.4117372059604017,0.45787517671904915
ENC00192,v5,0.1312684706892028,0.45237592178763764,0.41635560748553035
ENC00193,v5,0.07215944999021238,0.4949931309813947,0.4328474170338791
ENC00202,v5,0.20492707747220992,0.30177638050913813,0.49329654562473296
ENC00208,v5,0.05701733812762117,0.5014448251249721,0.44153783636764415
ENC00209,v5,0.20042541442611783,0.27324864709961044,0.52632593724531
ENC00210,v5,0.15753422991225594,0.362616197189741,0.4798495683230852
ENC00214,v5,0.0,0.5764026321692042,0.42359736517514335
ENC00217,v5,0.10116937116629654,0.4055105647252452,0.49332006095397857
ENC00237,v5,0.135057843880107,0.46182109316190084,0.4031210622439782
ENC00238,v5,0.1280068575155617,0.4031749671638602,0.46881817827130307
ENC00250,v5,0.11488168919074142,0.42889104648069903,0.45622726129598856
ENC00255,v5,0.10137220309115946,0.37696706416706244,0.5216607263932626
ENC00256,v5,0.13573236599790328,0.44938009774143045,0.41488753925218724
ENC00259,v5,0.2320835975543508,0.2031829300213535,0.5647334708076603
ENC00260,v5,0.12121323218340413,0.4118825437729819,0.4669042274094464
ENC00263,v5,0.11775097903887649,0.41142350951066387,0.47082550725439093
ENC00264,v5,0.1450093780660023,0.3703889758405039,0.48460165247068565
ENC00267,v5,0.08707915145593385,0.45404269608358544,0.4588781559218963
ENC00270,v5,0.14974230665851523,0.3824388560505561,0.46781883517533174
ENC00271,v5,0.15334854923774688,0.43634301834226996,0.41030843572670156
ENC00272,v5,0.12519579549732895,0.3979699674648108,0.4768342349639873
ENC00275,v5,0.1202203308348544,0.40086196797589463,0.47891770318771404
ENC00289,v5,0.10026210148890431,0.4366925193999822,0.463045376424606
ENC00291,v5,0.18006120808422565,0.29866911233826116,0.5212696718898686
ENC00292,v5,0.10603432548897607,0.4066460406496411,0.4873196332227616
ENC00294,v5,0.19222235943501195,0.3288054920008613,0.4789721504267719
ENC00296,v5,0.17965497912090517,0.3279894251968259,0.4923555938718475
ENC00298,v5,0.13675483639041583,0.3682202816630403,0.49502488573392234
ENC00304,v5,0.1367614277569223,0.4477795218386926,0.4154590453244438
ENC00306,v5,0.16638496529656588,0.42204780047087326,0.41156723864914213
ENC00310,v5,0.11989768404912736,0.43936385048021165,0.4407384604481714
ENC00319,v5,0.15375754410134895,0.3745577554218471,0.4716846977493593
ENC00323,v5,0.13411186135315395,0.35461076541797265,0.5112773729162616
ENC00326,v5,0.12046065344051882,0.42849781161004846,0.4510415376587348
ENC00327,v5,0.14515787292573903,0.3474729779000218,0.507369149912585
ENC00329,v5,0.15959292277693748,0.4276463730998759,0.41276070588039904
ENC00330,v5,0.14253774102777242,0.3263789927214384,0.5310832738876343
ENC00336,v5,0.12220835112035275,0.48212579429149627,0.3956658487021923
ENC00337,v5,0.1074851262741364,0.44527353446644086,0.4472413392594227
ENC00341,v5,0.1321766880905106,0.3263050624488914,0.5415182476931245
ENC00344,v5,0.15255151623817084,0.3562996511600809,0.4911488322755708
ENC00349,v5,0.11019116499256797,0.427335323902165,0.4624735017011805
ENC00358,v5,0.0,0.5576918343471926,0.4423081677320392
ENC00359,v5,0.17332185644691236,0.3714952692389488,0.45518287278224373
ENC00360,v5,0.18616674792690155,0.260738570887882,0.5530946811613364
ENC00362,v5,0.060208713049413984,0.43269505103429157,0.507096237330525
ENC00368,v5,0.10128371519667487,0.4470101378617748,0.4517061497655607
ENC00372,v5,0.08814031274248195,0.42314322677350813,0.48871645587746815
ENC00376,v5,0.07609236737092336,0.411259931940881,0.5126476958394051
ENC00381,v5,0.16266680381407864,0.40320793049115883,0.4341252550090614
ENC00382,v5,0.18628277822777076,0.37225666807757485,0.4414605554883127
ENC00386,v5,0.1409558691084385,0.33510237003936144,0.5239417610354111
ENC00389,v5,0.1195418676797999,0.3513213818951044,0.5291367458412424
ENC00390,v5,0.14943967242049808,0.33252997050872285,0.5180303585210829
ENC00392,v5,0.11796643471434003,0.47496752256438846,0.4070660412311554
ENC00393,v5,0.1876026221684047,0.28576910117907184,0.5266282767057419
ENC00402,v5,0.14006487036059642,0.4033339100022768,0.45660121469148274
ENC00403,v5,0.09509415101985004,0.49834655255279287,0.40655930275285
ENC00405,v5,0.11170028846548952,0.46016025591803633,0.4281394557784433
ENC00413,v5,0.1560494138231111,0.36535130906128144,0.47859928208266117
ENC00414,v5,0.13591696180048443,0.472558986005329,0.39152405375526067
ENC00418,v5,0.10822788303873192,0.4497250565327704,0.4420470589150985
ENC00419,v5,0.11840233087229232,0.4258002320925395,0.45579744192461175
ENC00424,v5,0.17497040966042765,0.3401451193969007,0.4848844718050074
ENC00428,v5,0.08463581825566033,0.39151998485128087,0.523844197716402
ENC00432,v5,0.11327144466340541,0.4407426305115223,0.44598592072725296
ENC00433,v5,0.15507911529678564,0.34157939954445915,0.5033414856745646
ENC00435,v5,0.0,0.457176552159213,0.5428234488586259
ENC00436,v5,0.13003625897025423,0.32536138833633493,0.544602353791041
ENC00441,v5,0.11866423443637111,0.47781952186064286,0.40351624394005
ENC00443,v5,0.10344407214753089,0.4384549450810238,0.45810098305184355
ENC00444,v5,0.09403732075639393,0.41998761639646864,0.4859750693259032
ENC00451,v5,0.16002350128613985,0.39573401024380883,0.44424248724193366
ENC00453,v5,0.13345413495904035,0.4245222864799129,0.4420235780546966
ENC00456,v5,0.11905540531063409,0.43123132309743334,0.4497132700640485
ENC00457,v5,0.14326543537409683,0.4229791315370484,0.43375543446133014
ENC00459,v5,0.1379228316639599,0.44790052206892716,0.41417664163991025
ENC00461,v5,0.14249470009137008,0.3785882140115156,0.478917084255461
ENC00462,v5,0.136891240269188,0.4154296602175488,0.44767910750900825
ENC00444,v5,0.09403732075639393,0.41998761639646864,0.4859750693259032
ENC00449,v5,0.1890072394527641,0.31775088790877193,0.4932418749028561
ENC00451,v5,0.18367911677645601,0.3906178180290305,0.4257030665874481
ENC00453,v5,0.13345413495904035,0.4245222864799129,0.4420235780546966
ENC00456,v5,0.11512424021788027,0.44880141039518107,0.43607434827363356
ENC00457,v5,0.15851419630609911,0.41864113601637476,0.4228446655619292
ENC00459,v5,0.1379228316639599,0.44790052206892716,0.41417664163991025
ENC00461,v5,0.11031069610090483,0.4997359602224259,0.38995334385406405
ENC00462,v5,0.136891240269188,0.4154296602175488,0.44767910750900825
ENC00463,v5,0.18431239945640981,0.28412139226168476,0.5315662087475668
ENC00464,v5,0.08133055267830354,0.47654799865307035,0.4421214504620513
ENC00465,v5,0.09639660423952286,0.5025789278132893,0.4010244682779379
ENC00469,v5,0.11825334951281548,0.4864618940485848,0.3952847566869524
ENC00471,v5,0.15082376209043322,0.384601362546285,0.46457487174442835
ENC00474,v5,0.08163945663219957,0.48286441224279686,0.43549612909555435
ENC00475,v5,0.11127050241855817,0.469898580440764,0.41883092056785787
ENC00477,v5,0.08801890622292247,0.4472809893744332,0.4647001052186603
ENC00478,v5,0.14249138580191703,0.44991283345790134,0.40759577524094354
ENC00479,v5,0.1607417773412562,0.3659969386698186,0.47326128373200865
ENC00482,v5,0.129236134018485,0.37020188282559235,0.5005619848572364
ENC00489,v5,0.17145018957639008,0.4102634337176098,0.4182863660742728
ENC00490,v5,0.057698700943683075,0.490829358889362,0.4514719387443047
ENC00492,v5,0.1581253173649311,0.36375006276369093,0.47812462151050567
ENC00511,v5,0.14207060580190858,0.4148094090976213,0.4431199853357516
ENC00513,v5,0.13477190247759585,0.349770937114954,0.515457160104581
ENC00519,v5,0.13258950293899696,0.4676961482406777,0.39971435369453695
ENC00524,v5,0.17533956315102323,0.39003018349675195,0.4346302538844092
ENC00529,v5,0.1608224985420063,0.36439062574858305,0.4747868723446323
ENC00538,v5,0.14496512657403945,0.35726829355955125,0.49776658153533937
ENC00543,v5,0.12340872898419326,0.46153163088259297,0.4150596421873458
ENC00548,v5,0.18522817082703114,0.2479518705227396,0.5668199552517188
ENC00550,v5,0.14810208482022333,0.3884881423546536,0.4634097762922249
ENC00559,v5,0.16585139812607513,0.34718903761945274,0.4869595652348117
ENC00562,v5,0.18604714335764155,0.3771971848738544,0.4367556712206672
ENC00563,v5,0.10607326662256604,0.47172987390132176,0.4221968577021644
ENC00571,v5,0.10771102550516434,0.4750968253393786,0.41719214413144173
ENC00573,v5,0.11970076215176181,0.4388777956025291,0.44142144304195435
ENC00575,v5,0.16279350207099375,0.39552431493857,0.44168218604798587
ENC00577,v5,0.11148329187407453,0.47782351662460554,0.4106931879352301
ENC00580,v5,0.15766960829496385,0.36407591585408555,0.47825447767972945
ENC00581,v5,0.11069479675517102,0.45407285522823493,0.4352323480012003
ENC00587,v5,0.11890972140762542,0.40948547461518536,0.47160480530173693
ENC00590,v5,0.13584240388125182,0.3970329999178648,0.46712459743022916
ENC00591,v5,0.10979450404967951,0.3250349013917688,0.5651705986347751
ENC00592,v5,0.20301910003354726,0.24133042147583214,0.5556504796605465
ENC00596,v5,0.1387809055069318,0.3621841664497669,0.49903492835851815
ENC00598,v5,0.11054844541006348,0.4231513768029051,0.4663001767226628
ENC00600,v5,0.07660190665757093,0.4437533523154071,0.47964474429765086
ENC00606,v5,0.13995195313774306,0.39378139140277074,0.4662666529417038
ENC00608,v5,0.14224550137296318,0.37939261688540377,0.4783618815243244
ENC00620,v5,0.11889799129858147,0.44107653794344515,0.4400254723150283
ENC00631,v5,0.1795652905648405,0.34886553158814254,0.471569178592075
ENC00637,v5,0.07112813776788804,0.4953741580247879,0.43349770730377263
ENC00640,v5,0.1078705368445644,0.3936864735582207,0.49844299011592624
ENC00643,v5,0.09980774481188168,0.4899401525204832,0.41025210232897236
ENC00657,v5,0.11392214668116399,0.37872996071153986,0.5073478914797306
ENC00661,v5,0.11378466463088989,0.45670636188983915,0.429508975982666
ENC00665,v5,0.11816792399776692,0.3673310594645557,0.5145010177465464
ENC00667,v5,0.17761936524149144,0.3321574565136071,0.49022317293918494
ENC00671,v5,0.06509326396189863,0.40918074862565845,0.5257259794743732
ENC00694,v5,0.13178132561345896,0.4592627313401964,0.40895594904820126
ENC00696,v5,0.156194202391611,0.41574086146729605,0.42806493695224485
ENC00697,v5,0.10732583354195852,0.40688734141628397,0.48578682642304494
ENC00711,v5,0.10537244351719742,0.44908206025833514,0.4455454985041227
ENC00717,v5,0.09346405289628927,0.3897611559313886,0.5167747934074963
ENC00720,v5,0.15424185477135596,0.39800560252725586,0.44775254439470197
ENC00721,v5,0.13058631425027292,0.36715677982628947,0.502256908802071
ENC00727,v5,0.1412375149001756,0.34816241997668124,0.5106000625711726
ENC00729,v5,0.14663265413623683,0.46450710403067724,0.3888602398183881
ENC00730,v5,0.08487596581796654,0.5149516426879941,0.4001723890199916
ENC00734,v5,0.10923684569718563,0.4530625965742938,0.43770055947578057
ENC00744,v5,0.12339716315424691,0.4582405591694017,0.4183622795001914
ENC00747,v5,0.15269086171625829,0.37358082131463655,0.4737283176913553
ENC00748,v5,0.1258675422832057,0.42003898708136767,0.45409347257622473
ENC00749,v5,0.15810344999237935,0.4028012242396267,0.43909532181462463
ENC00752,v5,0.08912725267202957,0.5231808733680974,0.38769187208103095
ENC00753,v5,0.06244157050597541,0.42406040969047143,0.5134980187137076
ENC00757,v5,0.11112037630608448,0.3653757665783931,0.5235038590736878
ENC00759,v5,0.181426015079898,0.4000192988736957,0.4185546918534765
ENC00762,v5,0.11585192282618297,0.33411117394765216,0.5500369102063806
ENC00765,v5,0.12453518985685977,0.3671838864684105,0.5082809224047444
ENC00771,v5,0.13777085003891476,0.4410028241022869,0.4212263277559369
ENC00772,v5,0.1340901005829944,0.33462575682606854,0.5312841428352184
ENC00778,v5,0.10067356529408227,0.5037922399008975,0.3955341925223668
ENC00787,v5,0.053209943089129054,0.47763533574544775,0.46915471781108337
ENC00788,v5,0.14801948151567526,0.37234757049826156,0.4796329451757565
ENC00792,v5,0.06277281972625763,0.3692081407228909,0.568019038674855
ENC00797,v5,0.09170822388060935,0.3871923932215063,0.5210993887811173
ENC00801,v5,0.0,0.4935713875490953,0.5064286131630925
ENC00802,v5,0.1677192667181172,0.40013452764691376,0.43214620904224677
ENC00807,v5,0.0,0.5192352650321532,0.4807647339930044
ENC00808,v5,0.1414370680050481,0.4122976768939268,0.44626525239575476
ENC00812,v5,0.09198286116337605,0.37032011054831443,0.5376970304859628
ENC00813,v5,0.1188041587981085,0.428195860547324,0.45299998112022877
ENC00815,v5,0.1314027055632323,0.3723969779287775,0.4962003176721434
ENC00830,v5,0.11557262679666616,0.4281042549717292,0.4563231203663215
ENC00832,v5,0.0,0.4979045114346913,0.5020954897479405
ENC00838,v5,0.14167235722554097,0.4247835774704353,0.43354406791556743
ENC00845,v5,0.08880635723471642,0.4439202127761619,0.46727342799652455
ENC00848,v5,0.14114892936643514,0.39161075848615035,0.4672403106059151
ENC00849,v5,0.15229157150229988,0.3162081926038452,0.5315002394365329
ENC00002,v6,0.1909003091655719,0.19830539115485113,0.610794300960887
ENC00003,v6,0.24428936388793882,0.1982341946210139,0.5574764458687751
ENC00004,v6,0.15599250102388687,0.22437581015921734,0.6196316882320072
ENC00006,v6,0.17393125815110075,0.2284903461113572,0.5975783985522058
ENC00007,v6,0.17134669949864126,0.22281613451232957,0.6058371620383233
ENC00008,v6,0.19636309273699495,0.1721373329137234,0.6314995788513346
ENC00013,v6,0.2040871971183353,0.21344109205184159,0.58247170900857
ENC00014,v6,0.08562690245549708,0.292719657450209,0.6216534438746921
ENC00017,v6,0.1655575708601247,0.2640026808622178,0.5704397465405839
ENC00022,v6,0.2514864253035436,0.16798028371219212,0.5805332873016595
ENC00023,v6,0.18062612977641893,0.2307247301081128,0.5886491394366127
ENC00024,v6,0.09979115037187453,0.23741305358707904,0.6627957963174389
ENC00031,v6,0.17041082754360504,0.2011603078021858,0.6284288698019673
ENC00034,v6,0.21149619418797613,0.18878438175785578,0.599719425451152
ENC00043,v6,0.102731682321164,0.21017238149585213,0.6870959376945546
ENC00052,v6,0.1814325214978659,0.2500971563324426,0.5684703208927838
ENC00063,v6,0.14893903850418766,0.22951227466053353,0.6215486854314805
ENC00064,v6,0.13318557306414558,0.23565649295314436,0.6311579319692794
ENC00065,v6,0.1798713410378627,0.20272465200901454,0.6174040086707979
ENC00067,v6,0.1766601756033374,0.21927031491224358,0.604069505668268
ENC00080,v6,0.23741337399337895,0.19187786699942896,0.5707087565526784
ENC00081,v6,0.14325993081581764,0.20597622088710035,0.6507638486975057
ENC00084,v6,0.17170822212482964,0.18837133223742414,0.6399204491237023
ENC00088,v6,0.2116002764814766,0.1676712761145609,0.6207284480333328
ENC00089,v6,0.2016610921460337,0.19105714296789042,0.6072817661001214
ENC00090,v6,0.20315593786654063,0.1391516256662726,0.6576924320543185
ENC00096,v6,0.21528860295074992,0.1529724155425356,0.631738981930539
ENC00098,v6,0.19423376486718075,0.240076769414602,0.5656894661703156
ENC00103,v6,0.1010887595504278,0.20954885254385042,0.6893623881042004
ENC00106,v6,0.12087856012332285,0.22811720262538512,0.651004238375302
ENC00111,v6,0.19373340537582617,0.2474939355869656,0.5587726606838945
ENC00113,v6,0.0,0.27512557478209515,0.7248744271629679
ENC00121,v6,0.17676432785610185,0.17557368860660313,0.6476619824253279
ENC00125,v6,0.1995889319608745,0.18908601235088013,0.6113250553607941
ENC00128,v6,0.24403073914625026,0.18322640960474337,0.5727428528209212
ENC00130,v6,0.21497786551481113,0.18170278606339707,0.603319346322678
ENC00133,v6,0.2084686591551872,0.1485483010783355,0.6429830419365317
ENC00143,v6,0.15121915234931718,0.2422679575142738,0.606512892190541
ENC00149,v6,0.22107006007662186,0.1688260142971278,0.6101039228244469
ENC00151,v6,0.0,0.3094300145105003,0.6905699870846373
ENC00159,v6,0.12516362091628253,0.147475044192106,0.7273613305878825
ENC00162,v6,0.19710233825424764,0.21434581745415926,0.5885518492288786
ENC00164,v6,0.0906718466714554,0.20224935691898244,0.7070787927220921
ENC00167,v6,0.11527198396779441,0.241130356051653,0.6435976592185614
ENC00170,v6,0.1729743253459169,0.2048088398454857,0.622216831639175
ENC00171,v6,0.226096337798781,0.18103751030479892,0.5928661492951398
ENC00173,v6,0.19320235594555182,0.2536928301243476,0.5531048169211735
ENC00188,v6,0.12775951212332134,0.27279927121895936,0.5994412132328556
ENC00191,v6,0.20978864308512002,0.20615175043978887,0.5840596031201514
ENC00192,v6,0.13331411487187247,0.32140341564923164,0.5452824681997299
ENC00193,v6,0.12105959489435693,0.24244034212128615,0.636500065157443
ENC00202,v6,0.2340346313412151,0.17537094353352703,0.5905944254369505
ENC00208,v6,0.09947970904192716,0.27262621336186416,0.6278940730565332
ENC00209,v6,0.19811421772164683,0.22575203567863472,0.5761337415825936
ENC00210,v6,0.15380325919536295,0.27241575284326663,0.5737809866992503
ENC00214,v6,0.0,0.3426105886335588,0.6573894122201536
ENC00217,v6,0.13895796899156398,0.22138552777244744,0.6396565010928246
ENC00237,v6,0.22792823091731407,0.1624647643584467,0.6096070029889233
ENC00238,v6,0.21579630426614663,0.18443173597582052,0.5997719583941288
ENC00250,v6,0.16856967869304842,0.2696096111449503,0.561820708455578
ENC00255,v6,0.1223860467139345,0.3074506587133958,0.5701632955899605
ENC00256,v6,0.18642707782132284,0.2648638312092849,0.5487090948649815
ENC00259,v6,0.221698057095084,0.1563976663223739,0.6219042796751618
ENC00260,v6,0.1718353264198448,0.2631825114605506,0.5649821596086354
ENC00263,v6,0.09167503665411317,0.2794259288106006,0.6288990327560833
ENC00264,v6,0.16003068157368236,0.23397102321187654,0.6059982946846221
ENC00267,v6,0.1485152624434594,0.21920847021269077,0.6322762677163789
ENC00270,v6,0.25401526712812483,0.1267226319632755,0.6192620967049152
ENC00271,v6,0.17565360883979694,0.20716406104316853,0.6171823316456183
ENC00272,v6,0.10094476393559604,0.24587665567879827,0.6531785813350122
ENC00275,v6,0.11179570574175633,0.22417699672920993,0.6640272965798011
ENC00289,v6,0.1284698463427874,0.2731531063791799,0.598377049609196
ENC00291,v6,0.1789812953211367,0.1868740878853714,0.6341446181177162
ENC00292,v6,0.15835038134555438,0.1975909250955951,0.6440586940264602
ENC00294,v6,0.23799305071588606,0.15008871365353116,0.6119182368274778
ENC00296,v6,0.19429185012491737,0.19765558498116528,0.6080525649030034
ENC00298,v6,0.17210560352876295,0.2330487204435604,0.5948456744937336
ENC00304,v6,0.21707924283691682,0.25127298343068105,0.531647774449084
ENC00306,v6,0.1954242212141489,0.26593234710540475,0.5386434375465691
ENC00310,v6,0.14954963580720007,0.23872585928008433,0.6117245048166268
ENC00319,v6,0.20994528369868504,0.2309423812500694,0.5591123331995571
ENC00323,v6,0.18879052507343577,0.1930126575799427,0.6181968207383037
ENC00326,v6,0.13861934384448996,0.2984679769253052,0.5629126792655715
ENC00327,v6,0.13971277277239344,0.24116041700948368,0.6191268047825856
ENC00329,v6,0.206737316190833,0.22604559894605744,0.5672170824212271
ENC00330,v6,0.18054232815849966,0.19505273020425762,0.6244049448269019
ENC00336,v6,0.19532894459663408,0.20033435290900029,0.6043367039112119
ENC00337,v6,0.17645492281271033,0.216286941375359,0.6072581340390516
ENC00341,v6,0.1264071747750403,0.22833092581952014,0.6452619003423725
ENC00344,v6,0.19417645498469938,0.2563872588216327,0.5494362855679356
ENC00349,v6,0.11129156642057228,0.2717228538441387,0.6169855799638864
ENC00358,v6,0.0,0.30394441888978085,0.6960555839041869
ENC00359,v6,0.1988476825934468,0.2062128121541305,0.5949395057829944
ENC00360,v6,0.18504349007663956,0.20459743395043783,0.6103590778916715
ENC00362,v6,0.05984717303467083,0.2493629713925267,0.6907898564157742
ENC00368,v6,0.16866385426585842,0.22008117472242777,0.6112549717828726
ENC00372,v6,0.11727466201409698,0.24845153941596682,0.6342738021064449
ENC00376,v6,0.13959120691730345,0.22939483449452475,0.6310139607779587
ENC00381,v6,0.16542180966652795,0.209106095185403,0.6254720951090316
ENC00382,v6,0.17715684135343127,0.2011154558258662,0.6217277045385825
ENC00386,v6,0.145162253323214,0.20825777921888083,0.6465799642841243
ENC00389,v6,0.17163930999544952,0.2055112863962467,0.6228494012967134
ENC00390,v6,0.14866264237824714,0.20602762208066203,0.6453097391911228
ENC00392,v6,0.19051842306235536,0.23912960749619933,0.5703519722122458
ENC00393,v6,0.19273589162239388,0.21049492403086442,0.5967691830957114
ENC00402,v6,0.19959609165693384,0.22641889052465558,0.5739850213256064
ENC00403,v6,0.22052614194984288,0.19533400141547635,0.5841398541767573
ENC00405,v6,0.16319003256188858,0.21694216073767558,0.6198678035993834
ENC00413,v6,0.18786898337870458,0.21801750972584077,0.594113511375234
ENC00414,v6,0.20330339818866106,0.20448192489219078,0.5922146814695576
ENC00418,v6,0.15813648980661962,0.21491372158210834,0.6269497864345122
ENC00419,v6,0.12933705150650415,0.2852667267568883,0.5853962189372565
ENC00424,v6,0.18570310691761416,0.1451189270286366,0.6691779649534891
ENC00428,v6,0.1368037782764683,0.26342119512838774,0.599775025735096
ENC00432,v6,0.18110241120790735,0.2234058738740928,0.5954917136360617
ENC00433,v6,0.15519083540857537,0.23498059689154616,0.6098285678308457
ENC00435,v6,0.0,0.316364016568104,0.6836359825926822
ENC00436,v6,0.15217445626341064,0.20376433175185632,0.6440612087989676
ENC00441,v6,0.19914886662693618,0.23954004396079323,0.561311086820018
ENC00443,v6,0.11838914323743666,0.17246866381901782,0.7091421961085871
ENC00444,v6,0.1490230488745,0.26310668836126655,0.5878702569350922
ENC00451,v6,0.19752190440689046,0.2304504048844723,0.5720276893818215
ENC00453,v6,0.16410536647065363,0.25088467609267034,0.5850099555740309
ENC00456,v6,0.16762385446054395,0.3195374316564994,0.5128387131844647
ENC00457,v6,0.21830627537565306,0.190568669429922,0.5911250545759685
ENC00459,v6,0.1816358710410165,0.22697682793206367,0.5913873036376766
ENC00461,v6,0.1749999241133011,0.1671263017442994,0.6578737757904991
ENC00444,v6,0.1490230488745,0.26310668836126655,0.5878702569350922
ENC00449,v6,0.2295065060898196,0.15902352208649972,0.6114699730533175
ENC00451,v6,0.19752190440689046,0.2304504048844723,0.5720276893818215
ENC00453,v6,0.16410536647065363,0.25088467609267034,0.5850099555740309
ENC00456,v6,0.16762385446054395,0.3195374316564994,0.5128387131844647
ENC00457,v6,0.21830627537565306,0.190568669429922,0.5911250545759685
ENC00459,v6,0.1816358710410165,0.22697682793206367,0.5913873036376766
ENC00461,v6,0.1749999241133011,0.1671263017442994,0.6578737757904991
ENC00462,v6,0.1666013791955806,0.22471538373344654,0.6086832327617181
ENC00463,v6,0.22067666667862795,0.1794415234344342,0.5998818076914176
ENC00464,v6,0.13119786600628408,0.2822563940530071,0.5865457423105098
ENC00465,v6,0.15187309075366048,0.2503785975606126,0.5977483095491634
ENC00469,v6,0.1578067550633816,0.24039312399236867,0.601800116030037
ENC00471,v6,0.1952882957516932,0.21475847703496032,0.5899532333308575
ENC00474,v6,0.13993557744124085,0.22774730568778687,0.6323171152152877
ENC00475,v6,0.18263916425311413,0.23056890241180858,0.5867919372633482
ENC00477,v6,0.11929493122979214,0.24044421208247044,0.6402608559747632
ENC00478,v6,0.2064261939660244,0.20067058190901949,0.5929032248742689
ENC00479,v6,0.18013313142623444,0.19306870704866522,0.6267981566326066
ENC00482,v6,0.19880557148830919,0.22268221267249164,0.578512211580102
ENC00489,v6,0.20166012770525968,0.22376506667655366,0.5745748015725689
ENC00490,v6,0.13070719604363698,0.22597383964293732,0.6433189606773639
ENC00492,v6,0.19470977848847007,0.18536441682095306,0.619925800989903
ENC00511,v6,0.20379529271029426,0.2198892887570187,0.5763154179750088
ENC00513,v6,0.16388045851114794,0.26515462062592415,0.5709649245155618
ENC00519,v6,0.20547075760127467,0.17705430532276462,0.6174749362875115
ENC00524,v6,0.1968188703996349,0.22004682384918967,0.5831343107198546
ENC00529,v6,0.1823410592649294,0.19478895224558845,0.6228699859789604
ENC00538,v6,0.2033423070390166,0.21716023371354934,0.5794974623099427
ENC00543,v6,0.17914425386919589,0.2461024771449227,0.5747532697801058
ENC00548,v6,0.16372707193788094,0.24444076781974564,0.5918321594407286
ENC00550,v6,0.1932474308559904,0.2271583906840533,0.5795941758551635
ENC00559,v6,0.19344384094650766,0.22481772202207187,0.5817384372374653
ENC00562,v6,0.20770336468540243,0.21145227042274858,0.5808443637499258
ENC00563,v6,0.15937422024227724,0.21976038866965045,0.6208653945846168
ENC00571,v6,0.1630197762845353,0.20530527313165167,0.6316749500558976
ENC00573,v6,0.2285283169001341,0.1800832274928689,0.5913884593248367
ENC00575,v6,0.22383318868066585,0.17802280028990936,0.5981440075806209
ENC00577,v6,0.20085924881768513,0.22487272813646908,0.5742680251777891
ENC00580,v6,0.1927256539951418,0.1655467716002158,0.6417275730555303
ENC00581,v6,0.1724482453719247,0.17970862014954037,0.6478431364521384
ENC00587,v6,0.1685121596842853,0.23800719575247334,0.5934806468371813
ENC00590,v6,0.21611850475653624,0.2040641237432376,0.579817371796339
ENC00591,v6,0.1303953203145954,0.24170699838769474,0.627897679021484
ENC00592,v6,0.22044668806031578,0.19360515084407182,0.5859481619738545
ENC00596,v6,0.12919619025177315,0.27261717703404736,0.5981866315382869
ENC00598,v6,0.2370500998198986,0.20712650538422167,0.5558233933895826
ENC00600,v6,0.10046737784696691,0.24032390123888767,0.6592087190410945
ENC00606,v6,0.20988183873878033,0.20072164949184904,0.5893965126877582
ENC00608,v6,0.1999644494925936,0.21858896763167449,0.581446586880419
ENC00620,v6,0.1597207265876932,0.232628767937058,0.6076505043311045
ENC00631,v6,0.21617967158090323,0.14105105342241586,0.6427692761644721
ENC00637,v6,0.1079315913344423,0.26589449363450207,0.6261739157636961
ENC00640,v6,0.1408295123000368,0.251189477071702,0.6079810140587443
ENC00643,v6,0.14313654702467224,0.272401066755669,0.5844623826237189
ENC00657,v6,0.17495167175898466,0.20601615775376558,0.6190321681703009
ENC00661,v6,0.21156389907070802,0.22211473869211082,0.5663213588365721
ENC00665,v6,0.18501609496306629,0.20175868562655525,0.6132252116687595
ENC00667,v6,0.20381046088421764,0.20403540547207072,0.5921541292164194
ENC00671,v6,0.10441927045273285,0.26375642637363994,0.6318243021766344
ENC00694,v6,0.17912660396712668,0.2310752235681695,0.5897981722565259
ENC00696,v6,0.16385910433589243,0.25128990347844127,0.5848509955639932
ENC00697,v6,0.14470301256849874,0.21248461225745724,0.6428123741757636
ENC00711,v6,0.18058945731116602,0.18795422832660663,0.631456312436897
ENC00717,v6,0.1058027071764606,0.2261735371768821,0.6680237535647181
ENC00720,v6,0.2293253787435018,0.18292577100487856,0.5877488502325156
ENC00721,v6,0.12641500991315538,0.1879103554417548,0.6856746386369893
ENC00727,v6,0.1855241862940602,0.19253066756755288,0.6219451464130543
ENC00729,v6,0.21865669510525126,0.21634098109572045,0.5650023231234576
ENC00730,v6,0.15301595978150712,0.28554369326042867,0.5614403486251831
ENC00734,v6,0.16976887681256464,0.2848599828113385,0.5453711471906523
ENC00744,v6,0.1493090304035333,0.24734043221800558,0.6033505345844934
ENC00747,v6,0.1899984025341623,0.21500894582885152,0.5949926486786674
ENC00748,v6,0.16310756352658456,0.22296835351974154,0.6139240853297405
ENC00749,v6,0.2099335078404557,0.20598156293796271,0.58408493081235
ENC00752,v6,0.14989966683621916,0.249003333372197,0.601097000603165
ENC00753,v6,0.11429563546156947,0.2200609286454447,0.665643434971571
ENC00757,v6,0.13060017793433615,0.24036069145494718,0.6290391333446912
ENC00759,v6,0.2173950621647815,0.15530370163368878,0.6273012355780502
ENC00762,v6,0.11050580165520975,0.2438126011710068,0.6456815990482926
ENC00765,v6,0.11518005794079327,0.25760490770273387,0.6272150325648328
ENC00771,v6,0.17017524712151144,0.22823851916000126,0.6015862324615804
ENC00772,v6,0.201515040925837,0.18160786059784836,0.6168771006299981
ENC00778,v6,0.18095684774871013,0.2135667918403678,0.6054763595022045
ENC00787,v6,0.0999735350918582,0.30157794433785234,0.5984485213916133
ENC00788,v6,0.18888254805666502,0.2170783296797445,0.5940391177036723
ENC00792,v6,0.09913016403789207,0.20122026604887802,0.6996495685269756
ENC00797,v6,0.0941252917945385,0.2074620894007385,0.698412615120411
ENC00801,v6,0.0,0.33343459879431653,0.6665654021004835
ENC00802,v6,0.1783660882522902,0.21779561342379775,0.6038382962705141
ENC00807,v6,0.0,0.2994170195692889,0.7005829841037777
ENC00808,v6,0.21384531751807248,0.1910738312183138,0.5950808525845712
ENC00812,v6,0.11067125063290763,0.22714446014946416,0.662184291071706
ENC00813,v6,0.1893122413140886,0.2802873030304909,0.5304004586293918
ENC00815,v6,0.1553350215296397,0.23479424839776553,0.6098707318305969
ENC00830,v6,0.1515537828851778,0.1805359686841257,0.6679102472531108
ENC00832,v6,0.0,0.3056099494084871,0.6943900510668755
ENC00838,v6,0.18134121665207203,0.1943293188815005,0.6243294617161155
ENC00845,v6,0.11334267011815054,0.3056894744649255,0.5809678577023781
ENC00848,v6,0.18774545539636164,0.19323531821137294,0.6190192259848117
ENC00849,v6,0.17386325225820692,0.2649674197790895,0.5611693320546564
ENC00002,v7,0.17863338154554367,0.27249275755882263,0.5488738576173783
ENC00003,v7,0.21107142968009215,0.36212003140738513,0.42680854041769045
ENC00004,v7,0.10393941288782378,0.4493374443155224,0.44672314671136565
ENC00006,v7,0.12910796073500555,0.441318592338851,0.42957344809264847
ENC00007,v7,0.17574706466234835,0.299044518203465,0.5252084137545419
ENC00008,v7,0.15104490236754153,0.3525461598553441,0.4964089389745291
ENC00013,v7,0.17141226112194682,0.31738414744968,0.5112035884805347
ENC00014,v7,0.038580916993893107,0.5105085689287919,0.4509105111543949
ENC00017,v7,0.15236142516591167,0.391420730482076,0.45621784281639655
ENC00022,v7,0.16307381408668198,0.4251504132309846,0.41177576991309106
ENC00023,v7,0.13502443414561602,0.3707670975400477,0.4942084671485992
ENC00024,v7,0.056946817971766,0.4604830628633499,0.48257011979818343
ENC00031,v7,0.1796085137276002,0.3457028419239285,0.4746886466020419
ENC00034,v7,0.21679639078676702,0.2832910609617829,0.49991254419088366
ENC00043,v7,0.08716410366884832,0.42062264028936625,0.492213260648506
ENC00052,v7,0.15403475014097762,0.353079150647226,0.4928860984968417
ENC00063,v7,0.0834940590204731,0.41798409573253126,0.4985218407405961
ENC00064,v7,0.13021340049013044,0.3800761732413913,0.4897104218940843
ENC00065,v7,0.13148958314586123,0.4521633906785501,0.41634703154137376
ENC00067,v7,0.10974568594247103,0.44281723168071196,0.4474370820123864
ENC00080,v7,0.18743953108787537,0.3826522316251482,0.42990823542433126
ENC00081,v7,0.1115720730097521,0.4082545076097761,0.48017341381027584
ENC00084,v7,0.12593335839402345,0.39274912922539645,0.48131750896573067
ENC00088,v7,0.14258722454598807,0.39352247596365736,0.4638902960182394
ENC00089,v7,0.19614211083031619,0.2915900933627899,0.5122677929126299
ENC00090,v7,0.18991945314638572,0.2905674694619816,0.5195130772631744
ENC00096,v7,0.20169795771676396,0.3442962762145769,0.45400576139726334
ENC00098,v7,0.1502820708470919,0.3639267215096369,0.48579120953998917
ENC00103,v7,0.0897021475642667,0.3939253580204006,0.5163724928841753
ENC00106,v7,0.06905153863639994,0.500202925638719,0.4307455364276062
ENC00111,v7,0.11268929455701898,0.44372020474052043,0.44359049970299247
ENC00113,v7,0.0,0.5327753375470639,0.46722465977072714
ENC00121,v7,0.0997477440027202,0.4764406794939584,0.42381157477696735
ENC00125,v7,0.129877272633643,0.4250974626376711,0.4450252631614948
ENC00128,v7,0.17539988068539067,0.3919643169149346,0.43263580246802863
ENC00130,v7,0.13808731815039083,0.41170920983984555,0.45020347615254336
ENC00133,v7,0.1854636865376516,0.25657336567421907,0.5579629411906687
ENC00143,v7,0.15072935220086947,0.3903701968374662,0.45890044956468046
ENC00149,v7,0.13851038580302333,0.42498660625004375,0.43650301191650454
ENC00151,v7,0.0,0.5605233126327771,0.43947668060535144
ENC00159,v7,0.10135885456562505,0.3297826353778211,0.5688585173483043
ENC00162,v7,0.1291516305377277,0.4380011911718891,0.43284718305445635
ENC00164,v7,0.0954616899106167,0.3506205955717137,0.5539177190966722
ENC00167,v7,0.08128335730773266,0.41482107014021025,0.5038955731091098
ENC00170,v7,0.17388302353309823,0.30101799941126334,0.5250989783634531
ENC00171,v7,0.1572506800677973,0.41987883199736015,0.42287048636023533
ENC00173,v7,0.17592397779226304,0.35439787760928826,0.46967814205973235
ENC00188,v7,0.11788190525984114,0.35423259960837883,0.5278854926328848
ENC00191,v7,0.13085102566839318,0.3890448341854906,0.48010414021205056
ENC00192,v7,0.12680485681826328,0.44720453812795524,0.42599059841712983
ENC00193,v7,0.07346436739033829,0.48560509599943075,0.440930545593785
ENC00202,v7,0.2035083386380941,0.29702144782274764,0.49947021023327154
ENC00209,v7,0.20069177187595172,0.27363820706215713,0.525670023462207
ENC00210,v7,0.14712058801720612,0.36920717331397274,0.48367223594963116
ENC00214,v7,0.0,0.5238456127523374,0.4761543799849117
ENC00217,v7,0.101481591972212,0.3738683335896995,0.5246500747899214
ENC00237,v7,0.16439294654130937,0.3351283307671547,0.5004787238836288
ENC00238,v7,0.17415266554833445,0.31707028542791516,0.5087770495779258
ENC00250,v7,0.11289704151516944,0.43652823423607306,0.4505747229252991
ENC00255,v7,0.11004623383283615,0.36712299831211564,0.5228307627141475
ENC00256,v7,0.12820139264029667,0.47366338777811007,0.3981352169486813
ENC00259,v7,0.24385594957052392,0.2409357007672178,0.5152083497943608
ENC00260,v7,0.12538155949173066,0.4010523475993138,0.4735660921209134
ENC00263,v7,0.10388251485374685,0.39758748102646607,0.4985300097614527
ENC00264,v7,0.13697656392419744,0.40527576637470114,0.4577476706797794
ENC00267,v7,0.09047713923249759,0.4511417613602152,0.4583811000281689
ENC00270,v7,0.1341431789800652,0.4667350218201486,0.3991218053250231
ENC00271,v7,0.1423959434371103,0.43459703664888033,0.42300702956589786
ENC00272,v7,0.12037854578973044,0.39434375842609026,0.48527769405062837
ENC00275,v7,0.10453049771582884,0.3103261233314219,0.5851433758970594
ENC00289,v7,0.09661778204005074,0.439421057149216,0.46396116194901643
ENC00291,v7,0.17115362307429313,0.3031739709973335,0.5256724027395249
ENC00292,v7,0.1359421448491582,0.32729562450576266,0.5367622303033094
ENC00294,v7,0.2086468338165232,0.29929768442306465,0.4920554753913674
ENC00296,v7,0.1749596952373146,0.346204861616477,0.4788354389433168
ENC00298,v7,0.13928376149248195,0.3553046080801222,0.5054116344010389
ENC00304,v7,0.13895293481245236,0.4580116877080621,0.4030353759692327
ENC00306,v7,0.16410696599632502,0.4334813464432955,0.40241169147193434
ENC00310,v7,0.13161737195426418,0.3591377997109967,0.5092448202833053
ENC00319,v7,0.18731502105410283,0.35159829488167393,0.4610866852677785
ENC00323,v7,0.17867627213350856,0.3046478559621252,0.5166758751639953
ENC00326,v7,0.1257515813653859,0.39290970742989045,0.48133871532403505
ENC00327,v7,0.15194428805972784,0.2881480565735402,0.5599076540870521
ENC00329,v7,0.15988733667742322,0.4055871200506334,0.4345255436168777
ENC00330,v7,0.14249356970604923,0.3091287112760323,0.5483777178106485
ENC00336,v7,0.133881842219074,0.35681441038007466,0.5093037491323242
ENC00337,v7,0.10873593650758266,0.3889365766729627,0.5023274882563523
ENC00341,v7,0.11391509291442002,0.4099687066148309,0.47611620569345997
ENC00344,v7,0.155740161579122,0.32276538341606736,0.5214944607208646
ENC00349,v7,0.11251613197519499,0.42804697278667897,0.45943689100882584
ENC00358,v7,0.0,0.5238592005574826,0.4761408006714791
ENC00359,v7,0.18348529809477307,0.355715278351661,0.4607994267255953
ENC00360,v7,0.18461970151180312,0.3066957299198423,0.508684576976867
ENC00362,v7,0.061791026731953025,0.4514020851448826,0.48680688376012055
ENC00368,v7,0.11627039867844291,0.4130276899415118,0.4707019025360355
ENC00372,v7,0.08407323196837582,0.47564395616963967,0.44028281243806033
ENC00376,v7,0.13244423835554667,0.3548229807955131,0.5127327809469742
ENC00381,v7,0.1471166705014184,0.39041424736691016,0.4624690879136324
ENC00382,v7,0.19509295028719034,0.30455265349962496,0.50035439661958
ENC00386,v7,0.15043412453057814,0.32403612243277685,0.5255297588146463
ENC00389,v7,0.10879333727667487,0.3680594018319758,0.5231472539707898
ENC00390,v7,0.15836146729135955,0.34328931676982727,0.49834921376572716
ENC00392,v7,0.11783318870168712,0.4594017142163856,0.42276509425469805
ENC00393,v7,0.1726537706345562,0.2787867856885844,0.5485594415567755
ENC00402,v7,0.12585951570421458,0.45510780543088913,0.419032686650753
ENC00403,v7,0.11890833751930223,0.4387176435414728,0.4423740191997348
ENC00405,v7,0.12376269846199414,0.43412483980258304,0.44211246913824326
ENC00413,v7,0.17689470001668842,0.3435736315117942,0.47953167157592597
ENC00414,v7,0.15118366720214968,0.3804096577949421,0.4684066730801777
ENC00418,v7,0.1499392436647957,0.40061062472787773,0.4494501270353794
ENC00419,v7,0.1316517732809973,0.41909307002566243,0.4492551579730201
ENC00424,v7,0.17972105087303533,0.31726548360372947,0.5030134671587285
ENC00428,v7,0.08661485253168004,0.3842479817569256,0.5291371677603041
ENC00432,v7,0.11239265039899296,0.3942423093699871,0.493365041631505
ENC00433,v7,0.15682142777521102,0.3484329049948786,0.494745668451317
ENC00435,v7,0.0,0.4166710051025618,0.5833290011328172
ENC00436,v7,0.13189762487359669,0.3252653622108957,0.542837012461994
ENC00441,v7,0.12018693220024267,0.48275055348380536,0.39706251099089945
ENC00443,v7,0.07087584436740926,0.4987689676464245,0.43035518578303755
ENC00444,v7,0.09204181928349578,0.4234780185572479,0.484480164102886
ENC00451,v7,0.15155954758326212,0.4119080666038725,0.4365323896209399
ENC00453,v7,0.12920986723582276,0.4302696972841122,0.44052043312885725
ENC00457,v7,0.15488972421177846,0.3996884984125991,0.4454217759702734
ENC00459,v7,0.13569268140603197,0.4520728778432716,0.41223443868485365
ENC00461,v7,0.14573115716112478,0.36574301993801395,0.4885258276498955
ENC00462,v7,0.11886385496664834,0.4484949033338945,0.43264124730786124
ENC00444,v7,0.09204181928349578,0.4234780185572479,0.484480164102886
ENC00449,v7,0.16406226906330645,0.38619781611095955,0.44973991761187543
ENC00451,v7,0.17120754318993267,0.4064517967342361,0.4223406628622272
ENC00453,v7,0.12920986723582276,0.4302696972841122,0.44052043312885725
ENC00457,v7,0.1814730127855223,0.37357781835052434,0.44494916817971636
ENC00459,v7,0.13569268140603197,0.4520728778432716,0.41223443868485365
ENC00461,v7,0.12898694939012156,0.40785693929627026,0.4631561076846616
ENC00462,v7,0.11886385496664834,0.4484949033338945,0.43264124730786124
ENC00463,v7,0.19724727216983,0.3256249628811075,0.47712776144878977
ENC00464,v7,0.08363319730612441,0.4804678297488489,0.4358989723096384
ENC00465,v7,0.08995506312467355,0.5534154766165049,0.3566294594676094
ENC00469,v7,0.13437988833877548,0.37578629599563007,0.48983381287804967
ENC00471,v7,0.1430941123278841,0.39417068216772305,0.4627352020451947
ENC00474,v7,0.08245550229341961,0.527024606571478,0.3905198975082706
ENC00475,v7,0.11307147500781238,0.4335835417968973,0.4533449840651551
ENC00477,v7,0.09016189793253253,0.4548023968678096,0.4550357146252846
ENC00478,v7,0.12812972394749522,0.4635651052436408,0.40830517078147216
ENC00479,v7,0.16403647203077662,0.3514162224340946,0.4845473045047293
ENC00482,v7,0.12262988231624618,0.41546718002946087,0.4619029387831688
ENC00489,v7,0.14682526772423665,0.43916889857880925,0.41400583057987445
ENC00490,v7,0.07336601457228104,0.3765310402358732,0.5501029400094863
ENC00492,v7,0.16543440881275362,0.37317295500668146,0.4613926322549902
ENC00511,v7,0.14832995406662425,0.4023253739501039,0.4493446720764041
ENC00513,v7,0.13178360073526543,0.36041052506019283,0.5078058743805397
ENC00519,v7,0.12840932885312145,0.3921254552576853,0.47946521445460943
ENC00524,v7,0.18916460361302367,0.3659461010980794,0.4448892970488766
ENC00529,v7,0.18321243422596079,0.33000505456798956,0.4867825142647091
ENC00538,v7,0.14365804323554038,0.3566316460072994,0.4997103151082993
ENC00543,v7,0.11919723695316234,0.4464091026232022,0.4343936542878632
ENC00548,v7,0.18480873589805508,0.26312916284990967,0.5520620977659838
ENC00550,v7,0.1759139676537134,0.3277913677481423,0.49629466763112395
ENC00559,v7,0.1614769510924816,0.32127566251790884,0.5172473880829234
ENC00562,v7,0.18491846415223462,0.35669512891828425,0.4583864033517271
ENC00563,v7,0.11497146642508627,0.3956815716849656,0.4893469623282176
ENC00571,v7,0.09234722672213971,0.5284919755034884,0.3791608010274424
ENC00573,v7,0.11937916801999444,0.46330735333587814,0.4173134755829106
ENC00575,v7,0.16952672565722057,0.3594846084522895,0.47098866735513395
ENC00577,v7,0.12221280952686803,0.4551570374976125,0.4226301534656893
ENC00580,v7,0.13963014793395995,0.4076620534658432,0.4527077957391739
ENC00581,v7,0.12477552763992499,0.4265030145394702,0.4487214609354484
ENC00587,v7,0.1158167828955958,0.3894007075698145,0.49478251251482197
ENC00590,v7,0.14548591539435993,0.36453800480489784,0.4899760813726855
ENC00591,v7,0.12645990841768004,0.35072708391136936,0.5228130151699115
ENC00592,v7,0.21969600978994022,0.20930976031796775,0.5709942302999705
ENC00596,v7,0.14498221369253264,0.3160617725440749,0.5389560108935392
ENC00598,v7,0.11154875238317737,0.45044972089140917,0.438001528468936
ENC00600,v7,0.0843291926085949,0.42513257944583893,0.4905382308959961
ENC00606,v7,0.14728682265887338,0.42515390648716883,0.42755927379813885
ENC00608,v7,0.14022235395115556,0.4087462228478737,0.4510314230201314
ENC00620,v7,0.12311854055151343,0.4128705378000935,0.4640109270811081
ENC00631,v7,0.15649056842980477,0.39075354816248786,0.4527558834793476
ENC00637,v7,0.07176865595190421,0.4774610481832338,0.4507702885762505
ENC00640,v7,0.11877882097241949,0.35821975058722266,0.5230014337208665
ENC00643,v7,0.10311275173240063,0.4699039516741769,0.42698329791688083
ENC00657,v7,0.1108671881314089,0.3857272619298145,0.5034055541922797
ENC00661,v7,0.10544051416218281,0.48931159341419245,0.40524789554552293
ENC00665,v7,0.11437977567159881,0.44974828356256086,0.4358719441418846
ENC00667,v7,0.1518164683174301,0.4273257558489894,0.42085776649988615
ENC00671,v7,0.07071731661879781,0.4378469441786851,0.49143573804066915
ENC00694,v7,0.1304445379745152,0.4128409562222028,0.45671451268559793
ENC00696,v7,0.144114320341032,0.4206373116467148,0.43524836224969476
ENC00697,v7,0.11086595982313156,0.43968760922551153,0.4494464306533337
ENC00711,v7,0.10689196238915126,0.4760591546157459,0.417048882256757
ENC00717,v7,0.1004794352222234,0.42983568776398895,0.469684873893857
ENC00720,v7,0.15610179124456464,0.3815011072790984,0.462397098202597
ENC00721,v7,0.11066704998616458,0.34510684798972135,0.5442260984255343
ENC00727,v7,0.11991721764206886,0.3772494870377338,0.5028332957601923
ENC00729,v7,0.17483675594513232,0.35924403770611835,0.4659192079407537
ENC00730,v7,0.0877950736559438,0.4859390935323534,0.42626582901843274
ENC00734,v7,0.115465736078037,0.43115520510044725,0.45337905693840197
ENC00744,v7,0.14921990705212368,0.37984306342208507,0.4709370423530795
ENC00747,v7,0.15302733848652533,0.3773509327282188,0.4696217291457679
ENC00748,v7,0.13064105341640803,0.3946753721970778,0.47468356816814494
ENC00749,v7,0.1728176587967427,0.39493085018226076,0.4322514933544201
ENC00752,v7,0.09410698215583427,0.4314714083135528,0.47442160756796
ENC00753,v7,0.07616123921521332,0.34810019368710726,0.5757385684096294
ENC00757,v7,0.123770551505947,0.3440068816697156,0.5322225633318778
ENC00759,v7,0.16464846176297768,0.32462092799984893,0.510730614480765
ENC00762,v7,0.09560903813689947,0.4080761694245868,0.49631479796436095
ENC00765,v7,0.12413053071602832,0.38141060360642365,0.4944588645946148
ENC00771,v7,0.14773302512210712,0.41992341321811344,0.43234355865340485
ENC00772,v7,0.16424398750188898,0.38343853320254656,0.4523174787153963
ENC00778,v7,0.10362437568031825,0.4994547061431102,0.3969209097389482
ENC00787,v7,0.05892910687416269,0.46888968779852513,0.4721812098695521
ENC00788,v7,0.14894067526471857,0.4054388609163615,0.44562046321070925
ENC00792,v7,0.06423488222062587,0.3938979108994072,0.5418672112194267
ENC00797,v7,0.07339320357035224,0.4249228657378505,0.5016839308664203
ENC00801,v7,0.0,0.49514926960265715,0.5048507306895225
ENC00802,v7,0.1357951033296007,0.43757567938530084,0.4266292138232125
ENC00807,v7,0.0,0.5031273149781756,0.4968726825382974
ENC00808,v7,0.19557107448040903,0.38184485477101693,0.4225840694732494
ENC00812,v7,0.08637396705096527,0.40181317041447806,0.5118128581633491
ENC00813,v7,0.14265027312295778,0.401068809344655,0.45628091735499243
ENC00815,v7,0.13844902198953726,0.3224939558770239,0.5390570237464511
ENC00830,v7,0.11293036019315525,0.44587534422777136,0.44119429603523136
ENC00832,v7,0.0,0.5204615120183338,0.47953849638050255
ENC00838,v7,0.15197312737167892,0.3988139950117822,0.44921288045786195
ENC00845,v7,0.08081480657593125,0.4923819567476,0.4268032352129618
ENC00848,v7,0.15123521316992608,0.41396500632951133,0.43479978253966883
ENC00849,v7,0.14800863421987742,0.3210938366537448,0.5308975306106731
ENC00002,v8,0.18620023008333433,0.29332985141135137,0.5204699233584448
ENC00003,v8,0.2335095469147787,0.29158459041575224,0.47490585697900267
ENC00004,v8,0.1314950507503372,0.4115951280067633,0.4569098235250593
ENC00006,v8,0.13938897106653222,0.39954461365078503,0.4610664149603018
ENC00007,v8,0.1689607211892758,0.3219273388044003,0.5091119375797587
ENC00008,v8,0.13755464089267394,0.3687789056230994,0.4936664562891511
ENC00013,v8,0.17671533826276334,0.2813107699264575,0.5419738984456027
ENC00014,v8,0.046221356521632555,0.5211623913682668,0.43261625057300634
ENC00017,v8,0.1575296031113601,0.3964814989065582,0.4459889024270303
ENC00022,v8,0.17598547739488585,0.3706559967081826,0.4533585281790914
ENC00023,v8,0.13325159780099882,0.368130310154553,0.49861809273138114
ENC00024,v8,0.05632137048312209,0.4426343993707137,0.5010442278601906
ENC00031,v8,0.17754334662804158,0.27513279822670805,0.5473238558082257
ENC00034,v8,0.2255798517375864,0.26777916643968835,0.5066409848069632
ENC00043,v8,0.08111214610592772,0.40161003324513633,0.5172778174281121
ENC00052,v8,0.1544628787693406,0.3184787307457983,0.5270583895612354
ENC00063,v8,0.07848913188204698,0.4381619857241076,0.4833488854322028
ENC00064,v8,0.11787549648755069,0.3854656538701263,0.4966588464790377
ENC00065,v8,0.1295829375665034,0.4678975225936982,0.40251953887843317
ENC00067,v8,0.11274415885408719,0.46740110506614047,0.4198547347386678
ENC00080,v8,0.1917315151665237,0.3524535792050781,0.455814907347763
ENC00081,v8,0.10721568800508977,0.42499438415874136,0.46778992089358246
ENC00084,v8,0.13178820489359297,0.3719102994592722,0.4963014928762578
ENC00088,v8,0.1521258582763466,0.35908828813720634,0.4887858562079477
ENC00089,v8,0.14792176756647327,0.41979924865788026,0.43227898065120945
ENC00090,v8,0.20131896577973282,0.2794439893842271,0.5192370435832876
ENC00096,v8,0.20030947864569468,0.37562773620774004,0.42406277769598466
ENC00098,v8,0.13886586527311892,0.41850303440834535,0.4426310978491198
ENC00103,v8,0.08765836833279674,0.3944536235277392,0.5178880092977476
ENC00106,v8,0.0732051776074197,0.4424850948235911,0.4843097314886425
ENC00111,v8,0.10974976667761803,0.4470951163768768,0.44315511441230776
ENC00113,v8,0.0,0.5612962587012185,0.43870373947752844
ENC00121,v8,0.1067695720811133,0.4983793280466839,0.3948511021832625
ENC00125,v8,0.1282158951190385,0.45505293969773064,0.41673116102691526
ENC00128,v8,0.18275941827500514,0.3719223692666653,0.44531820806884026
ENC00130,v8,0.15409109441425978,0.36384041722388877,0.4820684862616878
ENC00133,v8,0.1903915739863928,0.25577359260317006,0.55383483251911
ENC00143,v8,0.13928262373575798,0.4227250655237426,0.4379923096579364
ENC00149,v8,0.1420456650592978,0.41775214045293746,0.4402021945468963
ENC00151,v8,0.0,0.4883122907530877,0.5116877104005506
ENC00159,v8,0.11179971665536102,0.32830782358845073,0.5598924629259527
ENC00162,v8,0.1471558936702257,0.4546199708499692,0.398224132812836
ENC00164,v8,0.09107062752386007,0.31327272565377984,0.595656644596773
ENC00167,v8,0.08841690397398039,0.40565878417004236,0.5059243123639714
ENC00170,v8,0.1568433533197847,0.3079261259850243,0.5352305266363867
ENC00171,v8,0.18227459166360938,0.3629642376433248,0.45476116939731265
ENC00173,v8,0.17330123271700765,0.37718904215442245,0.44950972509778236
ENC00188,v8,0.11224908520467579,0.37333144385367634,0.5144194732606411
ENC00191,v8,0.13436549093042102,0.3882112930927958,0.4774232132094247
ENC00192,v8,0.12926895717027212,0.4426921350185317,0.4280389112354529
ENC00193,v8,0.06229825786249421,0.4651301333142328,0.47257160709705204
ENC00202,v8,0.20152353252919894,0.3013339564795532,0.49714250519635184
ENC00209,v8,0.20589253457856702,0.26628947200683445,0.5278179966486417
ENC00210,v8,0.1276305951178074,0.39965770970906644,0.47271169860236695
ENC00214,v8,0.0,0.518952712085512,0.4810472867003194
ENC00217,v8,0.09085101891621833,0.4169932302400356,0.49215574892422626
ENC00237,v8,0.18253402086394327,0.35242645281392176,0.46503952588583974
ENC00238,v8,0.1444565822226061,0.3140212543256266,0.5415221665736655
ENC00250,v8,0.14011061777947126,0.31719159345935893,0.5426977932453155
ENC00255,v8,0.10837020359646815,0.44058871992792076,0.45104107747857386
ENC00256,v8,0.1302374605536461,0.4756595853567123,0.394102955698967
ENC00259,v8,0.2618699111386177,0.2013426138720381,0.5367874715032928
ENC00260,v8,0.1268350583145289,0.3969898820529139,0.4761750568461612
ENC00263,v8,0.09289961549232609,0.4262123869098339,0.4808880059989457
ENC00264,v8,0.1739632521684353,0.30891801741045827,0.5171187316568998
ENC00267,v8,0.09486350520193333,0.4304739643560081,0.4746625297626511
ENC00270,v8,0.14656316385124668,0.40764971790327265,0.44578711833014634
ENC00271,v8,0.1428761562840505,0.4365774132311344,0.42054643034934996
ENC00272,v8,0.11042812766714229,0.4057497992007821,0.48382207351150336
ENC00275,v8,0.1094433148794521,0.32644262364528215,0.564114055954493
ENC00289,v8,0.10370793618882695,0.40471133099248013,0.49158072980741657
ENC00291,v8,0.17040516021847724,0.261904502004385,0.5676903344392776
ENC00292,v8,0.13555269494120564,0.2882543334870466,0.5761929672743593
ENC00294,v8,0.1904602843086894,0.3744559702349872,0.43508374376025627
ENC00296,v8,0.1713116780054151,0.3240665292792153,0.5046217934342853
ENC00298,v8,0.1333040734170936,0.3537079780944623,0.5129879484884441
ENC00304,v8,0.14440142198493985,0.42933922428073307,0.42625935009934685
ENC00306,v8,0.18935258127748966,0.403671782463789,0.40697563224368627
ENC00310,v8,0.14633566049429086,0.33178292753604743,0.5218814118550374
ENC00319,v8,0.1990576733931385,0.3545176859559684,0.4464246430273714
ENC00323,v8,0.1617401118429614,0.30437144831242696,0.5338884386378275
ENC00326,v8,0.1448543535679886,0.36281839996269066,0.49232724186071414
ENC00327,v8,0.14094691618090183,0.35814657154600177,0.5009065104269348
ENC00329,v8,0.17273144010040495,0.32884304668931735,0.4984255117319879
ENC00330,v8,0.14037539474358243,0.32157732087595403,0.5380472825332121
ENC00336,v8,0.15355458800991376,0.27541553097466626,0.5710298774639765
ENC00337,v8,0.10542269632011861,0.3898284295638958,0.5047488782580916
ENC00341,v8,0.14566218379501986,0.35905933491537506,0.4952784768331831
ENC00344,v8,0.16030563367205067,0.3774510033272363,0.46224336466797583
ENC00349,v8,0.10181170840238787,0.40837565279498544,0.48981264064606933
ENC00358,v8,0.0,0.49915348132283,0.50084651867717
ENC00359,v8,0.17832950949668885,0.36091170147061347,0.46075879022479055
ENC00360,v8,0.18856653633217016,0.28087506284937264,0.5305584004769722
ENC00362,v8,0.0607390614325362,0.3915013901032178,0.5477595422911433
ENC00368,v8,0.12962704249435947,0.4043902288235369,0.4659827301899592
ENC00372,v8,0.10360705972250019,0.44148925600611433,0.4549036888139589
ENC00376,v8,0.14545543668944327,0.31628809356298604,0.5382564696865003
ENC00381,v8,0.17542772057155767,0.3033998891090353,0.5211723850419124
ENC00382,v8,0.19129619537524775,0.3567138672084876,0.4519899327990035
ENC00386,v8,0.1428458829011236,0.3273923524788448,0.5297617627041681
ENC00389,v8,0.10047365105710923,0.4285606219743689,0.4709657313923041
ENC00390,v8,0.14611700867854915,0.3490658647059339,0.5048171316100433
ENC00392,v8,0.12338975607639267,0.4453504400593894,0.4312598034029915
ENC00393,v8,0.19918652048500457,0.30273370061180377,0.49807977351811855
ENC00402,v8,0.15500725945457816,0.41411270373142683,0.43088004351235354
ENC00403,v8,0.11864628164718548,0.4040385214301447,0.47731518937895695
ENC00405,v8,0.11233112933114171,0.3586592332149545,0.5290096412102382
ENC00413,v8,0.15415603425002322,0.359645009814006,0.4861989548464991
ENC00414,v8,0.14819047678141825,0.3955612553944511,0.4562482720901889
ENC00418,v8,0.12636232176392348,0.38116279259784935,0.4924748907076944
ENC00419,v8,0.12091875796626626,0.41640866237931545,0.46267257235218995
ENC00424,v8,0.19204488354471494,0.23224630401873925,0.5757088150899365
ENC00428,v8,0.0873098722406367,0.3853290002475413,0.527361128565877
ENC00432,v8,0.10915598879331972,0.38018524858044156,0.5106587670187452
ENC00433,v8,0.1372263878827391,0.3658084797800756,0.49696513114411844
ENC00435,v8,0.0,0.5680604755193338,0.43193952430938853
ENC00436,v8,0.13858112274217851,0.3384690909195192,0.5229497885273904
ENC00441,v8,0.12664478055612985,0.47594625589459444,0.39740895832231804
ENC00443,v8,0.0838799261948978,0.4057629892621378,0.5103570865561263
ENC00444,v8,0.09415094534608912,0.40256310801239725,0.5032859458885295
ENC00451,v8,0.17233702137957524,0.3609548534681327,0.46670812270502104
ENC00453,v8,0.12657804670038098,0.4455668395667365,0.4278551084977208
ENC00457,v8,0.19177441764622927,0.3250644627528695,0.483161120603864
ENC00459,v8,0.14208903736484949,0.41689209816276385,0.44101886499312615
ENC00461,v8,0.13954020271388193,0.39657528238991896,0.46388451419770715
ENC00462,v8,0.15917830314851344,0.30275083910253714,0.5380708566285614
ENC00444,v8,0.09415094534608912,0.40256310801239725,0.5032859458885295
ENC00449,v8,0.1653122329711914,0.3983378209173679,0.4363499453663826
ENC00451,v8,0.1673781233142593,0.3220226694188432,0.5105992074676616
ENC00453,v8,0.12657804670038098,0.4455668395667365,0.4278551084977208
ENC00457,v8,0.1996093717191303,0.3213533344760276,0.47903729596158917
ENC00459,v8,0.14208903736484949,0.41689209816276385,0.44101886499312615
ENC00461,v8,0.13327891803255268,0.40716194624409957,0.4595591347007191
ENC00462,v8,0.15917830314851344,0.30275083910253714,0.5380708566285614
ENC00463,v8,0.1879090797016047,0.338957633010875,0.4731332853548509
ENC00464,v8,0.08405978164076805,0.49136490738391875,0.4245753131508827
ENC00465,v8,0.11830497295485706,0.4249589009078469,0.45673612522797324
ENC00469,v8,0.14216993631500946,0.3885173497343422,0.46931271591132745
ENC00471,v8,0.13951879585690705,0.3903348767831002,0.47014632333575945
ENC00474,v8,0.09436877450162126,0.4612811928571657,0.4443500338829765
ENC00475,v8,0.134433389212446,0.3942674539100967,0.47129916056598486
ENC00477,v8,0.08619688574295,0.4481036543564976,0.4656994601465621
ENC00478,v8,0.1466370163564111,0.3954593608496894,0.4579036204328
ENC00479,v8,0.15286518743634223,0.3388255467414856,0.5083092678785324
ENC00482,v8,0.14067418027728323,0.36976770956128363,0.48955810720485354
ENC00489,v8,0.19919076322444848,0.25778987724334,0.543019358733935
ENC00490,v8,0.050015430735572186,0.4345010318454133,0.515483537553162
ENC00492,v8,0.16635665850293252,0.3771905607433729,0.4564527821156286
ENC00511,v8,0.14992504645335047,0.3461745115263121,0.5039004378188822
ENC00513,v8,0.13184501467364246,0.3792689078350048,0.48888607213243107
ENC00519,v8,0.1291499538996885,0.4611792400363804,0.40967080332050027
ENC00524,v8,0.20056242554789722,0.30029512506605377,0.499142455287499
ENC00529,v8,0.16327410799293024,0.3643438513127138,0.4723820371447869
ENC00538,v8,0.13527046505994392,0.3799209674152563,0.4848085660135971
ENC00543,v8,0.12834349075953166,0.43852613114175343,0.4331303756151881
ENC00548,v8,0.18755405786836032,0.24935199935170052,0.5630939436479679
ENC00550,v8,0.14574531230840598,0.3925045926023174,0.4617500929413615
ENC00559,v8,0.1630767046669383,0.3538762640989857,0.48304703344165545
ENC00562,v8,0.20121599041411412,0.35386033556626545,0.4449236697476843
ENC00563,v8,0.11752522780614741,0.392182298192457,0.4902924731874666
ENC00571,v8,0.1004313640623239,0.4809286568902041,0.41863997528950375
ENC00573,v8,0.11892230798575011,0.44861733154817063,0.4324603611095385
ENC00575,v8,0.1796509535642157,0.3425523615114286,0.4777966834814616
ENC00577,v8,0.12899645048981676,0.4436415247619152,0.4273620230647234
ENC00580,v8,0.14471547536808868,0.2702535185320624,0.5850310056373991
ENC00581,v8,0.12478545062332111,0.3888878795434032,0.4863266777357406
ENC00587,v8,0.11673216509068904,0.38840048511823017,0.49486734692742224
ENC00590,v8,0.1651125696953386,0.3393893009716911,0.49549813009798527
ENC00591,v8,0.12911506161674277,0.341412452618023,0.5294724865393206
ENC00592,v8,0.20369366711040712,0.2902617691401041,0.5060445607270835
ENC00596,v8,0.1265422517486981,0.31386559618370874,0.55959215428148
ENC00598,v8,0.12210471302089168,0.3898656416411807,0.48802964843627883
ENC00600,v8,0.08286627428994203,0.39639052731605867,0.5207431964576245
ENC00606,v8,0.15395771939370592,0.37218802037127946,0.4738542551837735
ENC00608,v8,0.15130345780696525,0.3206635588093808,0.5280329832120946
ENC00620,v8,0.13688409710793117,0.38945976381463215,0.4736561357302773
ENC00631,v8,0.17417807014728034,0.3795493980524717,0.446272532283156
ENC00637,v8,0.0735597734817782,0.4605868007685687,0.46585342220894926
ENC00640,v8,0.10910257233468734,0.3998417794380499,0.49105564861193945
ENC00643,v8,0.10660264036565456,0.46664305565492165,0.42675430679096366
ENC00657,v8,0.11394739432745621,0.4103962818489355,0.47565631843915507
ENC00661,v8,0.11563202934829812,0.4506341986227454,0.4337337750353311
ENC00665,v8,0.11578700923315295,0.36880820479009535,0.5154047873053518
ENC00667,v8,0.18043748990897715,0.331844291602173,0.4877182179993957
ENC00671,v8,0.07098900554258199,0.4337687830130259,0.4952422112226486
ENC00694,v8,0.12334766222147255,0.42558913053693,0.45106320996005256
ENC00696,v8,0.14536652598560842,0.4338426915082065,0.4207907837530798
ENC00697,v8,0.1090457990613519,0.3852952888273463,0.5056589134797758
ENC00711,v8,0.1066017030362985,0.4518411916805737,0.4415571037957917
ENC00717,v8,0.10853950738122589,0.4313543523220639,0.46010614382593257
ENC00720,v8,0.18926397662296474,0.33920914161010324,0.47152688180174784
ENC00721,v8,0.12177151330416242,0.35190230313568344,0.5263261837103674
ENC00727,v8,0.12829322612187902,0.41382399720490953,0.4578827730700618
ENC00729,v8,0.16936583886686846,0.3840805808846042,0.44655357622842995
ENC00730,v8,0.08737674943454887,0.5196100118367568,0.3930132404617641
ENC00734,v8,0.1461804165446665,0.37418780475854874,0.4796317754080519
ENC00744,v8,0.1380157011002302,0.4040278665721416,0.45795642890036103
ENC00747,v8,0.16059181102636186,0.3477505339648236,0.4916576563634656
ENC00748,v8,0.13238233341803762,0.368473715218557,0.4991439517055239
ENC00749,v8,0.19117456827726628,0.34912510332134034,0.459700326455964
ENC00752,v8,0.09569659330381834,0.42487625790036415,0.4794271492268428
ENC00753,v8,0.10001039818674326,0.3828454326987267,0.5171441695690155
ENC00757,v8,0.11239164533555253,0.36647747953732807,0.5211308715689895
ENC00759,v8,0.1542039675405249,0.3797717945999466,0.46602423186413944
ENC00762,v8,0.11325665542855859,0.34178074210882187,0.5449626076221467
ENC00765,v8,0.12176844322131676,0.3928870564525567,0.48534450730652484
ENC00771,v8,0.16308402162682903,0.32965835294610746,0.5072576327098383
ENC00772,v8,0.18893554515012032,0.33669247675054476,0.47437197855621016
ENC00778,v8,0.11205381683872215,0.466083263845316,0.42186291768614737
ENC00787,v8,0.04874754344310724,0.4551765898411924,0.4960758670261412
ENC00788,v8,0.14114007170105147,0.3531475869110889,0.5057123413102494
ENC00792,v8,0.06550311664005323,0.4399620334611458,0.49453484910686
ENC00797,v8,0.10123435371012117,0.3791466245893389,0.5196190262213349
ENC00801,v8,0.0,0.5399108521786391,0.4600891503048878
ENC00802,v8,0.1661646761931479,0.3316754742658564,0.5021598492083805
ENC00807,v8,0.0,0.45841507376344115,0.5415849199449575
ENC00808,v8,0.17725212025371465,0.339062995223467,0.483684878088226
ENC00812,v8,0.08535941800494727,0.37118255959725693,0.5434580255103739
ENC00813,v8,0.14310112085781598,0.40052672776213866,0.45637215307930057
ENC00815,v8,0.15423077940940857,0.3083692195384126,0.537400002071732
ENC00830,v8,0.15782724062273326,0.2779082536758963,0.5642645107813118
ENC00832,v8,0.0,0.49815866704340334,0.501841335384934
ENC00838,v8,0.13854997428041874,0.4159756711508968,0.4454743512491188
ENC00845,v8,0.08348284466801403,0.49012569108299003,0.42639146118520577
ENC00848,v8,0.14689696663729498,0.37381358542174936,0.47928944661795536
ENC00849,v8,0.15149466871069028,0.32697776278051044,0.5215275759880359
