encounter_id,version,image_avg,text_avg,sink_avg
ENC00002,v1,0.03586994224878134,0.2140861322294991,0.7500439227189658
ENC00003,v1,0.0376139288154346,0.1993122995323078,0.7630737715146758
ENC00004,v1,0.04941018779451648,0.22338706264511132,0.7272027474947464
ENC00006,v1,0.03764698120086628,0.19016484215350474,0.772188173512281
ENC00007,v1,0.037162112164219004,0.23944735486101318,0.723390539923867
ENC00008,v1,0.031808384964892335,0.21243008065882119,0.7557615294705989
ENC00013,v1,0.037591732197522536,0.20246689406775156,0.7599413742139501
ENC00014,v1,0.03408830046449622,0.2787470645079874,0.6871646385486812
ENC00017,v1,0.03919359728355299,0.23008303419508117,0.7307233659908025
ENC00022,v1,0.02768442028281378,0.19132677653923313,0.7809888048374907
ENC00023,v1,0.04465117079808432,0.21588821915142675,0.7394606113433838
ENC00024,v1,0.03059594797086902,0.23218997865915297,0.7372140720486641
ENC00031,v1,0.03666402937696231,0.21562751340256495,0.7477084574374285
ENC00034,v1,0.03738004306395506,0.22704766052721562,0.7355722990529291
ENC00043,v1,0.035357958720892334,0.2104899035243506,0.7541521352328612
ENC00052,v1,0.0344317926469052,0.25447681199552286,0.7110913983649678
ENC00063,v1,0.02774593596243196,0.2041413004130677,0.7681127587954203
ENC00064,v1,0.028152895838265187,0.23976903570734936,0.7320780682822933
ENC00065,v1,0.045640699416795306,0.19621585154945545,0.7581434538389774
ENC00067,v1,0.03308054471632377,0.22750681669761738,0.7394126362743831
ENC00080,v1,0.03553034589384441,0.22056395100590623,0.7439056929246879
ENC00081,v1,0.042296278714850734,0.23093871564804752,0.7267650090440919
ENC00084,v1,0.03569796626930529,0.20027284819703056,0.7640291860081115
ENC00088,v1,0.034289811117905966,0.17471965948588278,0.7909905259594595
ENC00089,v1,0.038679511974687164,0.21295717872841202,0.7483633073127788
ENC00090,v1,0.035512387671548386,0.20909816670514966,0.7553894429103188
ENC00096,v1,0.039362504365568866,0.19277653474436732,0.7678609584667244
ENC00098,v1,0.0332622000599628,0.2553348675533965,0.711402931874925
ENC00103,v1,0.023964839377124042,0.19334001690872665,0.7826951458616164
ENC00106,v1,0.04307155127815427,0.20530846338481346,0.7516199841778329
ENC00111,v1,0.03970054210224581,0.17850497065582008,0.7817944873159177
ENC00113,v1,0.0,0.26439967097751066,0.7356003283285627
ENC00121,v1,0.03934528549080309,0.21002430557880714,0.7506304065818372
ENC00125,v1,0.038764705673298414,0.22056788648752607,0.7406674055492177
ENC00128,v1,0.032536093468720814,0.21904470969219597,0.7484191978464321
ENC00130,v1,0.034764126978336356,0.16070030167749202,0.8045355717878084
ENC00133,v1,0.05468994420236693,0.19628995613983044,0.7490201036517437
ENC00143,v1,0.031172364074909302,0.22801469207775812,0.7408129448692004
ENC00149,v1,0.0332176812362295,0.18348396515792553,0.7832983549650725
ENC00151,v1,0.0,0.37099645795330166,0.6290035432293302
ENC00159,v1,0.024775899720511266,0.1714509661442467,0.8037731340953282
ENC00162,v1,0.033200042799296905,0.2459378904867463,0.7208620644197231
ENC00164,v1,0.03382237072937287,0.22758710476291644,0.7385905295997471
ENC00167,v1,0.03365941520086398,0.19672315432598778,0.7696174318883934
ENC00170,v1,0.035148281525125946,0.1907567001121529,0.7740950137376785
ENC00171,v1,0.036954286150894196,0.24793994353087837,0.7151057713253554
ENC00173,v1,0.038784325969490135,0.21140132739086342,0.7498143471852697
ENC00188,v1,0.030973433772191764,0.2239235978887742,0.745102968560644
ENC00191,v1,0.03695782143440025,0.2029643239928227,0.7600778613020392
ENC00192,v1,0.036261590430513024,0.2726496289794644,0.6910887812574704
ENC00193,v1,0.04141441878810939,0.23602127102721068,0.7225643114911185
ENC00202,v1,0.031877132813231304,0.1751157890081915,0.7930070783337976
ENC00208,v1,0.02928437458791046,0.28625290882256293,0.6844627203212844
ENC00209,v1,0.04070636087807974,0.2430898328556826,0.7162038048631266
ENC00210,v1,0.033915185990432896,0.19703823681443167,0.7690465776966169
ENC00214,v1,0.0,0.3261027723550797,0.6738972326119741
ENC00217,v1,0.04241153626658377,0.2152861057381545,0.7423023592148509
ENC00237,v1,0.03683613105677068,0.17742449765404064,0.7857393729190032
ENC00238,v1,0.038307051485977496,0.16744401970734962,0.794248925951811
ENC00250,v1,0.0354239223558918,0.2045547032769579,0.76002137091038
ENC00255,v1,0.04355793913222245,0.2766533159726375,0.6797887425164919
ENC00256,v1,0.028555652963869433,0.25865329247205815,0.7127910563920407
ENC00259,v1,0.03533177197975821,0.22191399604428647,0.7427542292794516
ENC00260,v1,0.03300922906004586,0.27782864114919376,0.6891621320053588
ENC00263,v1,0.02808661460294388,0.2647728189826012,0.7071405649185181
ENC00264,v1,0.03347283753740427,0.22408372143303956,0.7424434413621713
ENC00267,v1,0.034086659648700765,0.18830470943398642,0.7776086306885669
ENC00270,v1,0.04549508041714969,0.17024322821159069,0.7842616924684341
ENC00271,v1,0.04814579454725798,0.2144364651900773,0.7374177362237658
ENC00272,v1,0.03370702438297923,0.20939712526483667,0.7568958487223696
ENC00275,v1,0.024349120905083652,0.22310712776686015,0.7525437474250793
ENC00289,v1,0.03986625251284725,0.2637220670947352,0.6964116817390597
ENC00291,v1,0.03236534361271782,0.2007872788433699,0.7668473783959734
ENC00292,v1,0.03410941239569213,0.21216394973325206,0.7537266409004127
ENC00294,v1,0.034334262922250974,0.1822549585563441,0.7834107756614686
ENC00296,v1,0.03370654040136961,0.19840682639429966,0.7678866320186191
ENC00298,v1,0.043423029074034135,0.24465487118471752,0.7119221056436563
ENC00304,v1,0.025920815003401303,0.287788372364018,0.686290809741387
ENC00306,v1,0.035833880116326225,0.27873290880866675,0.6854332149892614
ENC00310,v1,0.03408118168308029,0.2525098531425578,0.7134089576966555
ENC00319,v1,0.047673230718185265,0.2741582868847905,0.6781684916193892
ENC00323,v1,0.027599607133711485,0.22129139660493188,0.7511089959222338
ENC00326,v1,0.03062312305620354,0.2915233081827561,0.6778535710440742
ENC00327,v1,0.026749590983275662,0.2211262627194325,0.7521241440465956
ENC00329,v1,0.046789482195416225,0.2090669143135133,0.7441436052322388
ENC00330,v1,0.03788769386381238,0.1974905647419311,0.7646217359291329
ENC00336,v1,0.040009738659816926,0.18807230994244603,0.7719179514412567
ENC00337,v1,0.04399461400263557,0.23002510399716655,0.7259802785588474
ENC00341,v1,0.040313647449096685,0.20472372844014117,0.754962622157989
ENC00344,v1,0.032320108983665705,0.23022457665205,0.7374553165435791
ENC00349,v1,0.036295670822456286,0.23551795307498474,0.7281863728126923
ENC00358,v1,0.0,0.3556313853090008,0.6443686125179132
ENC00359,v1,0.0350318875091223,0.24082903593004523,0.7241390800321257
ENC00360,v1,0.03540543928373974,0.21727245884364124,0.7473220988944337
ENC00362,v1,0.019505920721904227,0.27625362643677936,0.7042404519099938
ENC00368,v1,0.045510397103338776,0.2000259278485408,0.7544636706729512
ENC00372,v1,0.041178625604384636,0.22197622087705565,0.7368451514876032
ENC00376,v1,0.03705666125478113,0.22747126462704995,0.7354720774818869
ENC00381,v1,0.03332746132426629,0.1814333497147475,0.7852391856057304
ENC00382,v1,0.04054408080410212,0.2214225443545729,0.7380333784967661
ENC00386,v1,0.04560828033363682,0.20434278343943343,0.7500489316452509
ENC00389,v1,0.05164077678104726,0.17831533075105854,0.7700438916198606
ENC00390,v1,0.035322731562988145,0.24699019513239986,0.7176870668404981
ENC00392,v1,0.03564493433393613,0.20760734484653282,0.7567477178091955
ENC00393,v1,0.04116733060984672,0.22528689807351632,0.7335457805591293
ENC00402,v1,0.03997493893965273,0.19102103135607265,0.7690040265117679
ENC00403,v1,0.03951449046268108,0.1933861547645102,0.7670993548124394
ENC00405,v1,0.03158847722071376,0.24913251576024098,0.7192790053047977
ENC00413,v1,0.034792617906066706,0.2306600184884013,0.734547355189556
ENC00414,v1,0.03890723745992526,0.22003781882689355,0.7410549470718871
ENC00418,v1,0.03477098541136118,0.20064311541933963,0.7645859014480672
ENC00419,v1,0.04404629255388526,0.2738276025739269,0.6821261043997778
ENC00424,v1,0.0363986999769737,0.17953114624361735,0.7840701559105435
ENC00428,v1,0.028899866530833686,0.2386789688354601,0.732421164603337
ENC00432,v1,0.03984690079232678,0.22849157378077506,0.7316615231335163
ENC00433,v1,0.026712571323403846,0.21701688432823057,0.7562705462393553
ENC00435,v1,0.0,0.38818855613470077,0.6118114441633224
ENC00436,v1,0.03709988797805747,0.20027910401018298,0.7626210064912329
ENC00441,v1,0.032841288028284905,0.22301981192082165,0.7441388961672782
ENC00443,v1,0.038922765073092544,0.18693832556406656,0.7741389105132982
ENC00444,v1,0.039756518301315776,0.22047049794779267,0.7397729834151823
ENC00451,v1,0.03378277181279069,0.22909944186297557,0.7371177912379304
ENC00453,v1,0.0298519496771289,0.17279880246187143,0.7973492468925233
ENC00456,v1,0.0256590729765594,0.23959797596931456,0.7347429509162903
ENC00457,v1,0.03358422959559506,0.18522672077878974,0.781189050889553
ENC00459,v1,0.031218965505731517,0.23215331651013474,0.7366277150724126
ENC00461,v1,0.027071721097897915,0.21873799782423747,0.7541902870649383
ENC00444,v1,0.039756518301315776,0.22047049794779267,0.7397729834151823
ENC00449,v1,0.038047428832699855,0.19013848661755522,0.7718140887717406
ENC00451,v1,0.03378277181279069,0.22909944186297557,0.7371177912379304
ENC00453,v1,0.0298519496771289,0.17279880246187143,0.7973492468925233
ENC00456,v1,0.0256590729765594,0.23959797596931456,0.7347429509162903
ENC00457,v1,0.03358422959559506,0.18522672077878974,0.781189050889553
ENC00459,v1,0.031218965505731517,0.23215331651013474,0.7366277150724126
ENC00461,v1,0.027071721097897915,0.21873799782423747,0.7541902870649383
ENC00462,v1,0.05259163608901541,0.20953574395653876,0.7378726232458245
ENC00463,v1,0.030614122574738528,0.18024145028853822,0.7891444222906888
ENC00464,v1,0.03915346482915155,0.26230209869112864,0.69854443662622
ENC00465,v1,0.04442558299112869,0.24060198944061995,0.714972427801082
ENC00469,v1,0.031676086491816455,0.21876251555624462,0.7495613935447875
ENC00471,v1,0.03897454779987939,0.18253645508670482,0.7784889983076627
ENC00474,v1,0.0405541899404032,0.21562769318766453,0.7438181191682816
ENC00475,v1,0.02501004197203168,0.22226803722541508,0.7527219267880044
ENC00477,v1,0.038864640270670256,0.30654389967521034,0.6545914657910665
ENC00478,v1,0.03882223835803176,0.23537907161210714,0.7257986962795258
ENC00479,v1,0.04099241208217769,0.2514124932328621,0.7075950998857797
ENC00482,v1,0.03295118346724702,0.23719457382785863,0.7298542418699155
ENC00489,v1,0.039796780489770506,0.22082832862419643,0.7393748934926658
ENC00490,v1,0.03670957494856945,0.21089652366936207,0.7523939075569311
ENC00492,v1,0.04161362294655512,0.2096733862424598,0.7487129919669208
ENC00511,v1,0.04271689120473133,0.2136139710744222,0.7436691347095702
ENC00513,v1,0.0321565563014398,0.20124631763125458,0.7665971272314588
ENC00519,v1,0.0328902038100111,0.19150515903930854,0.775604636657356
ENC00524,v1,0.03444763046297196,0.24281605053693056,0.7227363233503542
ENC00529,v1,0.0319873596066221,0.20301511561653265,0.7649975273137292
ENC00538,v1,0.036429358050227165,0.1890684763342142,0.7745021730661392
ENC00543,v1,0.029069924346086653,0.19636300138451837,0.7745670721386418
ENC00548,v1,0.03008687057133232,0.23748587956652045,0.7324272479329791
ENC00550,v1,0.032611880842596294,0.19349944186210633,0.7738886806964874
ENC00559,v1,0.03141686424335584,0.22301104284347373,0.7455720961727994
ENC00562,v1,0.032729853973723945,0.18239205351099372,0.7848780959844589
ENC00563,v1,0.04622217559533075,0.22705704580120584,0.726720780134201
ENC00571,v1,0.03699669728010166,0.22206824936154412,0.740935049769355
ENC00573,v1,0.0342454458289641,0.19903748740065605,0.7667170633026894
ENC00575,v1,0.03506645910372889,0.17761964363011498,0.7873138895741215
ENC00577,v1,0.04295353375283288,0.2248937390100809,0.7321527221320588
ENC00580,v1,0.04114077711433527,0.2122275492708598,0.7466316645344099
ENC00581,v1,0.028922364424521986,0.20587961081611483,0.7651980268327814
ENC00587,v1,0.03030820481415669,0.22563960250805726,0.7440521923655813
ENC00590,v1,0.04235832760165824,0.1919554060712309,0.7656862626571467
ENC00591,v1,0.043956241914874884,0.23262619385368202,0.7234175715544452
ENC00592,v1,0.0385637441650033,0.20790208822323217,0.7535341653558943
ENC00596,v1,0.03309612208637443,0.2241651942260074,0.7427386800303076
ENC00598,v1,0.037707168051080465,0.21605391373547414,0.7462389195958773
ENC00600,v1,0.03425195259502628,0.21824861694495756,0.7474994302450956
ENC00606,v1,0.039340545492315734,0.2929472789904218,0.6677121726083167
ENC00608,v1,0.03655111042029235,0.20753812149501918,0.755910766593526
ENC00620,v1,0.02717770188301802,0.2506134495139122,0.7222088520526886
ENC00631,v1,0.035825814078894576,0.18882373436021485,0.7753504450832095
ENC00637,v1,0.034955714497415497,0.2308567300353242,0.7341875464751803
ENC00640,v1,0.03466942260122818,0.1998834360876809,0.7654471407765927
ENC00643,v1,0.04109271332341176,0.2776498146435266,0.6812574703206298
ENC00657,v1,0.029515556929597876,0.21476539835896133,0.7557190448608039
ENC00661,v1,0.027596556272749838,0.249699264647145,0.7227041765263206
ENC00665,v1,0.04217228385415382,0.21490267046341083,0.7429250464206789
ENC00667,v1,0.035622346513334985,0.19430195051923538,0.7700757048662427
ENC00671,v1,0.02442613823608641,0.2350257285029055,0.7405481284641358
ENC00694,v1,0.03450076928996342,0.21241019939647077,0.7530890284700597
ENC00696,v1,0.029923257251669253,0.2545783755679925,0.7154983700740905
ENC00697,v1,0.04672429462273916,0.24252199086671075,0.7107537165284157
ENC00711,v1,0.034263152054187895,0.19284335244446993,0.7728934944892416
ENC00717,v1,0.03460293313255534,0.23249129191972315,0.73290577493608
ENC00720,v1,0.033621056026287295,0.20320156086864097,0.7631773791286383
ENC00721,v1,0.02994377549965771,0.1939267001057766,0.776129521277486
ENC00727,v1,0.03480048334702503,0.24079799257911916,0.7244015266728956
ENC00729,v1,0.034412474391593346,0.2007754780620122,0.764812052893124
ENC00730,v1,0.0323206146948793,0.23582401189408944,0.7318553721971726
ENC00734,v1,0.03490952451477994,0.26493397715327505,0.7001564987413176
ENC00744,v1,0.035361292760907895,0.25261206907175837,0.7120266414823986
ENC00747,v1,0.03227903788070102,0.21018773734897048,0.757533230296858
ENC00748,v1,0.0495138302764022,0.2242884659943612,0.7261977007514552
ENC00749,v1,0.05631363130823681,0.2331501277953838,0.7105362379189694
ENC00752,v1,0.03250740597723052,0.22048675660043954,0.7470058340579271
ENC00753,v1,0.04529659341198283,0.2378625182749389,0.7168408903208646
ENC00757,v1,0.03636343541244666,0.235953458994627,0.7276831138134002
ENC00759,v1,0.04183674816740677,0.22533786490093916,0.7328253906220198
ENC00762,v1,0.03141626915021334,0.2006516025091211,0.7679321259881059
ENC00765,v1,0.04107821512967348,0.22848736519614857,0.7304344101746877
ENC00771,v1,0.03338507232679562,0.23512808414119662,0.7314868454981331
ENC00772,v1,0.03810790650742619,0.21329565918759297,0.7485964348441676
ENC00778,v1,0.03567694651259892,0.24281201927342277,0.7215110288150068
ENC00787,v1,0.036783052410464735,0.2506992121692747,0.7125177346169949
ENC00788,v1,0.04230757690228448,0.1926787612535576,0.7650136626002813
ENC00792,v1,0.028201655542389268,0.1947751226524512,0.7770232177916028
ENC00797,v1,0.02355399931019003,0.2030642363496802,0.7733817604455081
ENC00801,v1,0.0,0.3178194106452995,0.6821805900997586
ENC00802,v1,0.041067725311051,0.1837501456293295,0.7751821265468057
ENC00807,v1,0.0,0.3163905417782137,0.6836094565090092
ENC00808,v1,0.034510252854353426,0.18384805295874576,0.781641693398504
ENC00812,v1,0.037336912923060434,0.21248601388531863,0.7501770774113763
ENC00813,v1,0.0477489649983389,0.2602770806423255,0.6919739565679005
ENC00815,v1,0.0429076688817224,0.2743970755789731,0.6826952554889627
ENC00830,v1,0.03397733711823821,0.17823482778668404,0.787787836074829
ENC00832,v1,0.0,0.35561111743251483,0.6443888833125432
ENC00838,v1,0.03214535419109095,0.1907245628151697,0.7771300848611852
ENC00845,v1,0.032375360827711294,0.2740956762033265,0.6935289596639028
ENC00848,v1,0.030771663090809413,0.19423335882806286,0.7749949788924345
ENC00849,v1,0.05022548083755849,0.2512818083598994,0.6984927110050035
ENC00002,v2,0.031915613097600014,0.22746654422344448,0.7406178453815317
ENC00003,v2,0.03261110845699229,0.19763813323595308,0.7697507614439184
ENC00004,v2,0.04313844449019858,0.2472541682422161,0.7096073814800807
ENC00006,v2,0.03395855668272856,0.22513607335565364,0.7409053695412864
ENC00007,v2,0.032633638535453764,0.2157969526187689,0.7515694109929932
ENC00008,v2,0.029549615955429858,0.23006297528058633,0.7403874023892414
ENC00013,v2,0.03932406890496452,0.22534251954126103,0.7353334045538338
ENC00014,v2,0.034176556927462416,0.2827093461155891,0.6831140987078349
ENC00017,v2,0.03638553171807412,0.23855190557762257,0.72506256416006
ENC00022,v2,0.031324736190878825,0.19568095058202745,0.7729943127735801
ENC00023,v2,0.037320310245268044,0.22626749467104673,0.7364121928811074
ENC00024,v2,0.026135425346539072,0.2308731068978491,0.7429914675329042
ENC00031,v2,0.03428158289964565,0.22950998388908125,0.7362084297293966
ENC00034,v2,0.035348247520492544,0.22491801627689884,0.7397337357203165
ENC00043,v2,0.0329962436891427,0.20063117519021034,0.7663725808795009
ENC00052,v2,0.032115328720667295,0.2675881227478385,0.700296545194255
ENC00063,v2,0.026888092602320918,0.1934886984244892,0.779623211333246
ENC00064,v2,0.026947130620001106,0.2387565964268982,0.7342962712869732
ENC00065,v2,0.042283522361453545,0.22267360343260967,0.7350428719469841
ENC00067,v2,0.03401652860000383,0.22399207031310991,0.7419913924017618
ENC00080,v2,0.03765033368722766,0.2519573548494221,0.7103923114089222
ENC00081,v2,0.03346523729019931,0.23049985517614655,0.7360349121902671
ENC00084,v2,0.032508718936393656,0.20008706784358732,0.7674042149274437
ENC00088,v2,0.03450056925675897,0.19935972029848617,0.7661397126755973
ENC00089,v2,0.03715013512207762,0.21127959369155375,0.751570272380891
ENC00090,v2,0.031606349071365926,0.19695789635042163,0.7714357557140779
ENC00096,v2,0.03262947027438453,0.20035953713314875,0.767010987656457
ENC00098,v2,0.030149582693484996,0.2724377636355583,0.6974126509945802
ENC00103,v2,0.024200186024400147,0.23669962394744792,0.7391001876998455
ENC00106,v2,0.04341530999434846,0.22128708508043063,0.7352976018474215
ENC00111,v2,0.037242450710155264,0.18919605128796754,0.7735615019249705
ENC00113,v2,0,0.2634569849405024,0.7365430160647347
ENC00121,v2,0.03788470904565538,0.2219731508065825,0.7401421394037164
ENC00125,v2,0.03633078928379452,0.22581419379395598,0.7378550150815179
ENC00128,v2,0.032329580149821284,0.2086600304300924,0.7590103835156821
ENC00130,v2,0.03390357526740781,0.1939344874306305,0.772161937511719
ENC00133,v2,0.05352167035357989,0.2340350095562789,0.7124433210309671
ENC00143,v2,0.033000536942474394,0.26559246635558653,0.7014069943403711
ENC00149,v2,0.031393258428821964,0.18833814843868216,0.7802685891588529
ENC00151,v2,0,0.3122432673486268,0.6877567342868666
ENC00159,v2,0.024912815338772053,0.20904140418978653,0.7660457786887583
ENC00162,v2,0.030260175723248184,0.2723242417933085,0.6974155814983906
ENC00164,v2,0.03416914704625737,0.23620570624527865,0.7296251544397171
ENC00167,v2,0.03272906501805133,0.2025060182677047,0.7647649179590811
ENC00170,v2,0.03280544522194526,0.21268280735637388,0.754511745312275
ENC00171,v2,0.03613635317867135,0.2107869829009245,0.7530766612774616
ENC00173,v2,0.03616256286714519,0.23829868795831552,0.7255387557356545
ENC00188,v2,0.029843222646741198,0.22779320157133043,0.7423635803163051
ENC00191,v2,0.03183596094529475,0.19300881070235082,0.7751552241463815
ENC00192,v2,0.03552103560003969,0.290260324627161,0.6742186394002703
ENC00193,v2,0.03870286110180373,0.201645661905712,0.7596514781518858
ENC00202,v2,0.02996596640371012,0.20165208670677562,0.7683819424022328
ENC00208,v2,0.027754277871181704,0.3036421111797633,0.6686036129520364
ENC00209,v2,0.03840013809172036,0.23913507295560232,0.7224647904498668
ENC00210,v2,0.03189191153193483,0.21109757179439795,0.7570105207765975
ENC00214,v2,0,0.3246859387530909,0.675314062214517
ENC00217,v2,0.043277080241364965,0.2094638349507192,0.7472590849255071
ENC00237,v2,0.03442449112023626,0.19881878509407952,0.7667567230406261
ENC00238,v2,0.036139549083040595,0.21843176904635933,0.7454286839526433
ENC00250,v2,0.03542996119061599,0.23170069323814646,0.7328693440982273
ENC00255,v2,0.027699154477975354,0.27642595695286265,0.6958748901762614
ENC00256,v2,0.02902058339337023,0.24729896000609164,0.7236804529661085
ENC00259,v2,0.0336538948996485,0.22608639740909653,0.7402597124549164
ENC00260,v2,0.031876542342498024,0.2714526199242648,0.6966708372620976
ENC00263,v2,0.025660081300884485,0.2825292803347111,0.6918106296483209
ENC00264,v2,0.031052588671445846,0.21684860399081593,0.7520988089697701
ENC00267,v2,0.0323625189990227,0.20588969674734575,0.7617477833662393
ENC00270,v2,0.04328439766761121,0.1763959872265031,0.7803196170198636
ENC00271,v2,0.04599949172424043,0.23472750046673943,0.7192730104222017
ENC00272,v2,0.03209485863750376,0.24569544682998468,0.7222096981978653
ENC00275,v2,0.022348319810892765,0.19968811123787114,0.777963568456471
ENC00289,v2,0.03376705267777046,0.25707657519314026,0.7091563711563746
ENC00291,v2,0.02958942788042208,0.2132993171852763,0.7571112555201336
ENC00292,v2,0.033619128837833336,0.20418352759051545,0.7621973468878559
ENC00294,v2,0.03264193943468854,0.1839186208943526,0.7834394432604312
ENC00296,v2,0.03292477403247599,0.23731802334619123,0.7297571987606758
ENC00298,v2,0.04010791627859527,0.25535183854691396,0.7045402387519936
ENC00304,v2,0.02487418228619785,0.25082004780195793,0.724305768901447
ENC00306,v2,0.03388141625775741,0.2855997579411054,0.6805188250847352
ENC00310,v2,0.03337892378196837,0.24839178250672725,0.7182292946829245
ENC00319,v2,0.04418207718138124,0.28070524607745695,0.675112676872334
ENC00323,v2,0.027260619148405062,0.22117208933664692,0.7515672938691245
ENC00326,v2,0.02720477728656045,0.3147512331237028,0.6580439820701693
ENC00327,v2,0.027353492456379237,0.2472162423235876,0.7254302673511677
ENC00329,v2,0.04271424922503923,0.2315685659646988,0.7257171850455435
ENC00330,v2,0.03488072930006208,0.2253118539740751,0.7398074161220383
ENC00336,v2,0.0366911259409266,0.18781645003367553,0.7754924236373468
ENC00337,v2,0.03846421813244348,0.2522725354020412,0.7092632490854996
ENC00341,v2,0.03475400179815598,0.2397355084808973,0.7255104948312808
ENC00344,v2,0.02997576642581927,0.2264962279370853,0.743528008886746
ENC00349,v2,0.03537496266426978,0.24009082301870568,0.7245342189615424
ENC00358,v2,0,0.3680047829720107,0.6319952151089003
ENC00359,v2,0.03274143499752077,0.2570660078945832,0.7101925596212729
ENC00360,v2,0.0328823694270914,0.23144075104399867,0.7356768784963567
ENC00362,v2,0.01907061848194442,0.2898987714822094,0.6910306140780449
ENC00368,v2,0.04138037918342485,0.23903800613350337,0.719581616918246
ENC00372,v2,0.04234836466911465,0.2321563498540358,0.7254952839528671
ENC00376,v2,0.033843978849607846,0.23215806258972302,0.7339979600767756
ENC00381,v2,0.03227147136045539,0.2142155925216882,0.7535129367657329
ENC00382,v2,0.03349146733648683,0.24091732588253523,0.7255912062368894
ENC00386,v2,0.041669591847393245,0.25381758405516547,0.7045128295818964
ENC00389,v2,0.05022749997561379,0.21541880572936972,0.734353700766758
ENC00390,v2,0.03314513287286421,0.2536830491337337,0.7131718146173578
ENC00392,v2,0.02994742681775456,0.23622523051226277,0.7338273429322517
ENC00393,v2,0.03828724420776493,0.2213953871476023,0.7403173782323537
ENC00402,v2,0.03405157650066983,0.23665256865677378,0.7292958594503857
ENC00403,v2,0.03451689225372695,0.18864005241002746,0.7768430530114938
ENC00405,v2,0.02968015573448041,0.28226147477443403,0.6880583632123339
ENC00413,v2,0.03218927654642158,0.245786400284709,0.7220243251905208
ENC00414,v2,0.0350025195662898,0.2267230104793001,0.7382744719032888
ENC00418,v2,0.031518562294934924,0.2211875724557199,0.7472938631710253
ENC00419,v2,0.03315038757733582,0.26483164710944956,0.7020179682903076
ENC00424,v2,0.03397036950835692,0.18853221953447377,0.7774974142334291
ENC00428,v2,0.029386195504122366,0.2223275095792645,0.7482862965030185
ENC00432,v2,0.034240921112624084,0.2314039876515215,0.7343550901521336
ENC00433,v2,0.023516220031116083,0.21275642220260335,0.7637273573956522
ENC00435,v2,0,0.37747896083614285,0.6225210459608781
ENC00436,v2,0.03477098669248576,0.2042608424184882,0.7609681696916113
ENC00441,v2,0.03040316861882372,0.22495536495325635,0.744641467494872
ENC00443,v2,0.038913777407162405,0.21277797869246068,0.7483082459918384
ENC00444,v2,0.03767528377343402,0.22996476374913094,0.7323599492394647
ENC00451,v2,0.029517453403608635,0.2260083657975244,0.7444741843950631
ENC00453,v2,0.03410887922446179,0.22373342252161244,0.7421576941367423
ENC00456,v2,0.023641563900585832,0.23564480080686767,0.7407136339565803
ENC00457,v2,0.03276631297458979,0.19214667321799636,0.7750870144212401
ENC00459,v2,0.028102124679556237,0.241989597915969,0.7299082745262917
ENC00461,v2,0.025100032244867915,0.23675010306171224,0.7381498632551748
ENC00444,v2,0.03767528377343402,0.22996476374913094,0.7323599492394647
ENC00449,v2,0.039195853501285724,0.22041617120366272,0.7403879790771298
ENC00451,v2,0.029517453403608635,0.2260083657975244,0.7444741843950631
ENC00453,v2,0.03410887922446179,0.22373342252161244,0.7421576941367423
ENC00456,v2,0.023641563900585832,0.23564480080686767,0.7407136339565803
ENC00457,v2,0.03276631297458979,0.19214667321799636,0.7750870144212401
ENC00459,v2,0.028102124679556237,0.241989597915969,0.7299082745262917
ENC00461,v2,0.025100032244867915,0.23675010306171224,0.7381498632551748
ENC00462,v2,0.0510563127642784,0.20864341895167643,0.7403002639229481
ENC00463,v2,0.03319442291103769,0.23268538216749826,0.7341201960419615
ENC00464,v2,0.03793452409912407,0.2776886096891062,0.6843768663612413
ENC00465,v2,0.04237087392855598,0.22644847117202438,0.7311806539478509
ENC00469,v2,0.02906853545720529,0.23404526417002533,0.7368862014828306
ENC00471,v2,0.035923366665778576,0.20805376783505944,0.7560228648757147
ENC00474,v2,0.039379607114408695,0.23194514321429388,0.7286752499285198
ENC00475,v2,0.023139682700630368,0.2385317724107242,0.7383285517372736
ENC00477,v2,0.04144434225947961,0.344829897949661,0.6137257555256719
ENC00478,v2,0.03506285987976121,0.23449791613511922,0.7304392253480306
ENC00479,v2,0.04271076952055511,0.2571579570778542,0.7001312755876117
ENC00482,v2,0.031930446317515425,0.22367985462097778,0.7443897029788223
ENC00489,v2,0.03419367360685943,0.22028167723515713,0.74552464840609
ENC00490,v2,0.03635140996322864,0.2395034845504496,0.7241451031631894
ENC00492,v2,0.03667589840776426,0.19680457015303857,0.7665195363633176
ENC00511,v2,0.04326456749089518,0.21220834040063985,0.744527094522301
ENC00513,v2,0.029016715873564993,0.2316243015673189,0.7393589803860301
ENC00519,v2,0.0335867785582585,0.19663584580024082,0.7697773805686405
ENC00524,v2,0.03290187837065835,0.2512427196886979,0.7158553984604383
ENC00529,v2,0.028306821945847736,0.2320843784345521,0.7396088020669089
ENC00538,v2,0.03507478465966948,0.21833573476573742,0.7465894842913391
ENC00543,v2,0.03278051726686369,0.238262796674722,0.7289566823414394
ENC00548,v2,0.027440145559123028,0.21841340103875037,0.7541464546452398
ENC00550,v2,0.03003684817090759,0.20972631499171257,0.7602368346576033
ENC00559,v2,0.02813058897930508,0.2178338307266434,0.754035580654939
ENC00562,v2,0.030181526327505707,0.19910726491361858,0.7707112067937851
ENC00563,v2,0.042848211079162646,0.2694047625703984,0.6877470178058348
ENC00571,v2,0.033341749528930945,0.21180435452102261,0.7548539025539701
ENC00573,v2,0.030813593703535307,0.22725335284169898,0.741933053875544
ENC00575,v2,0.033911274476466996,0.20071412786318546,0.7653745969659403
ENC00577,v2,0.038037166342837735,0.2558813579380512,0.7060814809054137
ENC00580,v2,0.03681647461119362,0.22600987858392976,0.7371736463497985
ENC00581,v2,0.026903622885938824,0.2280371101891122,0.745059254692822
ENC00587,v2,0.028150070203287948,0.2466109713078827,0.7252389586740925
ENC00590,v2,0.03407918680630146,0.20116299216490274,0.7647578237800423
ENC00591,v2,0.04233241344049369,0.23767490684986115,0.7199926670283487
ENC00592,v2,0.03652574422101126,0.21879753025005694,0.7446767289353453
ENC00596,v2,0.03173494424301249,0.25552313348264183,0.7127419236962121
ENC00598,v2,0.03574017352087701,0.23372837322506498,0.730531448379476
ENC00600,v2,0.03227994995600335,0.22283570685100798,0.7448843456044489
ENC00606,v2,0.03764099618181204,0.29781107356150943,0.6645479271045098
ENC00608,v2,0.032058726658980394,0.21623854459017172,0.7517027272575203
ENC00620,v2,0.027217092263138194,0.2595727676127711,0.713210138754967
ENC00631,v2,0.0335020494236741,0.220988303022359,0.7455096449903262
ENC00637,v2,0.03359028116275353,0.23562597907308874,0.7307837372538687
ENC00640,v2,0.03491502598768509,0.2391284929088703,0.7259564846754074
ENC00643,v2,0.03727620505738292,0.2772827844941214,0.685441014137161
ENC00657,v2,0.025125830824001005,0.25911180132433126,0.7157623732219571
ENC00661,v2,0.02685072915736846,0.23580512127210929,0.7373441492402276
ENC00665,v2,0.03786560607983208,0.23757865316257243,0.7245557413595479
ENC00667,v2,0.036083621345460413,0.20092591545121236,0.7629904595288364
ENC00671,v2,0.022107908777384597,0.23662349285388534,0.7412686009298671
ENC00694,v2,0.0306918415031871,0.22953023100081754,0.739777930841154
ENC00696,v2,0.02789777725203229,0.26624110172547044,0.7058611182229859
ENC00697,v2,0.04246962239482888,0.2369145727084007,0.720615804195404
ENC00711,v2,0.031240734967796766,0.2148672432168243,0.7538920235388058
ENC00717,v2,0.02961492408066988,0.21028670272366567,0.7600983703678305
ENC00720,v2,0.030080982918540635,0.20359461758699682,0.7663243999083836
ENC00721,v2,0.028484408981261814,0.19433333086115973,0.7771822591217197
ENC00727,v2,0.032010295013167774,0.25752757983394414,0.7104621281824917
ENC00729,v2,0.03505378335896403,0.21172127446957997,0.7532249435894471
ENC00730,v2,0.030657106795563147,0.282305658245698,0.6870372335498149
ENC00734,v2,0.03032998967467359,0.25530462905212686,0.7143653807816682
ENC00744,v2,0.033218387671443354,0.28944921394787637,0.6773323966078011
ENC00747,v2,0.030764166229101043,0.24324729109413168,0.7259885424308563
ENC00748,v2,0.04379606981784469,0.23024785982036008,0.7259560721676525
ENC00749,v2,0.05240938310692115,0.25173168251318717,0.6958589322531401
ENC00752,v2,0.029111999851327553,0.22849171835443247,0.742396277901919
ENC00753,v2,0.04399743466940406,0.23363577893802098,0.7223667877835113
ENC00757,v2,0.03539654546106855,0.24087550590435663,0.7237279534339904
ENC00759,v2,0.03716789567082816,0.2067303837334015,0.7561017217076554
ENC00762,v2,0.029408732095276408,0.21072449615963226,0.7598667662098723
ENC00765,v2,0.04012158682177726,0.23285492715474806,0.7270234850676436
ENC00771,v2,0.028118846123106778,0.21294797001586807,0.7589331802821928
ENC00772,v2,0.03755017245206439,0.20519236410127104,0.7572574690707679
ENC00778,v2,0.033519097433493635,0.2302362032507251,0.7362447028479925
ENC00787,v2,0.036209101032000035,0.24316638144664465,0.7206245187669993
ENC00788,v2,0.03934862041450311,0.22704259827073697,0.7336087756979782
ENC00792,v2,0.026273558761924505,0.18379834631085396,0.7899280924797059
ENC00797,v2,0.023034196882241075,0.2677549183711238,0.7092108839544756
ENC00801,v2,0,0.2928159289500293,0.707184066041177
ENC00802,v2,0.03599125268932396,0.21923602075831403,0.744772718948068
ENC00807,v2,0,0.32479101185287745,0.675208984528269
ENC00808,v2,0.03298811883511908,0.1845809817314148,0.7824308970599498
ENC00812,v2,0.034747936326931135,0.23603035576958606,0.7292217076458829
ENC00813,v2,0.037759338522602506,0.2530231804745953,0.7092174756817702
ENC00815,v2,0.03677926100208424,0.2563958611339331,0.7068248800933361
ENC00830,v2,0.034095910539950376,0.20046200796163507,0.7654420895768064
ENC00832,v2,0,0.3497584432783261,0.650241557141425
ENC00838,v2,0.03098843319667983,0.20725662603052622,0.7617549389293513
ENC00845,v2,0.03130671950057149,0.3060274068514506,0.6626658741633097
ENC00848,v2,0.026531251012592724,0.18961551821414838,0.7838532299849025
ENC00849,v2,0.04564888858132892,0.25522365514189005,0.6991274596916305
ENC00002,v3,0.03247321165357548,0.2580199135714267,0.70950687182955
ENC00003,v3,0.0302120133053473,0.240741950411772,0.7290460412035283
ENC00004,v3,0.04132559079902642,0.31970529055053537,0.6389691158376559
ENC00006,v3,0.028058156972813806,0.2771695437056295,0.694772302769543
ENC00007,v3,0.030852753276887693,0.28485621998184607,0.6842910242708106
ENC00008,v3,0.02336495225581358,0.2531943742607562,0.7234406722885258
ENC00013,v3,0.03008066336115619,0.20407843392561464,0.7658408990427226
ENC00014,v3,0.02676627204960419,0.3780935729543368,0.5951401485337151
ENC00017,v3,0.03000990286751022,0.2953223571354567,0.6746677434028581
ENC00022,v3,0.02424756951593593,0.2813517695256308,0.6944006625928131
ENC00023,v3,0.03280604553435915,0.24927232598049054,0.7179216300879699
ENC00024,v3,0.026659996087225725,0.2815269442389206,0.6918130659935425
ENC00031,v3,0.031321858653896736,0.23979448785907345,0.7288836491735358
ENC00034,v3,0.03246315420346008,0.2205336248674958,0.7470032170261305
ENC00043,v3,0.02432436515304326,0.32400247665366744,0.6516731601170819
ENC00052,v3,0.030282834992755817,0.30360204236039634,0.6661151228826258
ENC00063,v3,0.02514062741236692,0.2999545455806785,0.6749048210956432
ENC00064,v3,0.023902534585512055,0.2604819163020733,0.7156155515561061
ENC00065,v3,0.03895125846126272,0.25712206385408837,0.7039266747112075
ENC00067,v3,0.02607114797923714,0.2505984490737319,0.7233304023742676
ENC00080,v3,0.030911814040935983,0.2743389801826419,0.6947492033970065
ENC00081,v3,0.03151603022793142,0.2583194386841047,0.7101645298523478
ENC00084,v3,0.029148856712941158,0.22230268265814224,0.7485484614017162
ENC00088,v3,0.029201857940834797,0.20134013342464754,0.7694580114173318
ENC00089,v3,0.03254619223021325,0.22986293938897906,0.7375908709707715
ENC00090,v3,0.03052861663817832,0.18957903536151996,0.7798923491376691
ENC00096,v3,0.029962152216790452,0.2543823402788904,0.7156555145978928
ENC00098,v3,0.026047037373895625,0.31407384634284036,0.6598791174058404
ENC00103,v3,0.021785362703006038,0.32462241636081174,0.6535922190682455
ENC00106,v3,0.03570710459455579,0.25141583329385464,0.7128770641378455
ENC00111,v3,0.030749043068313536,0.28945612590363684,0.6797948295765734
ENC00113,v3,0.0,0.33845708713951433,0.6615429104051807
ENC00121,v3,0.03562888412946655,0.2426046177905093,0.7217664997423848
ENC00125,v3,0.03134342077381835,0.22521161465066494,0.743444970633724
ENC00128,v3,0.03134818214367932,0.25167602544220596,0.7169757972543056
ENC00130,v3,0.03001744565473677,0.22241356076094612,0.7475689932190138
ENC00133,v3,0.05041700163705935,0.2437648717314005,0.705818124836491
ENC00143,v3,0.02930432541639005,0.2718234918619457,0.6988721797340794
ENC00149,v3,0.030454552863639864,0.22295715917240488,0.7465882856737484
ENC00151,v3,0.0,0.31993764393691776,0.680062357854994
ENC00159,v3,0.024781180410321024,0.2668132380863955,0.708405579938445
ENC00162,v3,0.023937064933322243,0.2822061702609062,0.6938567647742013
ENC00164,v3,0.030352620052343064,0.21564004194330086,0.7540073386647484
ENC00167,v3,0.028469214028316654,0.3157889874031146,0.6557417958974838
ENC00170,v3,0.03130678474938251,0.24719338020626105,0.7214998338582381
ENC00171,v3,0.03428991816620877,0.23452282471067093,0.731187252288169
ENC00173,v3,0.032758086919784546,0.26688755261448194,0.7003543618715035
ENC00188,v3,0.027047574860594607,0.2569957901873896,0.7159566382567087
ENC00191,v3,0.028632936486974358,0.24143872018903495,0.7299283459782601
ENC00192,v3,0.03196669520087996,0.3023801965981114,0.6656531075737915
ENC00193,v3,0.02682839388675664,0.33763268630465737,0.6355389214080313
ENC00202,v3,0.026185788891532204,0.25695171903329667,0.7168624930911593
ENC00208,v3,0.02684847374621313,0.30718705682083963,0.665964474156499
ENC00209,v3,0.03716505585739819,0.23978956607289803,0.7230453777771729
ENC00210,v3,0.029173945758859038,0.24115519173128505,0.7296708660646224
ENC00214,v3,0.0,0.30807790985784017,0.6919220868531648
ENC00217,v3,0.03284188847094044,0.3002176015984778,0.6669405055981056
ENC00237,v3,0.02839508406319764,0.2756387485667717,0.695966167851936
ENC00238,v3,0.030273314121518735,0.2207650656455031,0.7489616205202085
ENC00250,v3,0.03127423276097697,0.2936686422919559,0.6750571282110481
ENC00255,v3,0.0270405317922788,0.3407137452491692,0.6322457262447903
ENC00256,v3,0.021149338859325375,0.2845615518798355,0.6942891087240846
ENC00259,v3,0.031103414174511422,0.21669156435040796,0.7522050221355594
ENC00260,v3,0.02440664135240789,0.2453542892532102,0.7302390709519386
ENC00263,v3,0.023392302881587636,0.2736482434313406,0.7029594535177405
ENC00264,v3,0.030282775481993502,0.22042463943362237,0.7492925825444134
ENC00267,v3,0.02517565599530293,0.2634112723171711,0.7114130728717508
ENC00270,v3,0.029334507434309195,0.22003445051499268,0.7506310448272905
ENC00271,v3,0.04397040634027239,0.2587369450377029,0.6972926490515181
ENC00272,v3,0.031398213780397234,0.22824636565626794,0.7403554280973831
ENC00275,v3,0.021151545577415144,0.20278572951360505,0.7760627272695598
ENC00289,v3,0.03323628550416298,0.35263690896583405,0.6141268066810758
ENC00291,v3,0.027220120293680917,0.21492265537381172,0.757857220010324
ENC00292,v3,0.031062267360692265,0.22677085567422273,0.7421668785459855
ENC00294,v3,0.03005468582677591,0.2286193461534176,0.7413259667294626
ENC00296,v3,0.03045875019170652,0.23891897641183915,0.7306222706294256
ENC00298,v3,0.03477726553449,0.26845914861936676,0.6967635884367186
ENC00304,v3,0.02290854395352422,0.26129304913301316,0.7157984075565187
ENC00306,v3,0.028597665631779186,0.30299456539037434,0.6684077663914018
ENC00310,v3,0.02848646475467831,0.24394118785858154,0.7275723478403585
ENC00319,v3,0.043064389262348415,0.27577704709768297,0.6811585636138916
ENC00323,v3,0.025132357737621163,0.19804663259056535,0.7768210095934348
ENC00326,v3,0.027319665550940522,0.3110936266419135,0.6615867085362735
ENC00327,v3,0.024931973532180896,0.24619018313559618,0.7288778435100208
ENC00329,v3,0.03963702341310517,0.2583175049210987,0.7020454706936857
ENC00330,v3,0.0315083344328669,0.2521718834148775,0.7163197743420554
ENC00336,v3,0.03505357979181207,0.2384998347231392,0.7264465871503798
ENC00337,v3,0.033688087217832126,0.2511390127384892,0.7151729003168069
ENC00341,v3,0.03454456379810392,0.27462538123823876,0.6908300543247268
ENC00344,v3,0.02757897784124266,0.22242650111801313,0.7499945183269313
ENC00349,v3,0.033298349532609184,0.29579468299945194,0.6709069720904033
ENC00358,v3,0.0,0.3703126092540457,0.6296873890022014
ENC00359,v3,0.02645484376314682,0.250982553534901,0.7225626021930852
ENC00360,v3,0.02948122305325537,0.2492395600425863,0.7212792167039676
ENC00362,v3,0.014093035354001566,0.3111182950595592,0.6747886728733143
ENC00368,v3,0.0320189192535027,0.3048391366706175,0.6631419402711531
ENC00372,v3,0.03327407795869935,0.25999619785399564,0.7067297240801617
ENC00376,v3,0.02287139175319694,0.2738326498048198,0.7032959566528636
ENC00381,v3,0.030985783220843433,0.25761210264519174,0.7114021105969206
ENC00382,v3,0.03273288550754559,0.24219672850750643,0.7250703889234312
ENC00386,v3,0.036843932929138346,0.26269082764784496,0.7004652357101441
ENC00389,v3,0.036164863406621076,0.2752548320654859,0.6885802977262659
ENC00390,v3,0.030742987636476756,0.24992159694433214,0.7193354150652885
ENC00392,v3,0.029619833761628005,0.26026765423569276,0.7101125121116638
ENC00393,v3,0.0304528015141172,0.25582078518881196,0.713726416058924
ENC00402,v3,0.032866089397834405,0.2894050266455721,0.6777288840140825
ENC00403,v3,0.026542175888048056,0.3290743544841042,0.6443834697397856
ENC00405,v3,0.027839502625822746,0.26289360852981053,0.7092668921859177
ENC00413,v3,0.02771166198696178,0.26620298130325526,0.7060853522944163
ENC00414,v3,0.0295608888963482,0.28891820994892503,0.6815209024482303
ENC00418,v3,0.029421740100674686,0.2832507686955588,0.6873274913855961
ENC00419,v3,0.03229132926919394,0.28344957389765313,0.6842590984370973
ENC00424,v3,0.033330222354615455,0.20456154892841974,0.7621082335158631
ENC00428,v3,0.025512333741435446,0.29751982415715855,0.6769678447491083
ENC00432,v3,0.031525786079304376,0.29876027249771614,0.6697139413460441
ENC00433,v3,0.02144392730547584,0.27211465665119156,0.7064414171220588
ENC00435,v3,0.0,0.33767237759688323,0.662327619861154
ENC00436,v3,0.034281044656151456,0.2821350069362906,0.6835839423952224
ENC00441,v3,0.02275828206848328,0.2591376691093656,0.7181040551386723
ENC00443,v3,0.026067313126265264,0.21132625029845672,0.7626064370486362
ENC00444,v3,0.03293696488795239,0.29593415722944016,0.6711288815320924
ENC00451,v3,0.02958187232970407,0.2453837586076636,0.725034364901091
ENC00453,v3,0.027744418040931446,0.24853940423139753,0.7237161787993768
ENC00456,v3,0.023670822778979365,0.2590717434262236,0.7172574328306394
ENC00457,v3,0.032859569527851094,0.260864003122538,0.7062764294531153
ENC00459,v3,0.023378545897738898,0.3296760699036075,0.6469453858102069
ENC00461,v3,0.022159304353408515,0.2420022291286538,0.7358384604255358
ENC00444,v3,0.03293696488795239,0.29593415722944016,0.6711288815320924
ENC00449,v3,0.029331810201755633,0.2485539424507057,0.7221142445124832
ENC00451,v3,0.02958187232970407,0.2453837586076636,0.725034364901091
ENC00453,v3,0.027744418040931446,0.24853940423139753,0.7237161787993768
ENC00456,v3,0.023670822778979365,0.2590717434262236,0.7172574328306394
ENC00457,v3,0.03032204906551916,0.24714721255352565,0.7225307332021054
ENC00459,v3,0.023378545897738898,0.3296760699036075,0.6469453858102069
ENC00461,v3,0.022188585803277143,0.2383555801504332,0.7394558372704879
ENC00462,v3,0.04792032136332871,0.22903010905674187,0.7230495730839154
ENC00463,v3,0.030626486272326316,0.21934081312140513,0.7500327029104891
ENC00464,v3,0.028419041348448425,0.34920094692215475,0.6223800050229141
ENC00465,v3,0.03421973444080802,0.2838087522534914,0.68197151762183
ENC00469,v3,0.028524048058898188,0.2510202426929027,0.7204557101552685
ENC00471,v3,0.025010500684349745,0.24816338228415852,0.7268261109009262
ENC00474,v3,0.03892688468719522,0.3083886768635329,0.6526844380675135
ENC00475,v3,0.018001495831413195,0.2396261020829635,0.7423724042517799
ENC00477,v3,0.028881358058147486,0.3268789378660066,0.644239707504
ENC00478,v3,0.030738354004639132,0.23059500489504106,0.7386666430581
ENC00479,v3,0.030774607411807493,0.2772541832001436,0.6919712044653439
ENC00482,v3,0.027240069073048375,0.2842532338840621,0.6885066971892402
ENC00489,v3,0.03499021009623032,0.2596528085515551,0.7053569794996924
ENC00490,v3,0.026658971335415785,0.2612212726808324,0.7121197575209092
ENC00492,v3,0.03115910579346948,0.25972663131025103,0.7091142608059777
ENC00511,v3,0.03480803740159091,0.21530791628174484,0.7498840493046575
ENC00513,v3,0.025142097079919445,0.2546149414446619,0.720242957605256
ENC00519,v3,0.02842881668218842,0.20827423462704306,0.7632969492065009
ENC00524,v3,0.031030877563171088,0.24532026732340456,0.7236488573253155
ENC00529,v3,0.027131656429149432,0.2273763546554169,0.7454919909486676
ENC00538,v3,0.031910432469757166,0.28484233801855763,0.6832472296322093
ENC00543,v3,0.029813300539768234,0.2591814891118364,0.7110052099547435
ENC00548,v3,0.026007699348066037,0.22467018422242757,0.7493221120791392
ENC00550,v3,0.024240988244887737,0.256732162516729,0.7190268498606387
ENC00559,v3,0.025497123141283707,0.22484400142299926,0.749658876303899
ENC00562,v3,0.026573790995552477,0.21320526905160034,0.7602209396066919
ENC00563,v3,0.03514590296771162,0.29589263146573846,0.668961471762539
ENC00571,v3,0.029002880481375237,0.3618841067458806,0.6091130134764682
ENC00573,v3,0.02505864201229997,0.31735140141099694,0.6575899560004472
ENC00575,v3,0.027422290096950273,0.23019210462984832,0.7423856097718944
ENC00577,v3,0.03164152078994218,0.3067860997271264,0.6615723785997807
ENC00580,v3,0.030209615727195913,0.2699283871255564,0.6998619929458318
ENC00581,v3,0.024662004740984768,0.22372015136084994,0.7516178446156638
ENC00587,v3,0.02671495440996962,0.3171469841410618,0.6561380701489968
ENC00590,v3,0.03097045577596873,0.24286282047629357,0.7261667215824127
ENC00591,v3,0.03598524255121683,0.2708510076264282,0.6931637467502
ENC00592,v3,0.033804166538829214,0.2339901313018263,0.7322057070357076
ENC00596,v3,0.026518498463623173,0.2321777728339322,0.7413037299252242
ENC00598,v3,0.029639076561579714,0.23311444057617337,0.7372464842628688
ENC00600,v3,0.026016335287419833,0.2879217116706139,0.6860619565818162
ENC00606,v3,0.03303852153918411,0.26263745718553094,0.7043240175971502
ENC00608,v3,0.028702277880238027,0.2705860686849575,0.7007116541570547
ENC00620,v3,0.024425279964708675,0.25320112193792554,0.7223735956822411
ENC00631,v3,0.02813658187467907,0.26763382664806135,0.7042295905920837
ENC00637,v3,0.028575853273781728,0.23231908823731992,0.7391050563012953
ENC00640,v3,0.03154023926656105,0.2835449123460996,0.684914846561457
ENC00643,v3,0.031815246088293996,0.30441914362514894,0.6637656027224006
ENC00657,v3,0.01790813074306342,0.2896740227436819,0.6924178452551866
ENC00661,v3,0.023206958867689614,0.2663595907149776,0.7104334501169061
ENC00665,v3,0.03005285626499071,0.21206528041511774,0.7578818618896461
ENC00667,v3,0.03322635237434572,0.24080407734100634,0.7259695664211944
ENC00671,v3,0.016594295308374574,0.2624799851464094,0.7209257224615473
ENC00694,v3,0.030475361757130632,0.24134507366726476,0.7281795624763735
ENC00696,v3,0.026042089013693235,0.31326395256651773,0.6606939540969001
ENC00697,v3,0.029837220811042123,0.3075121613624303,0.6626506178923275
ENC00711,v3,0.028390659446999127,0.21681858618192526,0.7547907546466711
ENC00717,v3,0.024131632985101424,0.2370667977210803,0.7388015690012875
ENC00720,v3,0.025179916800096118,0.20873527943060316,0.766084802767326
ENC00721,v3,0.02725480276142032,0.2798324298973267,0.6929127648472786
ENC00727,v3,0.02755774036424035,0.2061728805835758,0.7662693746387959
ENC00729,v3,0.03158802147954702,0.23688894069713096,0.7315230390299922
ENC00730,v3,0.026955370596328448,0.3315338767891706,0.641510754477146
ENC00734,v3,0.032983640543161295,0.3199865721548215,0.6470297873020172
ENC00744,v3,0.03031888529965347,0.27700407606559796,0.6926770413314903
ENC00747,v3,0.02784233614580617,0.25537690050190404,0.7167807615229062
ENC00748,v3,0.03484407199513433,0.2590179832519165,0.7061379493347236
ENC00749,v3,0.04378127019541959,0.2784253620646066,0.6777933678693242
ENC00752,v3,0.02304127356406338,0.29689461634595793,0.6800641125381583
ENC00753,v3,0.035156704143538504,0.3099984007922909,0.654844897457316
ENC00757,v3,0.02444545953947398,0.2803911342448795,0.6951634063548648
ENC00759,v3,0.032652934966608885,0.23809452682733537,0.7292525389790535
ENC00762,v3,0.024570102341533676,0.2159128778470241,0.7595170234761587
ENC00765,v3,0.0305510218669143,0.3051907193881494,0.6642582534271994
ENC00771,v3,0.02444294363045864,0.21263830085023702,0.762918751874416
ENC00772,v3,0.035621024210970985,0.21425229407487864,0.7501266810549311
ENC00778,v3,0.028825066276252843,0.3223159458392706,0.6488589885143133
ENC00787,v3,0.029327570560878966,0.2990224806852238,0.6716499482431719
ENC00788,v3,0.034085626393789425,0.24009401762547591,0.7258203566695253
ENC00792,v3,0.022171279318727456,0.25350377232126603,0.7243249489889516
ENC00797,v3,0.020788532700769757,0.28661973242248806,0.6925917386400456
ENC00801,v3,0.0,0.3720946831758632,0.6279053133587504
ENC00802,v3,0.031651765448592044,0.26152616803364087,0.7068220716650768
ENC00807,v3,0.0,0.2456668017520791,0.7543331971244206
ENC00808,v3,0.029275903822070806,0.2204343586394163,0.7502897367856213
ENC00812,v3,0.02838907520462935,0.27281237762790544,0.6987985423556319
ENC00813,v3,0.03994239767645161,0.27566641196608543,0.6843911908393683
ENC00815,v3,0.038159966779251896,0.2662160275604135,0.6956240063713443
ENC00830,v3,0.030855421970666545,0.2621448126326247,0.7069997678442699
ENC00832,v3,0.0,0.25676074186878756,0.7432392569612866
ENC00838,v3,0.02811664497314752,0.3209466171226924,0.6509367342613921
ENC00845,v3,0.02683450613150616,0.32716588117182255,0.6459996097761652
ENC00848,v3,0.029042880674419194,0.2502783895186756,0.7206787288188934
ENC00849,v3,0.03633653655171741,0.2105767618893653,0.7530867041543473
ENC00002,v4,0.028064016922356657,0.23675379940193064,0.7351821852426459
ENC00003,v4,0.03675385713655533,0.2210958562478298,0.7421502851638473
ENC00004,v4,0.03793493328923616,0.3032210873217758,0.658843981836914
ENC00006,v4,0.023798264317998762,0.3346040519444566,0.6415976836493141
ENC00007,v4,0.02879312601818264,0.26376163454233914,0.7074452402262852
ENC00008,v4,0.022218560609316467,0.2471037198033109,0.7306777160839747
ENC00013,v4,0.024414119504981763,0.23474598713487171,0.7408398925829277
ENC00014,v4,0.021436556142621806,0.39212716024901184,0.5864362832424896
ENC00017,v4,0.028410197744824898,0.2955379687319292,0.6760518325266437
ENC00022,v4,0.021589610753650953,0.2525725145649193,0.725837875129585
ENC00023,v4,0.027513070354082934,0.2984089026848475,0.6740780274073283
ENC00024,v4,0.022497713199333736,0.31640691972441143,0.6610953689173416
ENC00031,v4,0.03037157620450384,0.25070351291643944,0.7189249186139358
ENC00034,v4,0.030843340951989415,0.2226445370063346,0.7465121223721453
ENC00043,v4,0.02280205286345181,0.3124719981877309,0.6647259500229133
ENC00052,v4,0.026398204723373054,0.2615758313983679,0.7120259675383568
ENC00063,v4,0.02356865709104265,0.2872715308020512,0.6891598127782345
ENC00064,v4,0.02252060929412379,0.2928692432952688,0.684610144572055
ENC00065,v4,0.029847505522648924,0.3481653524643701,0.6219871423166731
ENC00067,v4,0.026091386898769997,0.24708269716938958,0.726825914112851
ENC00080,v4,0.02827364233928884,0.2569648786339649,0.7147614741048147
ENC00081,v4,0.02723389139282517,0.31910005770623684,0.6536660514771938
ENC00084,v4,0.02344764698452006,0.23837467161938547,0.7381776817142963
ENC00088,v4,0.025182898055009274,0.21463535455842092,0.7601817461029853
ENC00089,v4,0.02689527147807754,0.1878491266988791,0.785255601314398
ENC00090,v4,0.02899290730646991,0.19005598688344344,0.7809511037594682
ENC00096,v4,0.027584336590953173,0.24120918910950423,0.7312064746022224
ENC00098,v4,0.02296726716061433,0.3115579238752039,0.6654748071015366
ENC00103,v4,0.020498418609701818,0.30741656026853026,0.6720850214522373
ENC00106,v4,0.028793916938378027,0.2780743115294127,0.6931317700648013
ENC00111,v4,0.02409198746730493,0.3403052765670724,0.6356027410255642
ENC00113,v4,0.0,0.4004657742168222,0.5995342273797307
ENC00121,v4,0.026377620838945154,0.41057960728628445,0.5630427692580012
ENC00125,v4,0.031695747367617946,0.2344872605737666,0.7338169890810067
ENC00128,v4,0.030529490342506994,0.2510398337474236,0.7184306731590858
ENC00130,v4,0.030227037406681725,0.2764969291165471,0.6932760406285524
ENC00133,v4,0.04630595137975339,0.2193321814824795,0.7343618719742215
ENC00143,v4,0.025425887463160424,0.27062883647550057,0.7039452741126052
ENC00149,v4,0.024648591838087198,0.23970944026002178,0.7356419638351158
ENC00151,v4,0.0,0.3535682426717801,0.6464317570894192
ENC00159,v4,0.020145513729325364,0.2252456805003541,0.7546088050518717
ENC00162,v4,0.024120136457322923,0.39360043305305786,0.582279438589826
ENC00164,v4,0.027072113260626793,0.219890788346529,0.7530371029376983
ENC00167,v4,0.02436086045578122,0.2875175317376852,0.6881216096878052
ENC00170,v4,0.03385954966621572,0.24531022975580735,0.7208302224937239
ENC00171,v4,0.02864922008926182,0.23010618881588535,0.7412445859185287
ENC00173,v4,0.031742004247136274,0.26988096345426904,0.6983770356988007
ENC00188,v4,0.02333640557536412,0.2735559514590672,0.7031076453980946
ENC00191,v4,0.025935741564766926,0.23806005391207608,0.7360041984102943
ENC00192,v4,0.03303536885615551,0.2923786863684654,0.6745859479362314
ENC00193,v4,0.02433447256403905,0.38098338454641323,0.5946821419782536
ENC00202,v4,0.025119058014752227,0.22700990454177372,0.7478710426948965
ENC00208,v4,0.019626175261382918,0.3484433916876617,0.6319304279332022
ENC00209,v4,0.03477579662175749,0.2291523872684407,0.73607182150246
ENC00210,v4,0.02661115316172632,0.25608320648853594,0.7173056414494148
ENC00214,v4,0.0,0.3263419248412053,0.6736580717563629
ENC00217,v4,0.024607738487339943,0.24916403419986555,0.7262282267778735
ENC00237,v4,0.03061230533833926,0.34047346518685423,0.628914228702585
ENC00238,v4,0.028437046396512806,0.2330034341263984,0.7385595158806869
ENC00250,v4,0.026772710179587954,0.20011381704108158,0.7731134777230427
ENC00255,v4,0.02550007537421253,0.32456434536495327,0.6499355814339202
ENC00256,v4,0.023270777328353788,0.3070765915844176,0.6696526279052099
ENC00259,v4,0.030640067670456305,0.21008766412126775,0.7592722691443502
ENC00260,v4,0.024270569912486654,0.2359952961149461,0.7397341325002558
ENC00263,v4,0.02218482272530144,0.2949922674081542,0.6828229156407443
ENC00264,v4,0.0272089007879253,0.21599051738734795,0.7568005858796888
ENC00267,v4,0.023549492519533078,0.22924136356092417,0.7472091468644666
ENC00270,v4,0.029312972892441003,0.2443656472890985,0.7263213789540958
ENC00271,v4,0.035793391955566814,0.3580906976057195,0.6061159053753162
ENC00272,v4,0.02786700586464418,0.2668709543979038,0.7052620432299116
ENC00275,v4,0.02045204741201208,0.2469377083859096,0.7326102424412966
ENC00289,v4,0.030645959452818054,0.3444553797061627,0.6248986591677089
ENC00291,v4,0.027494596308097242,0.2189275848865509,0.7535778218507767
ENC00292,v4,0.033742954914591144,0.2232991167477199,0.7429579321827208
ENC00294,v4,0.032148857746029,0.2246798726684246,0.7431712719749232
ENC00296,v4,0.02974985784181116,0.23545831363452108,0.7347918301820755
ENC00298,v4,0.026719761266653146,0.31759211170923457,0.6556881284797108
ENC00304,v4,0.02427750186521619,0.32690655694357934,0.6488159402968392
ENC00306,v4,0.026319768920701037,0.3287263104031163,0.6449539231997664
ENC00310,v4,0.02729662856255032,0.2773971999766397,0.695306167250774
ENC00319,v4,0.042399038823084934,0.28987750889999525,0.6677234553628497
ENC00323,v4,0.02532378029502412,0.25240790482499814,0.7222683167103494
ENC00326,v4,0.025057643611664668,0.31039436311962515,0.6645479855629114
ENC00327,v4,0.02507683499050992,0.26248559185436793,0.7124375777585166
ENC00329,v4,0.038094489503786105,0.29682731776087135,0.6650781941574972
ENC00330,v4,0.028170922317374975,0.2591717948134129,0.7126572799478841
ENC00336,v4,0.028117412419686485,0.24867204692243605,0.7232105427010115
ENC00337,v4,0.029203920484648954,0.30583895036372644,0.6649571310343414
ENC00341,v4,0.03222299358997218,0.26759783475211374,0.7001791690234784
ENC00344,v4,0.027785796136276363,0.25732125102044784,0.7148929515930071
ENC00349,v4,0.029524539778695295,0.3007593107850928,0.6697161439218019
ENC00358,v4,0.0,0.3421062166717919,0.6578937818606695
ENC00359,v4,0.024579700093627685,0.2627058049870862,0.7127144897267932
ENC00360,v4,0.028974450143127172,0.2379702336940111,0.7330553102142671
ENC00362,v4,0.013183296450575732,0.34081889948119287,0.645997804792031
ENC00368,v4,0.031900775712974214,0.34029419450683795,0.627805027555912
ENC00372,v4,0.02537478456962044,0.33075287508899753,0.6438723449473795
ENC00376,v4,0.020326389210822526,0.28354497521650046,0.696128636598587
ENC00381,v4,0.02867955520791425,0.2620551014657725,0.7092653482475064
ENC00382,v4,0.03267558696615982,0.3006355645109529,0.6666888439492004
ENC00386,v4,0.033119396578646106,0.25853267688764614,0.7083479299973906
ENC00389,v4,0.037097515267278273,0.24981839181994325,0.713084090334266
ENC00390,v4,0.02510641536747034,0.2502575894324189,0.7246359984079996
ENC00392,v4,0.024061146247036317,0.2879559731095278,0.6879828775129398
ENC00393,v4,0.027018963772439418,0.21225927686108684,0.7607217545348003
ENC00402,v4,0.0312376383127288,0.27590823054630703,0.6928541308387797
ENC00403,v4,0.029417931356936947,0.27253291074536806,0.6980491567116517
ENC00405,v4,0.022973643986080757,0.2649917621776217,0.7120345928629891
ENC00413,v4,0.025599927844431918,0.25280481602391625,0.7215952549734687
ENC00414,v4,0.027947613935372453,0.2862295826397291,0.6858228052534708
ENC00418,v4,0.02647104478091933,0.32000438310205936,0.6535245718744894
ENC00419,v4,0.031236002101687733,0.34754415586129905,0.6212198417825797
ENC00424,v4,0.030052523017424133,0.21389749652780263,0.7560499795770224
ENC00428,v4,0.02322060827762612,0.33646205494415415,0.640317338328917
ENC00432,v4,0.02992003097664565,0.31474625416100027,0.6553337144851684
ENC00433,v4,0.022372444998472928,0.28351509999483826,0.694112452864647
ENC00435,v4,0.0,0.32441042240547097,0.6755895814170008
ENC00436,v4,0.024635183467003316,0.2786482165041177,0.6967166001382081
ENC00441,v4,0.022490484760895085,0.32367586788649744,0.6538336486197435
ENC00443,v4,0.026225244214471716,0.22860130366797632,0.7451734548577895
ENC00444,v4,0.028007346387242987,0.30680694643940243,0.6651857056788035
ENC00451,v4,0.021585892517829226,0.3100482607171649,0.6683658530314763
ENC00453,v4,0.02767683393987162,0.2885024570993015,0.6838207043352581
ENC00456,v4,0.02150513592480858,0.27122248633665974,0.7072723775690052
ENC00457,v4,0.028890995161220578,0.26857282040585384,0.7025361822383238
ENC00459,v4,0.023076462721898377,0.3272531274706125,0.6496704081073403
ENC00461,v4,0.017692105329627075,0.2790413867619078,0.7032665069830619
ENC00462,v4,0.04194321705621074,0.27424999682063406,0.6838067881762981
ENC00444,v4,0.028007346387242987,0.30680694643940243,0.6651857056788035
ENC00449,v4,0.02759705275363688,0.24072676138686283,0.7316761908786638
ENC00451,v4,0.023990266649397435,0.2926775848423993,0.6833321502915135
ENC00453,v4,0.02767683393987162,0.2885024570993015,0.6838207043352581
ENC00456,v4,0.021528700334501678,0.2780473940716735,0.7004239065893765
ENC00457,v4,0.02914524263352019,0.2426955875590307,0.7281591676243948
ENC00459,v4,0.023076462721898377,0.3272531274706125,0.6496704081073403
ENC00461,v4,0.01888303700587259,0.35672916966465723,0.6243877880341184
ENC00462,v4,0.04194321705621074,0.27424999682063406,0.6838067881762981
ENC00463,v4,0.02965085905045271,0.2534683123230934,0.7168808298110962
ENC00464,v4,0.02784293936195946,0.3499734111366764,0.6221836461197763
ENC00465,v4,0.02975168984317989,0.41349809433807405,0.556750224478412
ENC00469,v4,0.02547301496565342,0.28357395774126054,0.6909530291557312
ENC00471,v4,0.023268315142031606,0.2740507148999787,0.7026809716718436
ENC00474,v4,0.036605541841810814,0.3153719341421461,0.6480225191249714
ENC00475,v4,0.01840854502395438,0.25138990073625384,0.7302015536818011
ENC00477,v4,0.02421400195453316,0.3039098304678809,0.6718761757859644
ENC00478,v4,0.024518747282339128,0.21369130093985655,0.7617899515028075
ENC00479,v4,0.02534330811525521,0.30378789716697,0.6708687976166442
ENC00482,v4,0.030184176134861122,0.236493571203644,0.7333222463474436
ENC00489,v4,0.032516207738241196,0.21638117272646054,0.7511026167541469
ENC00490,v4,0.015959231588459074,0.3109765055755906,0.6730642655235253
ENC00492,v4,0.03174756770316936,0.27882222510591337,0.689430212295508
ENC00511,v4,0.03226855281474335,0.21636291308594602,0.7513685379709516
ENC00513,v4,0.02289540007089575,0.25896549187600615,0.7181391069044669
ENC00519,v4,0.02622959972847696,0.2560420545091579,0.7177283455441882
ENC00524,v4,0.028972557076485828,0.24351445315405726,0.7275129858404398
ENC00529,v4,0.02087233513752422,0.25812479404901917,0.7210028689693321
ENC00538,v4,0.0296863078350021,0.24564971077826717,0.7246639839103145
ENC00543,v4,0.03032309941311435,0.2932002671002372,0.6764766334033594
ENC00548,v4,0.02523270465224703,0.23563614062895286,0.7391311540224842
ENC00550,v4,0.025415918355186782,0.2800699045260747,0.6945141798920101
ENC00559,v4,0.025716796689105374,0.1910263994272719,0.7832567989826202
ENC00562,v4,0.025686601041816175,0.2562163043022156,0.7180970904231071
ENC00563,v4,0.0318876938142169,0.28405547961592675,0.6840568292599458
ENC00571,v4,0.025866722585547956,0.34168272807237204,0.632450548607275
ENC00573,v4,0.01938158132386609,0.2541394588465874,0.7264789627148555
ENC00575,v4,0.026563348540508035,0.25249286212805494,0.7209437865374694
ENC00577,v4,0.025536907637871586,0.30272829330083234,0.6717347956976845
ENC00580,v4,0.030468810657039283,0.23610582061111926,0.7334253656864166
ENC00581,v4,0.019644114318899474,0.29016210655639835,0.6901937801021714
ENC00587,v4,0.021598297235083906,0.29531546360621713,0.6830862391076676
ENC00590,v4,0.030022678725725532,0.23581078200011837,0.7341665385328994
ENC00591,v4,0.035659068481778945,0.2704060467613208,0.6939348872605856
ENC00592,v4,0.03175467361903025,0.24355630228916805,0.7246890253490872
ENC00596,v4,0.025383934611454606,0.2756461208149538,0.6989699475846048
ENC00598,v4,0.025170439062403696,0.24279061808879607,0.7320389405724966
ENC00600,v4,0.024967541470687138,0.29998212395003065,0.6750503336079419
ENC00606,v4,0.031084996783705073,0.2689522108699702,0.6999627955352203
ENC00608,v4,0.023978751127354123,0.2536353336139159,0.7223859166557138
ENC00620,v4,0.024119549726204174,0.25781378888986944,0.7180666569771805
ENC00631,v4,0.027836960793489164,0.2650106469528717,0.7071523946105388
ENC00637,v4,0.026534589515172673,0.2968866006100088,0.6765788083237813
ENC00640,v4,0.028525383938990886,0.25848289415949866,0.712991722424825
ENC00643,v4,0.02344193924940994,0.40740489946870967,0.5691531576730054
ENC00657,v4,0.017353955389337677,0.3172043593407705,0.6654416877647926
ENC00661,v4,0.0199149458501488,0.28702764356136323,0.6930574104785919
ENC00665,v4,0.025807599355433638,0.23263427168659284,0.741558127158077
ENC00667,v4,0.03188740921607853,0.24298880825730135,0.7251237854905372
ENC00671,v4,0.016378067458342565,0.3197024798576246,0.6639194559109839
ENC00694,v4,0.027372476855470312,0.2588165771393549,0.7138109493350225
ENC00696,v4,0.022723920142743735,0.2877134978150328,0.6895625819762548
ENC00697,v4,0.03005135844082192,0.3046919725559376,0.6652566739070562
ENC00711,v4,0.02329432119422399,0.31084802773621706,0.6658576532258643
ENC00717,v4,0.023413130162303807,0.2656017106467037,0.7109851648089707
ENC00720,v4,0.02468832578625559,0.2054306651039641,0.7698810075142587
ENC00721,v4,0.023420518141068603,0.29748644063185004,0.6790930430094401
ENC00727,v4,0.022586197178396914,0.21795161013249997,0.7594621916611989
ENC00729,v4,0.032200685144937416,0.27768171162117183,0.6901176018039072
ENC00730,v4,0.02491568590959777,0.3476284016085708,0.6274559160937434
ENC00734,v4,0.028771753329783677,0.31327207553036074,0.6579561650753021
ENC00744,v4,0.03047419489617003,0.3069227046388037,0.6626030940051172
ENC00747,v4,0.025303530882169703,0.276764875772048,0.6979315934740767
ENC00748,v4,0.03324412694576407,0.2713145031443527,0.6954413683664414
ENC00749,v4,0.04482791408233038,0.2573956919655408,0.6977763996548849
ENC00752,v4,0.021305326430191254,0.30089194163166244,0.6778027313536611
ENC00753,v4,0.034643890152577884,0.28158735025387543,0.6837687526757901
ENC00757,v4,0.020770132721321086,0.2827136464944975,0.6965162221371658
ENC00759,v4,0.03144164147416075,0.2624929011302087,0.7060654574227565
ENC00762,v4,0.0228777807560705,0.27125352727515356,0.70586869148981
ENC00765,v4,0.03121692049078261,0.2908957526087761,0.6778873258676285
ENC00771,v4,0.025216605400538626,0.2553437038232352,0.7194396857996933
ENC00772,v4,0.030401858257218486,0.2688347680937676,0.7007633705933889
ENC00778,v4,0.02515752580089187,0.31335991389543105,0.6614825577990523
ENC00787,v4,0.02625934566836804,0.3407510427385569,0.6329896128177643
ENC00788,v4,0.02963217937051215,0.22243444585344857,0.7479333749247922
ENC00792,v4,0.01885779229395673,0.3561930777438989,0.6249491350447878
ENC00797,v4,0.018546669192395164,0.266157903862231,0.7152954256071627
ENC00801,v4,0.0,0.3470894234611633,0.6529105790752046
ENC00802,v4,0.028988493358095488,0.28758239845434824,0.6834291109016963
ENC00807,v4,0.0,0.3350929807126522,0.66490701764822
ENC00808,v4,0.02655709224569871,0.19962168173467526,0.7738212232218414
ENC00812,v4,0.025587933890521525,0.27456532669067385,0.6998467392921448
ENC00813,v4,0.033903569100831435,0.2969822223330366,0.6691142077418579
ENC00815,v4,0.037720199747618,0.2622875039664547,0.6999923010890403
ENC00830,v4,0.028874965328550724,0.2534231549059903,0.7177018785366306
ENC00832,v4,0.0,0.30771555598000533,0.6922844468637277
ENC00838,v4,0.027409721392317923,0.2783697017152375,0.6942205768112742
ENC00845,v4,0.027311628906551852,0.3441753092162106,0.6285130635860863
ENC00848,v4,0.027208861137147655,0.23533185855908828,0.7374592808159914
ENC00849,v4,0.033563254665583374,0.2409857040643692,0.7254510407447815
ENC00002,v5,0.027191470886270205,0.22703443579375743,0.7457740928729375
ENC00003,v5,0.026038745330612456,0.23537591250117765,0.7385853416875962
ENC00004,v5,0.03636355890926939,0.3332539230585098,0.6303825167594133
ENC00006,v5,0.022280709667350438,0.3125447963967043,0.6651744902426121
ENC00007,v5,0.028246446226892822,0.25917103243145073,0.7125825252045285
ENC00008,v5,0.025256462624075555,0.34852658963557015,0.6262169450016345
ENC00013,v5,0.025589661775314708,0.2606316962105743,0.7137786400015071
ENC00014,v5,0.020679961940388857,0.3961470043382694,0.5831730288943064
ENC00017,v5,0.028461961494758724,0.30613773614168166,0.66540030002594
ENC00022,v5,0.021671290062074588,0.3088625074606242,0.6694662005413236
ENC00023,v5,0.02839033011809107,0.33939367376787716,0.6322159958902256
ENC00024,v5,0.02163625313551165,0.3705677120946348,0.6077960357069969
ENC00031,v5,0.027252981551633828,0.2982371191697559,0.6745098986844907
ENC00034,v5,0.02883828919342098,0.20768491683217385,0.7634767939647039
ENC00043,v5,0.021581152143577736,0.3118881155919825,0.6665307268118247
ENC00052,v5,0.024737568195585324,0.23905918131703915,0.7362032548240993
ENC00063,v5,0.02208332738549519,0.29151932726136776,0.6863973433730983
ENC00064,v5,0.021582682817978295,0.3308432750796017,0.6475740410779652
ENC00065,v5,0.028700212507437053,0.3089965088436237,0.662303273150554
ENC00067,v5,0.025273877857181864,0.24165262048708575,0.7330735014140151
ENC00080,v5,0.025651777246301726,0.26574193579810007,0.7086062889013972
ENC00081,v5,0.025050567992615933,0.30311182002518694,0.6718376115256665
ENC00084,v5,0.02342281843968002,0.24961288519469754,0.7269643010305507
ENC00088,v5,0.027808348526291195,0.2752111343046029,0.6969805162340875
ENC00089,v5,0.025831863540699895,0.2339948465933605,0.7401732878417385
ENC00090,v5,0.02550807733876774,0.1925356542548308,0.7819562659813808
ENC00096,v5,0.03185879930176518,0.27003616094589233,0.6981050414268417
ENC00098,v5,0.021421939633000875,0.33060587965883315,0.6479721763171256
ENC00103,v5,0.01998213883752952,0.34982412273310265,0.6301937357715841
ENC00106,v5,0.02477210052893497,0.32674553158382574,0.6484823634227117
ENC00111,v5,0.022330100540071725,0.31352698999643325,0.6641429076194764
ENC00113,v5,0.0,0.39589142120546766,0.6041085680325826
ENC00121,v5,0.025498388904712295,0.42665209913892405,0.5478495139894741
ENC00125,v5,0.026422076347008557,0.24589671202423707,0.727681214121026
ENC00128,v5,0.027403046999689797,0.3355130082819351,0.6370839478318081
ENC00130,v5,0.026960672168726368,0.2567761295608112,0.7162631956594331
ENC00133,v5,0.04479839920790659,0.3097654692000813,0.6454361283116871
ENC00143,v5,0.024133532433568135,0.33251860213020573,0.6433478614558344
ENC00149,v5,0.02424801350387884,0.2518323012224333,0.7239196837887051
ENC00151,v5,0.0,0.3333831476392569,0.6666168558376807
ENC00159,v5,0.019930608846247196,0.2477797063589096,0.7322896840572357
ENC00162,v5,0.020063969846292634,0.3202619527544931,0.6596740708451405
ENC00164,v5,0.02384699717148896,0.2728580338501833,0.7032949708826174
ENC00167,v5,0.022349842998664826,0.3452301165089011,0.6324200398073747
ENC00170,v5,0.031113036809132456,0.23927242911242425,0.7296145298379533
ENC00171,v5,0.028736701397144276,0.232946108735126,0.7383171923782514
ENC00173,v5,0.029735459316344488,0.29686344138213566,0.6734011005787622
ENC00188,v5,0.022380232805642122,0.2919100515032543,0.6857097128420385
ENC00191,v5,0.02458456823625034,0.2755459550677276,0.6998694789845769
ENC00192,v5,0.031188204230721852,0.31348107318685514,0.6553307274977366
ENC00193,v5,0.020920345829634937,0.37747121266031686,0.6016084417305162
ENC00202,v5,0.02561986193433404,0.2216183072924614,0.7527618296146393
ENC00208,v5,0.019626175261382918,0.3484433916876617,0.6319304279332022
ENC00209,v5,0.030968179124570692,0.24549592555183725,0.7235358959620761
ENC00210,v5,0.0291736615094634,0.2579195456285226,0.712906793544167
ENC00214,v5,0.0,0.4054362396202465,0.5945637615600435
ENC00217,v5,0.026449852010926173,0.2895803229823228,0.6839698245448451
ENC00237,v5,0.029070044662027308,0.3567244836439689,0.6142054713020723
ENC00238,v5,0.021835309720718035,0.2884268196354998,0.6897378667156295
ENC00250,v5,0.02410354725785615,0.2840104238553481,0.6918860294602134
ENC00255,v5,0.02084434515563771,0.28824600813289486,0.690909648189942
ENC00256,v5,0.023564187845102315,0.3077459772202102,0.6686898408965631
ENC00259,v5,0.03027054206204583,0.19572017443770506,0.7740092828588666
ENC00260,v5,0.021659400861448887,0.30957204920419473,0.6687685534880873
ENC00263,v5,0.02265514217439916,0.33865479273455484,0.6386900645690959
ENC00264,v5,0.025371403575448665,0.24439789424255742,0.7302306986461251
ENC00267,v5,0.02326588094777738,0.34012496372063955,0.6366091550638279
ENC00270,v5,0.02854191844443572,0.23370215276049244,0.7377559309020455
ENC00271,v5,0.03651271119002211,0.3684289255336429,0.5950583623031552
ENC00272,v5,0.0255896789165809,0.2863584268338901,0.6880518969186803
ENC00275,v5,0.018940145605787013,0.32189459547710914,0.6591652566567063
ENC00289,v5,0.028950577610745452,0.32988058639547,0.641168840516072
ENC00291,v5,0.026016129705716262,0.20731208337978882,0.7666717865250328
ENC00292,v5,0.025219947924571377,0.3088461026904129,0.6659339513097491
ENC00294,v5,0.029818428246977016,0.2043249518610537,0.7658566172338195
ENC00296,v5,0.029904506212779295,0.23125545443775497,0.7388400368601362
ENC00298,v5,0.028280052461195738,0.2930765740573406,0.6786433758834998
ENC00304,v5,0.02322896107769579,0.31185150762234837,0.6649195344980098
ENC00306,v5,0.027558173110574177,0.3446875257590382,0.6277542980675844
ENC00310,v5,0.025516562783325623,0.315370619962258,0.6591128150799445
ENC00319,v5,0.03132057885938723,0.28452183871663045,0.6841575825320823
ENC00323,v5,0.022586177165092498,0.24698605091421755,0.7304277711814934
ENC00326,v5,0.02489415337331593,0.33049379126592116,0.6446120562878522
ENC00327,v5,0.02233507160332289,0.28117566367795876,0.6964892637622249
ENC00329,v5,0.032259839564948434,0.34947004513639324,0.6182701149076786
ENC00330,v5,0.026653880374506115,0.2528809787333012,0.7204651418328285
ENC00336,v5,0.02541371017228812,0.3446180360019207,0.6299682539701462
ENC00337,v5,0.025995819981639776,0.34686844151180524,0.6271357395901129
ENC00341,v5,0.02948886220662916,0.25841473015773037,0.7120964007220999
ENC00344,v5,0.025607991070928662,0.23404117744021152,0.7403508292227846
ENC00349,v5,0.027664689415293497,0.3047410738540859,0.6675942358447284
ENC00358,v5,0.0,0.4028544419033583,0.5971455560174099
ENC00359,v5,0.02288056012660822,0.2782946713616915,0.6988247605127709
ENC00360,v5,0.02592103442666718,0.22323822960830653,0.7508407357411507
ENC00362,v5,0.012757582122166813,0.3113224823027849,0.6759199420059169
ENC00368,v5,0.028411004065175452,0.3244159420531604,0.6471730542759742
ENC00372,v5,0.02617576138006263,0.3490784798738777,0.6247457538240699
ENC00376,v5,0.020567812040329925,0.29569067397997495,0.6837415108605037
ENC00381,v5,0.02745850636672817,0.3415114461983505,0.6310300481946844
ENC00382,v5,0.031218894602109987,0.28320002735212996,0.6855810770282039
ENC00386,v5,0.03156798343998609,0.25609255722555957,0.7123394588955113
ENC00389,v5,0.03892113277470344,0.2466338132508099,0.7144450494088233
ENC00390,v5,0.0246080786366556,0.2606162812191111,0.7147756407734092
ENC00392,v5,0.025266626251063178,0.3218072667008355,0.6529261066800072
ENC00393,v5,0.0308709916880443,0.26469051192204157,0.7044385001772926
ENC00402,v5,0.029746235982547033,0.27882284542609903,0.6914309201569393
ENC00403,v5,0.022833676405576053,0.34568297197954767,0.6314833573246962
ENC00405,v5,0.022489396394635347,0.3366125647140586,0.6408980433707652
ENC00413,v5,0.024588437794252883,0.2406867059279782,0.7347248557002045
ENC00414,v5,0.02774646713265351,0.3290970917258944,0.6431564390659332
ENC00418,v5,0.02390746010739046,0.33773487581250566,0.6383576678733031
ENC00419,v5,0.030970670779546104,0.3612226585547129,0.6078066660712163
ENC00424,v5,0.02540105655444441,0.2784726432076207,0.696126301255491
ENC00428,v5,0.018103343318216503,0.325128644083937,0.6567680104703143
ENC00432,v5,0.027471671308740044,0.2988278456963599,0.6737004835158587
ENC00433,v5,0.021463216540332022,0.27578028469131544,0.7027564922204385
ENC00435,v5,0.0,0.288045612799991,0.7119543886249834
ENC00436,v5,0.02517729686639671,0.285574682322996,0.6892480177006551
ENC00441,v5,0.02220183552073484,0.3240046600726518,0.653793500770222
ENC00443,v5,0.029988795959500856,0.3171092598668991,0.6529019462165012
ENC00444,v5,0.028221300106657587,0.30787812432517175,0.6639005762079487
ENC00451,v5,0.021430045801245575,0.33089992363046816,0.6476700251901543
ENC00453,v5,0.026836083722707717,0.2757764993940742,0.6973874103097082
ENC00456,v5,0.02150513592480858,0.27122248633665974,0.7072723775690052
ENC00457,v5,0.027958336555840152,0.3207210108245674,0.6513206514350155
ENC00459,v5,0.021120181961573267,0.33473403673422963,0.644145782684025
ENC00461,v5,0.01733608607210661,0.2884476917274928,0.6942162180350999
ENC00462,v5,0.03721826986175,0.29274764947774934,0.6700340805014944
ENC00444,v5,0.028221300106657587,0.30787812432517175,0.6639005762079487
ENC00449,v5,0.027132279426772512,0.24565419364793628,0.7272135296873018
ENC00451,v5,0.02362816840329248,0.34424956505713256,0.6321222630531892
ENC00453,v5,0.026836083722707717,0.2757764993940742,0.6973874103097082
ENC00456,v5,0.021528700334501678,0.2780473940716735,0.7004239065893765
ENC00457,v5,0.030062874934325617,0.31978418337710107,0.6501529415448507
ENC00459,v5,0.021120181961573267,0.33473403673422963,0.644145782684025
ENC00461,v5,0.018689206641699586,0.3774260034163793,0.6038847899153119
ENC00462,v5,0.03721826986175,0.29274764947774934,0.6700340805014944
ENC00463,v5,0.025283618031140886,0.2199591605063996,0.7547572227449365
ENC00464,v5,0.025442950455849437,0.32399648367553147,0.6505605674071891
ENC00465,v5,0.028836346694886265,0.4187783552942989,0.5523852970555564
ENC00469,v5,0.023920708656724958,0.3626086857583788,0.6134706076648501
ENC00471,v5,0.024972476388904312,0.29984780017818724,0.6751797230470749
ENC00474,v5,0.03080171125301563,0.35251758408857814,0.6166807055028517
ENC00475,v5,0.017069940218075275,0.31386222432706956,0.6690678327022311
ENC00477,v5,0.023961975953231254,0.31086498747269314,0.6651730347247351
ENC00478,v5,0.02641985322393122,0.29901301037697564,0.6745671337559109
ENC00479,v5,0.028159173264371597,0.3073231752576499,0.6645176520292786
ENC00482,v5,0.024067022474702653,0.24171229311096387,0.7342206800547172
ENC00489,v5,0.02854259152049094,0.3018939161066259,0.6695634963807096
ENC00490,v5,0.020095212548223183,0.3561500990836639,0.6237546835593352
ENC00492,v5,0.025665121641010046,0.2537700275182724,0.7205648517608643
ENC00511,v5,0.03184236395908029,0.2976194395830757,0.6705381942422767
ENC00513,v5,0.021106107773759018,0.2584620417981613,0.7204318498450566
ENC00519,v5,0.026357875338311645,0.312632173369421,0.6610099475517451
ENC00524,v5,0.024612521235082698,0.2924143477076931,0.6829731304730687
ENC00529,v5,0.01944453681829155,0.2523974540733522,0.7281580128336466
ENC00538,v5,0.02948538425564766,0.24422028839588164,0.7262943327426911
ENC00543,v5,0.029255306578859268,0.2954030488139001,0.6753416459694087
ENC00548,v5,0.024141642256852305,0.23587627127243763,0.7399820886683046
ENC00550,v5,0.025159252770613916,0.2682952450053527,0.7065455017998667
ENC00559,v5,0.026307402239916355,0.21955881954023712,0.7541337758302689
ENC00562,v5,0.024295762258892257,0.2608482658716978,0.7148559742114123
ENC00563,v5,0.026889223086514643,0.36116559704144796,0.6119451818012056
ENC00571,v5,0.026016008061860954,0.35504112898483187,0.6189428644442777
ENC00573,v5,0.019443986676135706,0.2915708083119101,0.6889852060161474
ENC00575,v5,0.026243776003917994,0.28914687402968137,0.68460935016848
ENC00577,v5,0.023406093291397024,0.3351606098123086,0.6414332980783577
ENC00580,v5,0.02606710529970852,0.2575965403155847,0.7163363575935364
ENC00581,v5,0.02018543889684495,0.36681268832161407,0.6130018745325814
ENC00587,v5,0.021822441845304436,0.29837627399850775,0.6798012851564973
ENC00590,v5,0.03006318824365735,0.2621470780298114,0.7077897363901138
ENC00591,v5,0.02925691799854563,0.237305733145795,0.7334373481031777
ENC00592,v5,0.0237280062307442,0.18126695987976288,0.7950050296369663
ENC00596,v5,0.02428733891664216,0.28033487842633176,0.695377780840947
ENC00598,v5,0.024110409035189014,0.25575371487002796,0.7201358748942005
ENC00600,v5,0.023133616916483312,0.3064834948365144,0.6703828836050559
ENC00606,v5,0.027457893761838305,0.27870288701920676,0.6938392245563968
ENC00608,v5,0.022588062565773726,0.26755790623525777,0.7098540323475997
ENC00620,v5,0.024202340136980638,0.2958267633221112,0.6799708944745362
ENC00631,v5,0.02686001120389185,0.2629813767630946,0.7101586108857935
ENC00637,v5,0.022955770667992596,0.36593810940145427,0.6111061196041923
ENC00640,v5,0.024501017896057683,0.31535894216238697,0.6601400337641752
ENC00643,v5,0.02325253757140176,0.40110815492543306,0.5756393056024205
ENC00657,v5,0.0162557768552298,0.2829277760216168,0.7008164463298662
ENC00661,v5,0.019555065732449292,0.28360739201307295,0.6968375415802002
ENC00665,v5,0.022921759985226966,0.25370397218903956,0.723374266892869
ENC00667,v5,0.028306226690553805,0.2610702666764458,0.7106235034086488
ENC00671,v5,0.014844457864455762,0.3045862724247854,0.6805692678317428
ENC00694,v5,0.02604987655973269,0.3621431772907575,0.6118069446749157
ENC00696,v5,0.02229690145430786,0.29291130169745416,0.6847917947076982
ENC00697,v5,0.02886121156049913,0.31001228814044696,0.6611265001002322
ENC00711,v5,0.020869971510134082,0.2813125447328411,0.6978174810534092
ENC00717,v5,0.022121521551162003,0.3038219335324624,0.6740565447246327
ENC00720,v5,0.023461536858384768,0.25621819489997283,0.7203202686033958
ENC00721,v5,0.02242758187154929,0.29384468879663583,0.6837277285980455
ENC00727,v5,0.02246067280089116,0.2277435159354698,0.7497958095054927
ENC00729,v5,0.028323085484456043,0.3495830999193143,0.62209381147915
ENC00730,v5,0.02373206261403233,0.3404438851102618,0.6358240457209012
ENC00734,v5,0.024808267832000172,0.33679681455930777,0.6383949184575967
ENC00744,v5,0.02606468847564732,0.31831741565838456,0.6556179023658236
ENC00747,v5,0.024645324967497467,0.28105166493629924,0.6943030141446055
ENC00748,v5,0.031228910424987544,0.27512824681255366,0.6936428428113044
ENC00749,v5,0.036678345636369625,0.2705170893091328,0.6928045588488482
ENC00752,v5,0.021333230031735224,0.3842952381009641,0.594371524841889
ENC00753,v5,0.026938606806574984,0.3186640679994796,0.6543973303855734
ENC00757,v5,0.02125379367946432,0.29398136121085566,0.6847648484329892
ENC00759,v5,0.034230238182798904,0.2781456940460439,0.6876240740804112
ENC00762,v5,0.026313160527309382,0.2978522931837072,0.6758345488948051
ENC00765,v5,0.02741376383611086,0.2871715225787325,0.6854147088121284
ENC00771,v5,0.025545336763133055,0.30298066277194907,0.67147399885235
ENC00772,v5,0.03150711108197565,0.22663769382433813,0.7418551909141853
ENC00778,v5,0.02349178353781063,0.3121239414402083,0.6643842759669996
ENC00787,v5,0.021519842522092544,0.33141672118740567,0.6470634401854822
ENC00788,v5,0.031074070649450284,0.24013365367264078,0.7287922752530951
ENC00792,v5,0.019165375823210373,0.28664678030896307,0.6941878445962868
ENC00797,v5,0.018482406975746882,0.29958229184877583,0.6819353038217963
ENC00801,v5,0.0,0.3240753055331023,0.6759246952612611
ENC00802,v5,0.028996084532814055,0.3105631410712149,0.6604407764062649
ENC00807,v5,0.0,0.34214327414737683,0.6578567248081493
ENC00808,v5,0.024911968780326702,0.26806460844264146,0.7070234153597128
ENC00812,v5,0.025826570695172326,0.28795311441846033,0.6862203157205375
ENC00813,v5,0.026588289882056415,0.3041671367051701,0.6692445762455463
ENC00815,v5,0.02963685616850853,0.2966971344624956,0.6736660031601787
ENC00830,v5,0.025992397470085808,0.33449685556835,0.6395107537842868
ENC00832,v5,0.0,0.3236991407142745,0.6763008571569882
ENC00838,v5,0.02672660221182501,0.2901989415134351,0.6830744485265201
ENC00845,v5,0.02544737013793269,0.32469587703776914,0.6498567538205967
ENC00848,v5,0.022984322492332978,0.25631684886998146,0.720698826957023
ENC00849,v5,0.03432019811817536,0.2787787724359363,0.6869010329246521
ENC00002,v6,0.03040825553938367,0.1836024503799001,0.7859892919185055
ENC00003,v6,0.03201794201395587,0.18423356144474104,0.7837484942360239
ENC00004,v6,0.03666054200300056,0.21058813295358622,0.7527513247757143
ENC00006,v6,0.02464321674261656,0.2112153052455849,0.7641414759887589
ENC00007,v6,0.029443702743548877,0.21395015896885258,0.7566061390053694
ENC00008,v6,0.027242144365656248,0.1666142800703962,0.8061435746385696
ENC00013,v6,0.02974227483349818,0.20098197184227132,0.7692757533656226
ENC00014,v6,0.026231064361977505,0.2187418923355066,0.7550270411037129
ENC00017,v6,0.03172396352054196,0.22398677518528498,0.7442892600646179
ENC00022,v6,0.025362311736292515,0.18088489584624767,0.793752792229255
ENC00023,v6,0.039238641004874765,0.22013995123196797,0.7406214069889252
ENC00024,v6,0.02626237985678017,0.19241155150436587,0.781326066294024
ENC00031,v6,0.028227107659612425,0.20072112881129062,0.7710517646364905
ENC00034,v6,0.030695615719437977,0.15869142600818525,0.810612957311582
ENC00043,v6,0.024611147177888384,0.18073519026733817,0.7946536631484307
ENC00052,v6,0.027249834658402316,0.22483455952046053,0.7479156055165537
ENC00063,v6,0.02775144965683178,0.22926073434149347,0.7429878166536006
ENC00064,v6,0.022132547843890887,0.2151674504081408,0.7627000028178805
ENC00065,v6,0.03542946086634161,0.20443689120265673,0.760133647272047
ENC00067,v6,0.033051942920357714,0.15743547752499581,0.8095125763881498
ENC00080,v6,0.027095585441321273,0.17652679229520749,0.7963776219392491
ENC00081,v6,0.029944915963327826,0.20036145958347598,0.7696936242822288
ENC00084,v6,0.024593998251389193,0.16682683524556,0.8085791658422801
ENC00088,v6,0.032236571991234086,0.16478247419581749,0.8029809554573148
ENC00089,v6,0.03053637350343966,0.14292519268513257,0.8265384333208203
ENC00090,v6,0.02820660436009348,0.13416348084865604,0.8376299144001678
ENC00096,v6,0.031013583233288955,0.15263775990752038,0.8163486565463245
ENC00098,v6,0.024303284141424936,0.20855044877355539,0.7671462676478821
ENC00103,v6,0.01925029188917461,0.17868501424300867,0.802064697639864
ENC00106,v6,0.032651916918366206,0.18701593843342243,0.780332145505938
ENC00111,v6,0.033719378914954,0.249565491857736,0.7167151257179786
ENC00113,v6,0.0,0.2112879668387164,0.7887120356338214
ENC00121,v6,0.03230176827517049,0.1774347967403973,0.7902634335232193
ENC00125,v6,0.03197633453589528,0.184506531209434,0.7835171351966248
ENC00128,v6,0.030780021059351466,0.14102373451546388,0.8281962453688263
ENC00130,v6,0.03349712130147964,0.18064389083883725,0.7858589879469946
ENC00133,v6,0.052455610340985004,0.18891764985164627,0.7586267419392243
ENC00143,v6,0.02913396579439743,0.21751668050049622,0.7533493568407041
ENC00149,v6,0.030469426576298878,0.16781990446795064,0.8017106721034417
ENC00151,v6,0.0,0.22840394949580126,0.7715960508014293
ENC00159,v6,0.021946605726043344,0.13885251931060338,0.8392008763039485
ENC00162,v6,0.026313139597744974,0.2389147041799271,0.7347721539131583
ENC00164,v6,0.025716879966474957,0.14445850638871266,0.8298246075356672
ENC00167,v6,0.02593513623928534,0.20400623562973697,0.7700586271035922
ENC00170,v6,0.029483690597019427,0.19489079585094102,0.7756255176991068
ENC00171,v6,0.030059079497391953,0.16331491755147284,0.8066260002810379
ENC00173,v6,0.0337494011234157,0.19506860059247447,0.7711819970103168
ENC00188,v6,0.028924683580220108,0.22998598308092164,0.7410893320075927
ENC00191,v6,0.028426322525051253,0.17607370903443176,0.7954999710384169
ENC00192,v6,0.030627221297323107,0.19514045753632206,0.7742323192606968
ENC00193,v6,0.029782543908862143,0.19803296678044177,0.7721844906056369
ENC00202,v6,0.02628838642117297,0.1815645550828307,0.792147058633066
ENC00208,v6,0.024973867108185062,0.20449085040811465,0.7705352843609626
ENC00209,v6,0.03096548315558222,0.19979023803626336,0.769244279784541
ENC00210,v6,0.02841002722092665,0.20807948704462886,0.7635104856530174
ENC00214,v6,0.0,0.2529103288220035,0.7470896662109427
ENC00217,v6,0.034516412139230644,0.2091267237282661,0.7563568637313614
ENC00237,v6,0.03530960304306063,0.15637488661741372,0.8083155098138377
ENC00238,v6,0.030800254147784794,0.17938534308815263,0.7898144080339233
ENC00250,v6,0.027582256886507235,0.21322791759044893,0.7591898233659806
ENC00255,v6,0.025516029185830402,0.2766316134769183,0.6978523547832782
ENC00256,v6,0.023171730251716715,0.19478918939828874,0.7820390829018184
ENC00259,v6,0.02883483022097734,0.16336563809574406,0.8077995313119285
ENC00260,v6,0.027768786106443868,0.19961263436968155,0.7726185789424411
ENC00263,v6,0.024572457776356468,0.21337157793644534,0.7620559603492648
ENC00264,v6,0.028076111283153297,0.19168644070625304,0.7802374426523845
ENC00267,v6,0.027622852022900726,0.22064075871850505,0.751736392216249
ENC00270,v6,0.03910764054671745,0.1340202817664249,0.8268720754422247
ENC00271,v6,0.03917051670040288,0.2128947431059635,0.7479347416564174
ENC00272,v6,0.028611935657060262,0.21187413049843704,0.7595139320903611
ENC00275,v6,0.019825924364243738,0.18350460733005985,0.7966694694298965
ENC00289,v6,0.026965047958438383,0.23965282102852511,0.733382129047546
ENC00291,v6,0.026029682107036933,0.16728235880145803,0.8066879601683468
ENC00292,v6,0.02917850710973767,0.19321421887647658,0.7776072743547512
ENC00294,v6,0.029701879219828697,0.15028396698471624,0.8200141550041735
ENC00296,v6,0.030140609555400728,0.18482565429152512,0.7850337355602078
ENC00298,v6,0.03340937808959508,0.20907867139850567,0.7575119494223127
ENC00304,v6,0.029059258949928335,0.18044315703446046,0.7904975820565596
ENC00306,v6,0.0304287385540204,0.2486677694727074,0.7209034968506206
ENC00310,v6,0.0249854162453659,0.19613410532474518,0.7788804802629683
ENC00319,v6,0.03773227171588908,0.20838681823190522,0.753880909611197
ENC00323,v6,0.024804367356011596,0.1695623227872362,0.8056333099135119
ENC00326,v6,0.023723975170250464,0.2653092460447474,0.7109667764434332
ENC00327,v6,0.02504485366887159,0.1985090820965442,0.7764460598880595
ENC00329,v6,0.03961184339188948,0.2135720285246285,0.7468161254030902
ENC00330,v6,0.02580996356431607,0.19250150980341002,0.7816885251146524
ENC00336,v6,0.03242846332839138,0.1946441421011613,0.7729273973765531
ENC00337,v6,0.03519924087674323,0.1995389424264431,0.7652618147163506
ENC00341,v6,0.028187717524278594,0.2057824519249689,0.7660298284636923
ENC00344,v6,0.026799087474500993,0.19324736730777659,0.7799535465892404
ENC00349,v6,0.028173241733262935,0.2118630108959747,0.7599637465043502
ENC00358,v6,0.0,0.2028388178596894,0.7971611809399393
ENC00359,v6,0.026289146441514744,0.20181074905576127,0.7719001027670773
ENC00360,v6,0.02724634643071836,0.20051768184246788,0.7722359716174114
ENC00362,v6,0.012384834077758049,0.20252850053033658,0.7850866654355612
ENC00368,v6,0.03413027893324756,0.20307113097351828,0.7627985870382589
ENC00372,v6,0.033220941332999514,0.2025730226792999,0.7642060341061773
ENC00376,v6,0.031792451017477276,0.1841552760923588,0.7840522755927677
ENC00381,v6,0.027015575352766198,0.2013174115629967,0.7716670168374113
ENC00382,v6,0.027807664492896185,0.20223287303830675,0.7699594613492797
ENC00386,v6,0.03832230254664351,0.21119822615851236,0.7504794710841258
ENC00389,v6,0.04379346685197491,0.20072302325413777,0.755483508721376
ENC00390,v6,0.02493688961340472,0.1998602185360711,0.7752028888825214
ENC00392,v6,0.03049043367677067,0.19116291978317707,0.7783466445569375
ENC00393,v6,0.032976717677718,0.21180457182562173,0.7552187100275239
ENC00402,v6,0.037480678763004795,0.23755387594051,0.724965449752687
ENC00403,v6,0.036149387240659484,0.1830144351751534,0.7808361792380047
ENC00405,v6,0.024185453776924593,0.2010532590585786,0.7747612833976746
ENC00413,v6,0.024769814425631413,0.21961360297436955,0.7556165805723094
ENC00414,v6,0.03126776258853313,0.2083252277225256,0.7604070116291967
ENC00418,v6,0.02587143458514171,0.2058286949022282,0.7682998665338437
ENC00419,v6,0.03169524045445757,0.2473946288228035,0.7209101264187366
ENC00424,v6,0.029172678135855255,0.1614474209935166,0.8093799033830332
ENC00428,v6,0.026769558675777242,0.21892734606858014,0.7543031021851261
ENC00432,v6,0.034452238399535415,0.1936267530436025,0.7719210053191465
ENC00433,v6,0.019177496706106467,0.21507903159363195,0.7657434673747048
ENC00435,v6,0.0,0.23638287810915773,0.7636171206013187
ENC00436,v6,0.028753129803928835,0.20408907424786996,0.7671577914007779
ENC00441,v6,0.026864067726438085,0.18277197073681564,0.7903639621998307
ENC00443,v6,0.034632457838597475,0.12653815064550145,0.8388293888419867
ENC00444,v6,0.031282882939809735,0.23672329639788153,0.7319938163105533
ENC00451,v6,0.0255286092742359,0.21916376416609712,0.755307627459095
ENC00453,v6,0.02978522754714486,0.18397032543646163,0.7862444502204212
ENC00456,v6,0.02593051716212358,0.21458312789036427,0.7594863517442718
ENC00457,v6,0.033316164575808216,0.16016038911766373,0.8065234459936619
ENC00459,v6,0.021105237691943113,0.20691072594761198,0.7719840343858375
ENC00461,v6,0.018724187111472272,0.17717107720868125,0.8041047354019125
ENC00444,v6,0.031282882939809735,0.23672329639788153,0.7319938163105533
ENC00449,v6,0.03491301058784302,0.162331460553105,0.8027555259177461
ENC00451,v6,0.0255286092742359,0.21916376416609712,0.755307627459095
ENC00453,v6,0.02978522754714486,0.18397032543646163,0.7862444502204212
ENC00456,v6,0.02593051716212358,0.21458312789036427,0.7594863517442718
ENC00457,v6,0.033316164575808216,0.16016038911766373,0.8065234459936619
ENC00459,v6,0.021105237691943113,0.20691072594761198,0.7719840343858375
ENC00461,v6,0.018724187111472272,0.17717107720868125,0.8041047354019125
ENC00462,v6,0.04689357527405829,0.2081732381437276,0.7449331858673611
ENC00463,v6,0.026929636072964058,0.17053315354860388,0.802537205745466
ENC00464,v6,0.03295579569824593,0.2319723824315732,0.7350718182797479
ENC00465,v6,0.03238092548597385,0.22773363629684729,0.7398854380144793
ENC00469,v6,0.02702896420824084,0.22884702846302207,0.744124008197311
ENC00471,v6,0.027378564877618177,0.20288915184198641,0.7697322836109236
ENC00474,v6,0.035228647050956165,0.19576925039291382,0.7690021053028567
ENC00475,v6,0.02157594475787706,0.20830588467801228,0.7701181696775632
ENC00477,v6,0.03175365237483496,0.2093915716526611,0.7588547776190288
ENC00478,v6,0.029771670342191373,0.17634827569883488,0.793880053129293
ENC00479,v6,0.03851588252590213,0.19878117027631492,0.7627029455384833
ENC00482,v6,0.028918426418563396,0.1805591183010398,0.7905224585315076
ENC00489,v6,0.03226901421762386,0.2210687751982622,0.7466622114561166
ENC00490,v6,0.02866874855641878,0.1951984859735309,0.776132767785809
ENC00492,v6,0.03192277953217405,0.18460999396403982,0.7834672237282808
ENC00511,v6,0.03621703650367385,0.1786843327035804,0.7850986260496927
ENC00513,v6,0.023705010067882903,0.2281509203479645,0.748144066714226
ENC00519,v6,0.03129021999616684,0.15214177485640076,0.8165680032900788
ENC00524,v6,0.026351255447608638,0.19817423149553268,0.775474510267767
ENC00529,v6,0.026585910496288452,0.18358546455845165,0.7898286251342239
ENC00538,v6,0.03157400285276624,0.19688597028972182,0.7715400296486229
ENC00543,v6,0.03029331553084445,0.2031951394631778,0.7665115448121492
ENC00548,v6,0.025210137514373922,0.1974283286806526,0.7773615412319763
ENC00550,v6,0.031375230944831856,0.19292022503213957,0.7757045439211652
ENC00559,v6,0.028964043947233432,0.19773970311919672,0.7732962505743567
ENC00562,v6,0.02538287654593961,0.18408106978814207,0.7905360565113662
ENC00563,v6,0.040370321944247035,0.22554283480198062,0.7340868430876593
ENC00571,v6,0.025526310045790066,0.19073999444032735,0.7837336971798045
ENC00573,v6,0.026849172187037765,0.18212232330441475,0.7910285019874572
ENC00575,v6,0.027498602465909374,0.16459594826613153,0.8079054460727743
ENC00577,v6,0.03385059457939926,0.22047769619398808,0.7456717076430838
ENC00580,v6,0.02699582007382866,0.17893961232120745,0.7940645719242987
ENC00581,v6,0.02258644939684018,0.17720220517367125,0.8002113458933309
ENC00587,v6,0.024348481286430572,0.21285395857495099,0.7627975603348107
ENC00590,v6,0.037430742263602906,0.18094399995528734,0.7816252529621124
ENC00591,v6,0.03474490947586386,0.19721623252783166,0.7680388618456689
ENC00592,v6,0.031025247865506096,0.18877245972193585,0.7802022899370737
ENC00596,v6,0.029859654971265366,0.2139088602564415,0.7562314830407375
ENC00598,v6,0.033400369780138134,0.19274258270859718,0.7738570499420167
ENC00600,v6,0.025422314014129716,0.19929302804296908,0.7752846589301552
ENC00606,v6,0.033376259216176415,0.17882858989415346,0.7877951518253044
ENC00608,v6,0.02847685751427586,0.19295408088299965,0.7785690628819996
ENC00620,v6,0.0269337490954058,0.1848272970673861,0.788238953333348
ENC00631,v6,0.028770536260708468,0.15972284227609634,0.8115066228201613
ENC00637,v6,0.027075538688028852,0.21493126280605793,0.7579931990305583
ENC00640,v6,0.029202087740447344,0.21333926597194705,0.757458648450083
ENC00643,v6,0.03380609223838999,0.23737194570195344,0.7288219647275077
ENC00657,v6,0.02106427858021428,0.19699446457188305,0.7819412516021147
ENC00661,v6,0.026528674590085215,0.19631554357229022,0.7771557842919586
ENC00665,v6,0.02957248271559365,0.19495758432894944,0.775469933450222
ENC00667,v6,0.03122602220175404,0.1868126423439788,0.7819613347101451
ENC00671,v6,0.018634517545787953,0.2129331540841705,0.7684323296715052
ENC00694,v6,0.03064524179105373,0.22018879761590676,0.7491659578155069
ENC00696,v6,0.024835768151188306,0.20781172852159716,0.7673525057879149
ENC00697,v6,0.0351708654429934,0.2119004725922946,0.7529286633129992
ENC00711,v6,0.024800865962438714,0.17993335536896035,0.7952657794723144
ENC00717,v6,0.026138149228943294,0.18463762403400832,0.7892242261143618
ENC00720,v6,0.025905241662015518,0.16876991335780192,0.8053248460476216
ENC00721,v6,0.02702397970033935,0.1615390242149793,0.8114369974852843
ENC00727,v6,0.027149276862473926,0.15875079558463767,0.8140999280149117
ENC00729,v6,0.03269912742097606,0.15916249829638807,0.8081383808597999
ENC00730,v6,0.025673104544010693,0.2271001520901095,0.7472267369868347
ENC00734,v6,0.0329096457406091,0.24320419629414877,0.7238861656770473
ENC00744,v6,0.027942078011561063,0.23170086113555777,0.7403570587236074
ENC00747,v6,0.03062202284276924,0.20620331080520854,0.7631746612927492
ENC00748,v6,0.03696660877456172,0.21527553216004983,0.7477578601011863
ENC00749,v6,0.03876815395869361,0.19631339137598594,0.7649184526493831
ENC00752,v6,0.024069110363987938,0.2316334148070642,0.7442974746227264
ENC00753,v6,0.03550588873467666,0.17891410302291524,0.7855800087464616
ENC00757,v6,0.028730111448037114,0.20191262065907198,0.7693572706240086
ENC00759,v6,0.03316162720665523,0.16556922564571372,0.8012691469372067
ENC00762,v6,0.026813208178919593,0.20389438895093406,0.7692924035582572
ENC00765,v6,0.03187627778124355,0.2105156291038432,0.7576080850252869
ENC00771,v6,0.03098790221317573,0.19377041396086778,0.7752416820787802
ENC00772,v6,0.031554613264493776,0.16462203334750874,0.8038233555853367
ENC00778,v6,0.026407125094019383,0.19506212161148637,0.7785307559573534
ENC00787,v6,0.03175728046518611,0.23412096776126876,0.734121746904268
ENC00788,v6,0.032019443636953505,0.20260913246642046,0.7653714239271612
ENC00792,v6,0.021251012232103107,0.16451417915694724,0.8142348091173831
ENC00797,v6,0.01756901497580111,0.179573679625988,0.8028573051691056
ENC00801,v6,0.0,0.23241338413208723,0.7675866154479045
ENC00802,v6,0.030676536581826855,0.21536149659070625,0.7539619677756206
ENC00807,v6,0.0,0.21278509394935916,0.7872149064162067
ENC00808,v6,0.027297104699347093,0.16938103309699468,0.8033218617950167
ENC00812,v6,0.032188628730666524,0.17790490593680572,0.789906466549093
ENC00813,v6,0.03815400166077023,0.2717939322861303,0.6900520667809398
ENC00815,v6,0.031035230547357143,0.2047989078159078,0.7641658628924509
ENC00830,v6,0.027313262496206265,0.19837694665273795,0.7743097917678264
ENC00832,v6,0.0,0.22484083293238655,0.7751591647975147
ENC00838,v6,0.02618940260617819,0.1546480061369948,0.819162595900707
ENC00845,v6,0.02900104526076123,0.2090531675819239,0.7619457888456941
ENC00848,v6,0.025410334345360754,0.17389549165964127,0.8006941717118025
ENC00849,v6,0.039495767229859986,0.24574071755559426,0.7147635169855253
ENC00002,v7,0.02735809104517102,0.21569114020466804,0.756950769662857
ENC00003,v7,0.029105346541701244,0.2792416396315652,0.6916530177448735
ENC00004,v7,0.03325928112302544,0.34062514252076714,0.6261155787160841
ENC00006,v7,0.0223451009104875,0.346901078492102,0.6307538199906397
ENC00007,v7,0.026820051608626376,0.24998742057797835,0.7231925317307109
ENC00008,v7,0.021341146242067024,0.2398349620256718,0.7388238952337921
ENC00013,v7,0.024950721714159716,0.2619514484768328,0.7130978325138921
ENC00014,v7,0.018884427849060068,0.3771623915204635,0.6039531729542292
ENC00017,v7,0.027949015549490697,0.28584306192307074,0.6862079241803585
ENC00022,v7,0.021928500050299726,0.3283489186943105,0.6497225803611553
ENC00023,v7,0.02694334205696169,0.3004967568277502,0.6725599012610053
ENC00024,v7,0.019175242078490556,0.32973859295248986,0.6510861602425575
ENC00031,v7,0.026729759225552832,0.2969331480102775,0.6763370912752034
ENC00034,v7,0.028890013881027698,0.2166747247800231,0.7544352611899376
ENC00043,v7,0.0251435383896543,0.29663569473528434,0.6782207699226481
ENC00052,v7,0.02528897544011624,0.2505084007526889,0.7242026229699453
ENC00063,v7,0.021904365719115783,0.2925114122129256,0.6855842209150714
ENC00064,v7,0.022043756773751793,0.25714409605345945,0.7208121491200996
ENC00065,v7,0.02794626987018033,0.3238566589601543,0.6481970723615874
ENC00067,v7,0.024316068285691512,0.27152481158871367,0.704159121879417
ENC00080,v7,0.026994961929241463,0.2770823460249674,0.6959226926167806
ENC00081,v7,0.024535199472059805,0.29017929583787916,0.6852855072135017
ENC00084,v7,0.020921520588065807,0.25769959250465035,0.7213788856234815
ENC00088,v7,0.026541404543643437,0.2893984936973424,0.6840601046976534
ENC00089,v7,0.02738728211977734,0.1989858352507536,0.7736268800038558
ENC00090,v7,0.02827474955421198,0.20604539739674535,0.7656798468067728
ENC00096,v7,0.028747867844584916,0.25993083346457707,0.7113212933616032
ENC00098,v7,0.01901085881186967,0.26294969785504224,0.718039443125812
ENC00103,v7,0.0192972010502718,0.2942521138337709,0.6864506887682413
ENC00106,v7,0.024165779796682975,0.37367107529531823,0.6021631452170285
ENC00111,v7,0.023583959977377236,0.3504693021134632,0.6259467371595584
ENC00113,v7,0.0,0.38509859673678876,0.6149014064669609
ENC00121,v7,0.023698799834563966,0.38221966747830555,0.5940815303626099
ENC00125,v7,0.02745674476990926,0.2715159057029362,0.7010273465822483
ENC00128,v7,0.023439385834226913,0.29483339197318487,0.6817272246704189
ENC00130,v7,0.028904935236666995,0.28228364139795303,0.6888114213943481
ENC00133,v7,0.043232274952678736,0.23759103992968114,0.7191766873570798
ENC00143,v7,0.025114578456850722,0.2860535800573416,0.6888318413402885
ENC00149,v7,0.02511575745159119,0.27953120821812116,0.6953530387311685
ENC00151,v7,0.0,0.39252591189466607,0.6074740864148661
ENC00159,v7,0.01988813613158788,0.24567736760359402,0.7344344939834387
ENC00162,v7,0.020528325882668678,0.33183912087518436,0.6476325578987598
ENC00164,v7,0.022249498143337848,0.2421851084242022,0.7355653948900176
ENC00167,v7,0.021393740234165407,0.2962992437114225,0.6823070163481704
ENC00170,v7,0.03083051111489693,0.23613069091547043,0.7330387973404945
ENC00171,v7,0.028286546055880404,0.24842392845252126,0.7232895272294271
ENC00173,v7,0.02865202806338116,0.25105934101674293,0.7202886355144006
ENC00188,v7,0.02324704525964611,0.2848087329380583,0.6919442241144652
ENC00191,v7,0.023872076401866116,0.24352654557576223,0.7326013670030949
ENC00192,v7,0.030409727394267793,0.2937629267949016,0.6758273470552028
ENC00193,v7,0.020592537852811867,0.37462460889225513,0.6047828550887319
ENC00202,v7,0.023134435070616913,0.2078216229349572,0.7690439421609537
ENC00209,v7,0.030846624985606093,0.2466117604491637,0.7225416145988346
ENC00210,v7,0.02860300085867626,0.24989159943631095,0.7215053980802968
ENC00214,v7,0.0,0.34151576183924154,0.6584842320249862
ENC00217,v7,0.027035541004604764,0.2660610811991824,0.7069033743606673
ENC00237,v7,0.029120155297219754,0.25781674218177797,0.7130630996227264
ENC00238,v7,0.029455002608963034,0.2420880261285246,0.7284569661479351
ENC00250,v7,0.023468616059082643,0.29197082740434427,0.6845605538079613
ENC00255,v7,0.023273183847777545,0.2664492728561163,0.7102775403857231
ENC00256,v7,0.02293962143235525,0.31108415053975313,0.6659762264418423
ENC00259,v7,0.02983664688224911,0.20541004992440237,0.7647533046861067
ENC00260,v7,0.021886507698442213,0.2566318358652867,0.7214816582317536
ENC00263,v7,0.020783772871184807,0.2967812829436018,0.6824349471582816
ENC00264,v7,0.024683469807792267,0.2540768105852402,0.7212397175825248
ENC00267,v7,0.02292056106414427,0.33498603397724674,0.6420934080493217
ENC00270,v7,0.029654594142244667,0.3319041180687073,0.6384412887004706
ENC00271,v7,0.03534310823306441,0.35097530111670494,0.6136815917762843
ENC00272,v7,0.025941244879792824,0.280433260125689,0.6936254958705147
ENC00275,v7,0.017257302635804796,0.2300613442585416,0.7526813575821202
ENC00289,v7,0.028752870271327318,0.3363723347860354,0.634874795322065
ENC00291,v7,0.025804036021232605,0.2216033975481987,0.7525925624370575
ENC00292,v7,0.025999151157437388,0.2575921501725092,0.7164086994774844
ENC00294,v7,0.03016221545316199,0.22862652168479017,0.7412112634028157
ENC00296,v7,0.02920556263042948,0.23810448771358556,0.7326899502012465
ENC00298,v7,0.02629996632674226,0.2848721749804638,0.6888278607968931
ENC00304,v7,0.02270603581721819,0.3149459899176617,0.6623479818572869
ENC00306,v7,0.025806348718469964,0.3384536597877741,0.6357399977743625
ENC00310,v7,0.026865064324210246,0.2726745285213955,0.7004604125695844
ENC00319,v7,0.042206493199158174,0.30131372230557296,0.6564797914945162
ENC00323,v7,0.024926839673963305,0.2168645729812292,0.7582085846135249
ENC00326,v7,0.023982265426848944,0.3183297385246708,0.657687995582819
ENC00327,v7,0.023515342308194128,0.2620574982680437,0.714427156985261
ENC00329,v7,0.03416880283556464,0.334352174428878,0.6314790241972164
ENC00330,v7,0.026623890584300237,0.23349059759466737,0.7398855087381823
ENC00336,v7,0.02636597371122367,0.24819295449366033,0.7254410730281347
ENC00337,v7,0.025284692864598973,0.2941179967352322,0.6805973127484322
ENC00341,v7,0.027512128437485767,0.3138895706072742,0.6585982966364599
ENC00344,v7,0.024515518815153174,0.2044986560743637,0.7709858236174104
ENC00349,v7,0.026841773607713334,0.31501669647062525,0.6581415267551647
ENC00358,v7,0.0,0.3892318856777604,0.6107681129396576
ENC00359,v7,0.02342955018900851,0.27790224330850166,0.6986682025512846
ENC00360,v7,0.028059247078462725,0.2538795518023627,0.7180612010615213
ENC00362,v7,0.012008509828972266,0.36623332033986633,0.6217581668625707
ENC00368,v7,0.027240598222368774,0.318362585233368,0.6543968201593588
ENC00372,v7,0.02323210446317632,0.368200071924126,0.6085678259122003
ENC00376,v7,0.022991205443088945,0.28860846207591523,0.6884003307735711
ENC00381,v7,0.023999277070591536,0.3236222936150928,0.6523784284169475
ENC00382,v7,0.028361765007403762,0.26907614279877057,0.7025620912963694
ENC00386,v7,0.03286742670366503,0.26228053746174795,0.7048520366756283
ENC00389,v7,0.0386002764211801,0.2527996565147144,0.7086000709029717
ENC00390,v7,0.02497634412375865,0.285998977927698,0.6890246735678779
ENC00392,v7,0.024352035522627245,0.28869208972901106,0.6869558702622142
ENC00393,v7,0.027444716868543526,0.24576208692013732,0.7267931944471064
ENC00402,v7,0.028208402544260026,0.31645539961755276,0.6553361955285072
ENC00403,v7,0.025900917236816947,0.306000726623135,0.668098356340315
ENC00405,v7,0.022662482134854563,0.3256755670866905,0.6516619473695755
ENC00413,v7,0.025315517128479702,0.24639560427102777,0.7282888787212195
ENC00414,v7,0.026926655792981705,0.2637092886913207,0.7093640482553871
ENC00418,v7,0.026566856676204637,0.33526891273531045,0.6381642326712609
ENC00419,v7,0.033342398713762295,0.3469857018981271,0.6196718975787855
ENC00424,v7,0.028415328603449877,0.2769308703822818,0.6946538005902515
ENC00428,v7,0.018187966044726115,0.3215559399287615,0.6602560918245997
ENC00432,v7,0.02597719479240197,0.24937681573674195,0.7246459921947995
ENC00433,v7,0.020993558361698857,0.271214132792637,0.707792312151096
ENC00435,v7,0.0,0.2920654041563126,0.7079345969592824
ENC00436,v7,0.023574413031177677,0.2865284726023674,0.6898971179257268
ENC00441,v7,0.020723816188252416,0.3163419806760205,0.662934204271017
ENC00443,v7,0.023567528854454716,0.34490863169713687,0.6315238440549502
ENC00444,v7,0.02743577703266688,0.3028198424240817,0.6697443781987481
ENC00451,v7,0.02148618365689698,0.33706356543633675,0.6414502498176363
ENC00453,v7,0.026677802705099105,0.27659926019975395,0.6967229374119492
ENC00457,v7,0.030138734987418273,0.2799782012171017,0.6898830663301274
ENC00459,v7,0.021227233950048684,0.3539148592136123,0.6248579105192965
ENC00461,v7,0.01872053869488073,0.27497202186411573,0.7063074389486822
ENC00462,v7,0.03635797699770102,0.3278050222075902,0.6358369949099781
ENC00444,v7,0.02743577703266688,0.3028198424240817,0.6697443781987481
ENC00449,v7,0.02530507174390955,0.30332922559826314,0.6713656980951294
ENC00451,v7,0.023108247379825368,0.35235632350289725,0.624535429768446
ENC00453,v7,0.026677802705099105,0.27659926019975395,0.6967229374119492
ENC00457,v7,0.03184292195079734,0.28535745916317923,0.6827996196795483
ENC00459,v7,0.021227233950048684,0.3539148592136123,0.6248579105192965
ENC00461,v7,0.017033293935598742,0.29401854419245804,0.6889481633130846
ENC00462,v7,0.03635797699770102,0.3278050222075902,0.6358369949099781
ENC00463,v7,0.0266134867182114,0.25692939448276625,0.7164571165238451
ENC00464,v7,0.02537211007656199,0.31891152729219363,0.6557163576656413
ENC00465,v7,0.02902471131760528,0.44965841113466076,0.5213168785635349
ENC00469,v7,0.024992311463273804,0.2935546736778884,0.6814530128035052
ENC00471,v7,0.023392988021470724,0.2985457827647527,0.6780612314977343
ENC00474,v7,0.030797884069090963,0.40902890367250816,0.5601732044243345
ENC00475,v7,0.017398991276921353,0.27469549294050577,0.7079055182219762
ENC00477,v7,0.02355565787855022,0.32273638762276746,0.653707954133379
ENC00478,v7,0.024756365120137,0.28915092014871974,0.6860927100128987
ENC00479,v7,0.02822037226956417,0.280004296927376,0.6917753311547827
ENC00482,v7,0.025863753091967243,0.2680998135245208,0.7060364367383899
ENC00489,v7,0.026415219231109534,0.30965375809036955,0.6639310206685748
ENC00490,v7,0.019585130293102514,0.3130805768793629,0.66733429232432
ENC00492,v7,0.022735753917806252,0.28723995579827216,0.6900242884312907
ENC00511,v7,0.031426117708906534,0.2772744357585907,0.6912994417051475
ENC00513,v7,0.021539859066709993,0.25981400725175074,0.7186461397278028
ENC00519,v7,0.02209182112529781,0.23470280051046277,0.7432053806433766
ENC00524,v7,0.025293387208632598,0.29411979670834354,0.6805868141763792
ENC00529,v7,0.021053270877976166,0.2517290420438114,0.7272176877448433
ENC00538,v7,0.029367626164108516,0.24228259021043777,0.728349784374237
ENC00543,v7,0.028808852043315892,0.2730097450754222,0.6981814050373911
ENC00548,v7,0.02373533942437637,0.23738077344424133,0.7388838898698125
ENC00550,v7,0.0252311661328494,0.2109862273245786,0.7637826067156497
ENC00559,v7,0.024524317084190745,0.20621679393066603,0.7692588938005043
ENC00562,v7,0.024326582918736604,0.24787688815947806,0.7277965277138323
ENC00563,v7,0.03146811749222649,0.2972849878568609,0.6712468960205046
ENC00571,v7,0.02361288020374175,0.36823494265406903,0.6081521758730982
ENC00573,v7,0.01951289869763929,0.31823261626388716,0.6622544822485551
ENC00575,v7,0.024699704868830424,0.24759284712565252,0.7277074496970217
ENC00577,v7,0.02481603195988818,0.32261877781466436,0.652565191189448
ENC00580,v7,0.02442657944187522,0.29267005968093873,0.6829033601284027
ENC00581,v7,0.020768657956710634,0.3003409628231986,0.6788903797874931
ENC00587,v7,0.020626126109592375,0.27326442161875386,0.7061094577274015
ENC00590,v7,0.027495160841549925,0.19413395966753105,0.7783708799781138
ENC00591,v7,0.03255645880572401,0.27900052893084365,0.6884430108906386
ENC00592,v7,0.02438684938353126,0.1642889509616542,0.8113242050592047
ENC00596,v7,0.029147843350828796,0.2613078431950675,0.709544305227421
ENC00598,v7,0.022910994017323435,0.2545841264343539,0.7225048765540123
ENC00600,v7,0.02238172271847725,0.29993084049224855,0.677687436580658
ENC00606,v7,0.02789972731167631,0.316077804252986,0.6560224670796625
ENC00608,v7,0.023519977764452544,0.2908190257340959,0.6856609959046818
ENC00620,v7,0.022918839131792386,0.2706661384552717,0.7064150253931681
ENC00631,v7,0.024713101093836416,0.25922778764596355,0.7160591053274962
ENC00637,v7,0.024339031415950993,0.3376385258591693,0.6380224375621132
ENC00640,v7,0.024324363897762543,0.29171671790694725,0.683958914962787
ENC00643,v7,0.02487233195764323,0.4044016521881547,0.5707260202943233
ENC00657,v7,0.015873004644136154,0.2860415179504832,0.6980854775478591
ENC00661,v7,0.019882084418114433,0.3029748818404238,0.6771430358500548
ENC00665,v7,0.025162458327637676,0.31745127829102177,0.6573862669368585
ENC00667,v7,0.02932326481319391,0.30625233201535196,0.6644244040106679
ENC00671,v7,0.015494299126964173,0.32512185575053243,0.6593838449161832
ENC00694,v7,0.02548576221343572,0.30070434618046726,0.673809896333743
ENC00696,v7,0.022278358017501887,0.28795353625901043,0.6897681083064526
ENC00697,v7,0.026934776362031697,0.32035375893115997,0.652711463868618
ENC00711,v7,0.02260238385700562,0.3172075011440226,0.6601901156408293
ENC00717,v7,0.0224067090312019,0.3458131636492908,0.6317801248282194
ENC00720,v7,0.024562827971143026,0.25623879381314374,0.7191983809073766
ENC00721,v7,0.02092347839897891,0.2656441172014694,0.7134324079062663
ENC00727,v7,0.022425486383534324,0.2398510588787672,0.7377234551850267
ENC00729,v7,0.02723010267234511,0.27313775343135893,0.6996321484573886
ENC00730,v7,0.022390352385322543,0.3161519530915866,0.6614576940336366
ENC00734,v7,0.02777009519267377,0.32105357805778695,0.6511763275324643
ENC00744,v7,0.02715788312141121,0.2947854332856296,0.6780566812790546
ENC00747,v7,0.024146069967818838,0.28136112925506407,0.6944927986591093
ENC00748,v7,0.031097169317161808,0.2629390930327085,0.7059637379187804
ENC00749,v7,0.03632070675778847,0.2679386071778916,0.695740683720662
ENC00752,v7,0.019986481072956183,0.29327369881356324,0.686739816261618
ENC00753,v7,0.03105964421335122,0.26541612433350603,0.7035242311332537
ENC00757,v7,0.020835599995701126,0.2899823099098824,0.6891820935739411
ENC00759,v7,0.02988485065491303,0.22128484074188315,0.7488303091215051
ENC00762,v7,0.018561841819124916,0.33276833453112176,0.6486698240041733
ENC00765,v7,0.029054804499326056,0.2899467971955621,0.6809983953487041
ENC00771,v7,0.02557821983161072,0.31049375732739765,0.6639280253857897
ENC00772,v7,0.031712266521100874,0.2656833933757954,0.7026043447558997
ENC00778,v7,0.022129359002360422,0.32808139480841464,0.6497892408798902
ENC00787,v7,0.0232878742094168,0.32190410269979847,0.6548080295324326
ENC00788,v7,0.030497120907150056,0.25721426999994684,0.7122886089646087
ENC00792,v7,0.018506607890280115,0.32787125968449826,0.6536221310899064
ENC00797,v7,0.0175997835273544,0.3210089672356844,0.6613912472190956
ENC00801,v7,0.0,0.3233790171691795,0.6766209799090243
ENC00802,v7,0.026491780906464115,0.3369214668719455,0.6365867476872723
ENC00807,v7,0.0,0.33253791383295145,0.6674620820968239
ENC00808,v7,0.025174750841583486,0.23684492385065234,0.7379803270907015
ENC00812,v7,0.024379967471524593,0.2911411561672726,0.6844788758504775
ENC00813,v7,0.02882585534382434,0.2971110280070986,0.6740631154605321
ENC00815,v7,0.02973124642193932,0.27588268638271646,0.6943860677714201
ENC00830,v7,0.023478905237945064,0.3425556570291519,0.633965436901365
ENC00832,v7,0.0,0.34282743246717884,0.6571725670586933
ENC00838,v7,0.028734120536374592,0.2724497212823165,0.698816156993478
ENC00845,v7,0.02367690462796461,0.35306587311483567,0.6232572231973921
ENC00848,v7,0.025971756738267446,0.2804817293819628,0.6935465194677052
ENC00849,v7,0.03535502245722455,0.26867098186630756,0.695973999099806
ENC00002,v8,0.02908102209346557,0.23806875800594277,0.7328502191316097
ENC00003,v8,0.03497338662812606,0.22191368973036424,0.7431129208945353
ENC00004,v8,0.036604652709856224,0.32290834517360806,0.6404870037023012
ENC00006,v8,0.021696272328531798,0.29330242267594886,0.6850013056626687
ENC00007,v8,0.025765303620607208,0.24836375058517543,0.7258709436709728
ENC00008,v8,0.021613330914474586,0.2698617027962909,0.7085249587893486
ENC00013,v8,0.024369673368378277,0.24151109055663547,0.7341192403849024
ENC00014,v8,0.019475732769289638,0.3865687865599067,0.5939554715842272
ENC00017,v8,0.02740224365102635,0.2864773358133706,0.6861204148241968
ENC00022,v8,0.021544768424654328,0.2793418711370176,0.6991133569060145
ENC00023,v8,0.026146134298876033,0.30357892964537264,0.6702749356099055
ENC00024,v8,0.021135368016125127,0.3006293823095885,0.6782352455637671
ENC00031,v8,0.027895120434242034,0.24157984156982373,0.7305250342114497
ENC00034,v8,0.03022797972023968,0.22043107806514667,0.7493409421495212
ENC00043,v8,0.02145540524312916,0.2991164543976386,0.6794281388322513
ENC00052,v8,0.024196686350147833,0.23155869275700947,0.7442446186030207
ENC00063,v8,0.023302988096384716,0.3174411340068418,0.6592558718530844
ENC00064,v8,0.02073581249388898,0.2757663449979034,0.7034978478633124
ENC00065,v8,0.027578438429402247,0.346651938593676,0.6257696289929652
ENC00067,v8,0.02495999572177728,0.29435087884465855,0.680689127544562
ENC00080,v8,0.027446346055552528,0.2750378450849554,0.6975158059990013
ENC00081,v8,0.024204578309912572,0.28276829638264395,0.6930271270600232
ENC00084,v8,0.022636136728962343,0.2380866920344593,0.7392771716945428
ENC00088,v8,0.025216363767092978,0.24973711339227947,0.7250465213516613
ENC00089,v8,0.02580236255251352,0.2788845729683676,0.6953130623986644
ENC00090,v8,0.028368703192676856,0.19343894476120452,0.7781923526683739
ENC00096,v8,0.030553501227806354,0.2603367023041536,0.7091097993583515
ENC00098,v8,0.02194796870709538,0.30202827213162725,0.6760237622215892
ENC00103,v8,0.01919629325808472,0.2935446054995561,0.6872591053237435
ENC00106,v8,0.0252138990746892,0.3282853440098141,0.6465007592802462
ENC00111,v8,0.023683028113096954,0.3444018396735191,0.6319151287078857
ENC00113,v8,0.0,0.40160660164223777,0.5983933950463931
ENC00121,v8,0.024932463506788568,0.41353182646411435,0.5615357142631654
ENC00125,v8,0.030390648348333913,0.28819036397559583,0.6814189893155058
ENC00128,v8,0.027368152257805877,0.253857529902643,0.7187743160382721
ENC00130,v8,0.032178383251814636,0.2567220286734952,0.7110995877309133
ENC00133,v8,0.041006066653580385,0.23311800546258504,0.7258759296379207
ENC00143,v8,0.025280617034206025,0.27782780199478835,0.696891580381964
ENC00149,v8,0.024994683736521337,0.2803364371260007,0.6946688812403452
ENC00151,v8,0.0,0.33743751075479295,0.6625624905670843
ENC00159,v8,0.021289241195885104,0.25494174306329925,0.7237690117275506
ENC00162,v8,0.024503799023064363,0.3559302415868098,0.6195659559558738
ENC00164,v8,0.021515384499969727,0.2093701819286627,0.7691144355956245
ENC00167,v8,0.023246490951119497,0.30645697116851806,0.6702965384179895
ENC00170,v8,0.028977463290833963,0.24677631149774995,0.724246227021875
ENC00171,v8,0.03004496774190794,0.22090923889823583,0.7490457962388578
ENC00173,v8,0.030195802196182987,0.2731357903396788,0.6966684032077631
ENC00188,v8,0.023194829779677094,0.2863205696642399,0.6904846051335335
ENC00191,v8,0.02569390576155413,0.23525657405455908,0.7390495195275262
ENC00192,v8,0.032336517829786644,0.2962520897689492,0.6714113940193196
ENC00193,v8,0.021120824698300567,0.3523198574548587,0.6265593147836626
ENC00202,v8,0.025590924974826592,0.21950627706708417,0.7549027933014764
ENC00209,v8,0.03105864317698793,0.2312739698605223,0.7376673873309251
ENC00210,v8,0.02969757320408691,0.2656590092853205,0.7046434162863043
ENC00214,v8,0.0,0.3343880112800333,0.6656119896305932
ENC00217,v8,0.025323025636972134,0.28659451616401893,0.6880824554512519
ENC00237,v8,0.02954933593922236,0.2561894704226975,0.7142611956811166
ENC00238,v8,0.025875568976888145,0.23517154311944902,0.7389528915076189
ENC00250,v8,0.025074560205555624,0.21712134855764884,0.7578040873562848
ENC00255,v8,0.024566287224073537,0.30809065448836637,0.667343060271098
ENC00256,v8,0.023971234802156686,0.32843716579675675,0.6475915967226028
ENC00259,v8,0.028040620686332566,0.19249478040621915,0.7794645975489135
ENC00260,v8,0.024972539697963047,0.2618631351042569,0.7131643273481508
ENC00263,v8,0.020437861955964687,0.3194172438426116,0.6601449020744599
ENC00264,v8,0.02694417840729539,0.21071834289110625,0.762337478594138
ENC00267,v8,0.02530340440418632,0.31349411887712164,0.6612024779935353
ENC00270,v8,0.029121697493687725,0.2517824029380625,0.7190959039962653
ENC00271,v8,0.035386790656907995,0.35215279906988145,0.6124604100530798
ENC00272,v8,0.02728710091172683,0.2841886675882119,0.6885242315906065
ENC00275,v8,0.019783316285331518,0.2556523747670536,0.7245643072976515
ENC00289,v8,0.027501333392380426,0.3002072529867291,0.6722914180407922
ENC00291,v8,0.025075724165886642,0.1960725051164627,0.7788517699241638
ENC00292,v8,0.03015188829906817,0.22273206471332482,0.7471160452280726
ENC00294,v8,0.030454623255484956,0.23044853772574325,0.7390968370728377
ENC00296,v8,0.02832785026954585,0.23211693423881866,0.739555213796465
ENC00298,v8,0.025962775409425376,0.28448643372394145,0.6895507904700935
ENC00304,v8,0.02203784282178138,0.2890845847174977,0.6888775722547011
ENC00306,v8,0.026493311192219458,0.32263948362734585,0.6508672048648199
ENC00310,v8,0.02846484504138621,0.25580755242934594,0.7157276061865
ENC00319,v8,0.042647509779459955,0.30339629132429075,0.6539561996429131
ENC00323,v8,0.023648383510692542,0.23672908043462626,0.7396225385682683
ENC00326,v8,0.024036545061611944,0.3027903462961777,0.6731731071300113
ENC00327,v8,0.02341510624979186,0.2745235540566191,0.7020613403446907
ENC00329,v8,0.03556820164464178,0.28967970544620164,0.6747520984638304
ENC00330,v8,0.026742253752717795,0.2379927316849882,0.7352650121223828
ENC00336,v8,0.030581261174132426,0.21858471622069678,0.7508340245485305
ENC00337,v8,0.026339783216012526,0.29351498629454964,0.6801452268878897
ENC00341,v8,0.031279362163671824,0.2768212905693277,0.6918993405649595
ENC00344,v8,0.025920738410725667,0.26159946203648626,0.7124798015489445
ENC00349,v8,0.028033583828238482,0.3000536367450793,0.6719127792058531
ENC00358,v8,0.0,0.3363342689886942,0.663665729559074
ENC00359,v8,0.024246134776622057,0.24999706588685514,0.7257567965984344
ENC00360,v8,0.025950297631789,0.24271831003328165,0.7313313953578472
ENC00362,v8,0.01257663592490145,0.31758376817523903,0.6698395959307663
ENC00368,v8,0.03144932000543035,0.31518752760593854,0.6533631481348522
ENC00372,v8,0.026156220309512347,0.35415671819022726,0.619687061224665
ENC00376,v8,0.02329622548966684,0.2618937668863867,0.7148100085190086
ENC00381,v8,0.027595896269000757,0.26992529227087897,0.7024788111448288
ENC00382,v8,0.030145678059263548,0.3088332012715474,0.6610211264079725
ENC00386,v8,0.029873891547322274,0.2686835125798271,0.701442593619937
ENC00389,v8,0.03256129713263363,0.2987183742846052,0.6687203259517749
ENC00390,v8,0.023832466634633266,0.27021408160175897,0.7059534524394347
ENC00392,v8,0.026148945882561662,0.28672600395622705,0.687125050170081
ENC00393,v8,0.030001319889532457,0.2614365061468417,0.708562176416416
ENC00402,v8,0.02978327381872357,0.30248153775643843,0.6677351871935221
ENC00403,v8,0.02719261998621126,0.2917829371988773,0.6810244441032409
ENC00405,v8,0.022112203552387653,0.267265952937305,0.7106218474606673
ENC00413,v8,0.0244683985695032,0.26626040111735183,0.7092711976114309
ENC00414,v8,0.027770063960023465,0.26808848898978005,0.7041414471403245
ENC00418,v8,0.02662175404119123,0.3202243263727611,0.6531539204501614
ENC00419,v8,0.027873643117635388,0.3459810512387647,0.6261453079966317
ENC00424,v8,0.030270491493865848,0.21720122862255797,0.7525282780516822
ENC00428,v8,0.01828206029662848,0.31911538703035014,0.6626025538804919
ENC00432,v8,0.02586556846665135,0.26955979367467897,0.7045746386718394
ENC00433,v8,0.0186968723972468,0.2699642800817303,0.7113388459277309
ENC00435,v8,0.0,0.3590253846741271,0.6409746154971506
ENC00436,v8,0.025331982905909267,0.312288135366956,0.6623798843818841
ENC00441,v8,0.020680486596398807,0.2920471857222476,0.6872723264287609
ENC00443,v8,0.025178441796639955,0.273265359151845,0.7015561982236728
ENC00444,v8,0.028182928826897703,0.32322421955301406,0.6485928460321528
ENC00451,v8,0.021608711135349352,0.29367996567357196,0.6847113246900322
ENC00453,v8,0.026732066399276708,0.29168213508797414,0.6815857975320383
ENC00457,v8,0.029684875384331323,0.2592737445464501,0.7110413791468511
ENC00459,v8,0.021163052456173045,0.2954498466945464,0.6833871069454378
ENC00461,v8,0.018368187224647652,0.28532433677464725,0.6963074781000614
ENC00462,v8,0.041367623443834316,0.2415725571432508,0.7170598226830476
ENC00444,v8,0.028182928826897703,0.32322421955301406,0.6485928460321528
ENC00449,v8,0.02664750428404659,0.29757229082286357,0.6757802042365074
ENC00451,v8,0.020353314500235156,0.2599049948914322,0.7197416934246075
ENC00453,v8,0.026732066399276708,0.29168213508797414,0.6815857975320383
ENC00457,v8,0.029674392557098417,0.24963279571710972,0.7206928136578777
ENC00459,v8,0.021163052456173045,0.2954498466945464,0.6833871069454378
ENC00461,v8,0.018292366835179135,0.2962498759814337,0.6854577572906718
ENC00462,v8,0.041367623443834316,0.2415725571432508,0.7170598226830476
ENC00463,v8,0.02508346278822624,0.25930878615244884,0.7156077559505191
ENC00464,v8,0.027394072838127614,0.3573594407439232,0.6152464909553528
ENC00465,v8,0.027344718373813262,0.32338354566435173,0.6492717371681543
ENC00469,v8,0.02506787261288417,0.2969476576698454,0.677984470039382
ENC00471,v8,0.023300604357234675,0.304118522822305,0.672580871960999
ENC00474,v8,0.032949458739121064,0.33658314796612243,0.63046739129133
ENC00475,v8,0.01908289180075946,0.25747913254522964,0.7234379751117606
ENC00477,v8,0.023086892768195918,0.3113353681170715,0.6655777349786939
ENC00478,v8,0.023821591245482714,0.20724477343471118,0.7689336362019391
ENC00479,v8,0.031001577205955984,0.26806356126070024,0.7009348645210266
ENC00482,v8,0.02655972593227431,0.24188004853943038,0.7315602226862832
ENC00489,v8,0.030734243091761267,0.21881512446062906,0.7504506318696907
ENC00490,v8,0.016257620893036392,0.3240675882294478,0.659674789929232
ENC00492,v8,0.02744610720284043,0.27674236404959873,0.6958115245065382
ENC00511,v8,0.026527543366655595,0.24701049453333804,0.7264619624256191
ENC00513,v8,0.021420469541927098,0.28210608349716076,0.6964734492243313
ENC00519,v8,0.02611252846369563,0.30090700710813206,0.6729804653992024
ENC00524,v8,0.027627484338118298,0.23434706998638588,0.738025439847814
ENC00529,v8,0.019862749596249382,0.25908681047412585,0.7210504325493327
ENC00538,v8,0.027539717090614844,0.25436266958010645,0.7180976035459986
ENC00543,v8,0.028541312756992523,0.2756863932524409,0.6957722993124099
ENC00548,v8,0.02411470392230645,0.235066314779439,0.7408189854575592
ENC00550,v8,0.024653920639507675,0.2644634486452953,0.7108826294944093
ENC00559,v8,0.02730477569670773,0.20425551161629918,0.7684397108760881
ENC00562,v8,0.02623223470341738,0.2434808772219264,0.7302868874824565
ENC00563,v8,0.03205086440317521,0.2941144016735694,0.6738347331015002
ENC00571,v8,0.024048343243632923,0.3411627241263264,0.6347889314618027
ENC00573,v8,0.01973187693564052,0.2984129447151314,0.6818551770665429
ENC00575,v8,0.02478534510542809,0.24612827625283054,0.7290863776710671
ENC00577,v8,0.024845563130489048,0.3081080103293061,0.6670464260073808
ENC00580,v8,0.02921394468766862,0.20210147808338033,0.7686845752699621
ENC00581,v8,0.01926818658933925,0.28451074470253385,0.6962210706176137
ENC00587,v8,0.021603124833912874,0.28674378453874266,0.6916530904721241
ENC00590,v8,0.028419904136431536,0.22194333873423083,0.749636755191854
ENC00591,v8,0.03374323613530436,0.2755560754955589,0.6907006873712911
ENC00592,v8,0.028506476994393008,0.19863359429785665,0.7728599267748167
ENC00596,v8,0.022537543808243105,0.2377257052915437,0.7397367522546223
ENC00598,v8,0.024255398424660287,0.23174594687979397,0.7439986524058552
ENC00600,v8,0.02381490098002056,0.2794938820724686,0.6966912187635899
ENC00606,v8,0.02871661880684985,0.27779635995373886,0.6934870268076153
ENC00608,v8,0.02631161249193706,0.2265289705246687,0.7471594188950563
ENC00620,v8,0.02424439671624424,0.2375970744436845,0.7381585318791238
ENC00631,v8,0.027451008411676244,0.2546652758976928,0.7178837198902059
ENC00637,v8,0.023875516436591342,0.3358895040310181,0.6402349842561258
ENC00640,v8,0.02553674728235068,0.3187045053295467,0.6557587456444035
ENC00643,v8,0.024439341775229516,0.3892566687515322,0.5863039856249431
ENC00657,v8,0.016655716375925212,0.3144154794702009,0.6689288060204321
ENC00661,v8,0.019271501527870435,0.27420391972389135,0.7065245760114569
ENC00665,v8,0.02465188436021286,0.26469839859258876,0.7106497162705535
ENC00667,v8,0.03139400092653767,0.23328526035277514,0.7353207349342151
ENC00671,v8,0.016164704174956395,0.3308690850933393,0.6529662106718336
ENC00694,v8,0.023883495395919226,0.29817752278334386,0.6779389757293839
ENC00696,v8,0.022182404163701475,0.2945059097010242,0.6833116882596134
ENC00697,v8,0.02791885479961579,0.2879101437877636,0.6841710015219085
ENC00711,v8,0.02170327358962551,0.2885574572789135,0.6897392695519462
ENC00717,v8,0.02442902289514773,0.3241651772864555,0.6514057913108876
ENC00720,v8,0.025195253181715158,0.24661240329809278,0.7281923475109529
ENC00721,v8,0.021330878810746776,0.2686596906353389,0.7100094287626205
ENC00727,v8,0.02324942407793686,0.2570089152479758,0.7197416590862586
ENC00729,v8,0.029482809143315115,0.2737310739944307,0.6967861148522054
ENC00730,v8,0.024218780984697135,0.3540227332840795,0.6217584920966107
ENC00734,v8,0.02706969450809993,0.28805087675573304,0.6848794301040471
ENC00744,v8,0.027246055416762827,0.3081678809225559,0.6645860669016838
ENC00747,v8,0.02398420008830726,0.2702269924127243,0.7057888020168651
ENC00748,v8,0.030142365283250403,0.2511845181385676,0.7186731201450841
ENC00749,v8,0.039827555443884596,0.25129445923699273,0.7088779906431834
ENC00752,v8,0.020323278951989716,0.28899612684141507,0.6906805890650789
ENC00753,v8,0.029903368443250655,0.28440267235040667,0.6856939586400985
ENC00757,v8,0.021204033058582462,0.2955655024474503,0.6832304675864358
ENC00759,v8,0.029429895424982533,0.21848172805039212,0.7520883763208985
ENC00762,v8,0.022913351180031894,0.28955112129449845,0.687535529434681
ENC00765,v8,0.02677476629433991,0.27930828343028,0.6939169469388943
ENC00771,v8,0.02420435460737428,0.23678248999892054,0.7390131566438589
ENC00772,v8,0.033918199133795665,0.24352378271660716,0.7225580215454102
ENC00778,v8,0.023042200607181127,0.3008091829584113,0.6761486160435847
ENC00787,v8,0.022765712205772146,0.3113403456906478,0.665893944826993
ENC00788,v8,0.029042027437955968,0.22956986321757236,0.7413881050629748
ENC00792,v8,0.01789707162727912,0.3358189579682285,0.646283973641947
ENC00797,v8,0.018809504154584527,0.29690815531648695,0.6842823366944989
ENC00801,v8,0.0,0.3723003618126991,0.62769963490028
ENC00802,v8,0.027131970206807767,0.26199768596727935,0.7108703420630523
ENC00807,v8,0.0,0.29807121212835663,0.7019287866574747
ENC00808,v8,0.025351772789096783,0.20441422873168938,0.7702340025547122
ENC00812,v8,0.023755354001064245,0.2844459613000876,0.6917986850205221
ENC00813,v8,0.03053822131059541,0.2603642374538539,0.709097539123736
ENC00815,v8,0.03564291107223222,0.2760855077128661,0.6882715745976097
ENC00830,v8,0.02538064353876124,0.24687731290651746,0.7277420507974861
ENC00832,v8,0.0,0.32705588120001333,0.6729441150471016
ENC00838,v8,0.02759929284416508,0.28724009071541307,0.6851606155090993
ENC00845,v8,0.02559413569413613,0.34226166867764196,0.6321442010246705
ENC00848,v8,0.023954258552778548,0.23749342317057548,0.7385523235686472
ENC00849,v8,0.0352862471428055,0.27552978442265436,0.6891839680763391
